arc,order,series,issue,volume,year,owned
2099,1,The Amazing Spider-Man,32,2018,2019,1
2099,2,The Amazing Spider-Man,33,2018,2020,1
2099,3,The Amazing Spider-Man,34,2018,2020,1
2099,4,2099 Alpha,1,2019,2020,0
2099,5,Conan 2099,1,2019,2020,0
2099,6,Doom 2099,1,2019,2020,0
2099,7,Fantastic Four 2099,1,2019,2020,0
2099,8,Ghost Rider 2099,1,2019,2020,0
2099,9,The Punisher 2099,1,2019,2020,0
2099,10,Venom 2099,1,2019,2020,0
2099,11,The Amazing Spider-Man,35,2018,2020,1
2099,12,The Amazing Spider-Man,36,2018,2020,1
2099,13,Spider-Man 2099,1,2019,2020,0
2099,14,2099 Omega,1,2019,2020,0
52,1,52,1,2006,2006,0
52,2,52/WW III,1,2007,2007,0
52,3,52,2,2006,2006,0
52,4,52/WW III,2,2007,2007,0
52,5,52,3,2006,2006,0
52,6,52/WW III,3,2007,2007,0
52,7,52,4,2006,2006,0
52,8,52,5,2006,2006,0
52,9,52,6,2006,2006,0
52,10,52,7,2006,2006,0
52,11,52,8,2006,2006,0
52,12,52,9,2006,2006,0
52,13,52,10,2006,2006,0
52,14,52,11,2006,2006,0
52,15,52,12,2006,2006,0
52,16,52,13,2006,2006,0
52,17,52,14,2006,2006,0
52,18,52,15,2006,2006,0
52,19,52,16,2006,2006,0
52,20,52,17,2006,2006,0
52,21,52,18,2006,2006,0
52,22,52,19,2006,2006,0
52,23,52,20,2006,2006,0
52,24,52,21,2006,2006,0
52,25,52,22,2006,2006,0
52,26,52,23,2006,2006,0
52,27,52,24,2006,2006,0
52,28,52,25,2006,2006,0
52,29,52,26,2006,2006,0
52,30,52,27,2006,2006,0
52,31,52,28,2006,2006,0
52,32,52,29,2006,2006,0
52,33,52,30,2006,2006,0
52,34,52,31,2006,2006,0
52,35,52,32,2006,2006,0
52,36,52,33,2006,2006,0
52,37,52,34,2006,2006,0
52,38,52,35,2006,2007,0
52,39,52,36,2006,2007,0
52,40,52,37,2006,2007,0
52,41,52,38,2006,2007,0
52,42,52,39,2006,2007,0
52,43,52,40,2006,2007,0
52,44,52,41,2006,2007,0
52,45,52,42,2006,2007,0
52,46,52,43,2006,2007,0
52,47,52,44,2006,2007,0
52,48,52,45,2006,2007,0
52,49,52,46,2006,2007,0
52,50,52,47,2006,2007,0
52,51,52,48,2006,2007,0
52,52,52,49,2006,2007,0
52,53,52,50,2006,2007,0
52,54,52,51,2006,2007,0
52,55,52,52,2006,2007,0
52,56,Crime Bible: The Five Lessons of Blood,1,2007,2007,0
52,57,52 Aftermath: The Four Horsemen,1,2007,2007,0
52,58,Crime Bible: The Five Lessons of Blood,2,2007,2008,0
52,59,52 Aftermath: The Four Horsemen,2,2007,2007,0
52,60,52 Aftermath: The Four Horsemen,3,2007,2007,0
52,61,52 Aftermath: The Four Horsemen,4,2007,2008,0
A.X.E.: Judgment Day,1,Free Comic Book Day 2022: Avengers/X-Men,1,2022,2022,0
A.X.E.: Judgment Day,2,A.X.E.: Eve of Judgment,1,2022,2022,1
A.X.E.: Judgment Day,3,A.X.E.: Judgment Day,1,2022,2022,1
A.X.E.: Judgment Day,4,X-Men: Red,5,2022,2022,1
A.X.E.: Judgment Day,5,Immortal X-Men,5,2022,2022,1
A.X.E.: Judgment Day,6,A.X.E.: Judgment Day,2,2022,2022,1
A.X.E.: Judgment Day,7,A.X.E.: Death to the Mutants,1,2022,2022,1
A.X.E.: Judgment Day,8,X-Force,30,2020,2022,1
A.X.E.: Judgment Day,9,X-Men,13,2021,2022,1
A.X.E.: Judgment Day,10,A.X.E.: Judgment Day,3,2022,2022,1
A.X.E.: Judgment Day,11,A.X.E.: Death to the Mutants,2,2022,2022,1
A.X.E.: Judgment Day,12,X-Men,14,2021,2022,1
A.X.E.: Judgment Day,13,Wolverine,24,2020,2022,1
A.X.E.: Judgment Day,14,Wolverine,25,2020,2022,1
A.X.E.: Judgment Day,15,X-Force,31,2020,2022,1
A.X.E.: Judgment Day,16,X-Force,32,2020,2022,1
A.X.E.: Judgment Day,17,X-Force,33,2020,2022,1
A.X.E.: Judgment Day,18,Immortal X-Men,6,2022,2022,1
A.X.E.: Judgment Day,19,X-Men: Red,6,2022,2022,1
A.X.E.: Judgment Day,20,A.X.E.: Iron Fist,1,2022,2022,1
A.X.E.: Judgment Day,21,Avengers,60,2018,2022,1
A.X.E.: Judgment Day,22,Fantastic Four,47,2018,2022,1
A.X.E.: Judgment Day,23,Fantastic Four,48,2018,2022,1
A.X.E.: Judgment Day,24,The Amazing Spider-Man,10,2022,2022,1
A.X.E.: Judgment Day,25,Captain Marvel,42,2019,2022,1
A.X.E.: Judgment Day,26,A.X.E.: Judgment Day,4,2022,2022,1
A.X.E.: Judgment Day,27,X-Men: Red,7,2022,2022,1
A.X.E.: Judgment Day,28,Legion of X,6,2022,2022,1
A.X.E.: Judgment Day,29,Marauders,6,2022,2022,1
A.X.E.: Judgment Day,30,A.X.E.: Judgment Day,5,2022,2022,1
A.X.E.: Judgment Day,31,Immortal X-Men,7,2022,2022,1
A.X.E.: Judgment Day,32,A.X.E.: Death to the Mutants,3,2022,2022,1
A.X.E.: Judgment Day,33,A.X.E.: Starfox,1,2022,2022,1
A.X.E.: Judgment Day,34,A.X.E.: Avengers,1,2022,2022,1
A.X.E.: Judgment Day,35,A.X.E.: X-Men,1,2022,2022,1
A.X.E.: Judgment Day,36,A.X.E.: Eternals,1,2022,2022,1
A.X.E.: Judgment Day,37,A.X.E.: Judgment Day,6,2022,2022,1
A.X.E.: Judgment Day,38,A.X.E.: Judgment Day Omega,1,2023,2023,0
Absolute Carnage,1,Free Comic Book Day 2019 (Spider-Man/Venom),1,2019,2019,0
Absolute Carnage,2,Absolute Carnage: Symbiote of Vengeance,1,2019,2019,0
Absolute Carnage,3,Venom,15,2018,2019,1
Absolute Carnage,4,Symbiote Spider-Man,3,2019,2019,0
Absolute Carnage,5,Deadpool,14,2018,2019,1
Absolute Carnage,6,The Amazing Spider-Man,24,2018,2019,1
Absolute Carnage,7,Fantastic Four,11,2018,2019,1
Absolute Carnage,8,The Immortal Hulk,20,2018,2019,0
Absolute Carnage,9,Black Cat,2,2019,2019,1
Absolute Carnage,10,Venom,16,2018,2019,1
Absolute Carnage,11,Captain Marvel,8,2019,2019,1
Absolute Carnage,12,Invaders,7,2019,2019,0
Absolute Carnage,13,Avengers,22,2018,2019,1
Absolute Carnage,14,Absolute Carnage: Symbiote Spider-Man,1,2019,2019,0
Absolute Carnage,15,Absolute Carnage: Separation Anxiety,1,2019,2019,0
Absolute Carnage,16,Absolute Carnage: Weapon Plus,1,2019,2020,0
Absolute Carnage,17,Absolute Carnage,1,2019,2019,0
Absolute Carnage,18,Absolute Carnage,2,2019,2019,0
Absolute Carnage,19,Venom,17,2018,2019,1
Absolute Carnage,20,Absolute Carnage: Miles Morales,1,2019,2019,0
Absolute Carnage,21,Absolute Carnage: Miles Morales,2,2019,2019,0
Absolute Carnage,22,Absolute Carnage: Miles Morales,3,2019,2019,0
Absolute Carnage,23,Absolute Carnage: Lethal Protectors,1,2019,2019,0
Absolute Carnage,24,Absolute Carnage: Lethal Protectors,2,2019,2019,0
Absolute Carnage,25,Absolute Carnage: Lethal Protectors,3,2019,2019,0
Absolute Carnage,26,Absolute Carnage vs. Deadpool,1,2019,2019,0
Absolute Carnage,27,Absolute Carnage vs. Deadpool,2,2019,2019,0
Absolute Carnage,28,Absolute Carnage vs. Deadpool,3,2019,2019,0
Absolute Carnage,29,Absolute Carnage: Scream,1,2019,2019,0
Absolute Carnage,30,Absolute Carnage: Scream,2,2019,2019,0
Absolute Carnage,31,Absolute Carnage: Scream,3,2019,2019,0
Absolute Carnage,32,Absolute Carnage: Avengers,1,2019,2019,0
Absolute Carnage,33,Venom,18,2018,2019,1
Absolute Carnage,34,Venom,19,2018,2019,1
Absolute Carnage,35,Absolute Carnage,3,2019,2019,0
Absolute Carnage,36,Absolute Carnage: Immortal Hulk,1,2019,2019,0
Absolute Carnage,37,Absolute Carnage,4,2019,2019,0
Absolute Carnage,38,The Amazing Spider-Man,30,2018,2019,1
Absolute Carnage,39,The Amazing Spider-Man,31,2018,2019,1
Absolute Carnage,40,Absolute Carnage: Captain Marvel,1,2019,2020,0
Absolute Carnage,41,Absolute Carnage,5,2019,2020,0
Absolute Carnage,42,Venom,20,2018,2020,1
Absolute Power,1,Free Comic Book Day 2024: Absolute Power Special Edition,1,2024,2024,0
Absolute Power,2,Absolute Power: Ground Zero,1,2024,2024,1
Absolute Power,3,Absolute Power,1,2024,2024,1
Absolute Power,4,Wonder Woman,11,2023,2024,1
Absolute Power,5,Absolute Power: Task Force VII,1,2024,2024,1
Absolute Power,6,Batman,150,2016,2024,1
Absolute Power,7,Superman,16,2023,2024,1
Absolute Power,8,Green Arrow,14,2023,2024,1
Absolute Power,9,Green Lantern,13,2023,2024,0
Absolute Power,10,Absolute Power: Task Force VII,2,2024,2024,0
Absolute Power,11,Absolute Power: Task Force VII,3,2024,2024,0
Absolute Power,12,Absolute Power: Origins,1,2024,2024,0
Absolute Power,13,Absolute Power,2,2024,2024,0
Absolute Power,14,Green Lantern,14,2023,2024,0
Absolute Power,15,Green Arrow,15,2023,2024,1
Absolute Power,16,Absolute Power: Task Force VII,4,2024,2024,0
Absolute Power,17,Absolute Power: Task Force VII,5,2024,2024,0
Absolute Power,18,Absolute Power: Origins,2,2024,2024,0
Absolute Power,19,Wonder Woman,12,2023,2024,1
Absolute Power,20,Batman,151,2016,2024,1
Absolute Power,21,Batman,152,2016,2024,1
Absolute Power,22,Absolute Power,3,2024,2024,0
Absolute Power,23,Green Lantern,15,2023,2024,0
Absolute Power,24,Absolute Power: Task Force VII,6,2024,2024,0
Absolute Power,25,Absolute Power: Super Son,1,2024,2024,0
Absolute Power,26,Wonder Woman,13,2023,2024,1
Absolute Power,27,Superman,18,2023,2024,1
Absolute Power,28,Green Arrow,16,2023,2024,1
Absolute Power,29,Absolute Power: Task Force VII,7,2024,2024,0
Absolute Power,30,Absolute Power: Origins,3,2024,2024,0
Absolute Power,31,Absolute Power,4,2024,2024,0
Absolute Power,32,DC All In Special,1,2024,2024,0
Absolute Power,33,Superman,17,2023,2024,1
Age of Revelation,1,X-Men: Age of Revelation,0,2025,2025,1
Age of Revelation,2,X-Men: Age of Revelation Overture,1,2025,2025,1
Age of Revelation,3,Amazing X-Men,1,2025,2025,0
Age of Revelation,4,Binary,1,2025,2025,1
Age of Revelation,5,Laura Kinney: Sabretooth,1,2025,2025,0
Age of Revelation,6,Longshots,1,2025,2025,0
Age of Revelation,7,World of Revelation,1,2025,2025,0
Age of Revelation,8,Iron & Frost,1,2025,2025,1
Age of Revelation,9,Rogue Storm,1,2025,2025,1
Age of Revelation,10,Sinister's Six,1,2025,2025,1
Age of Revelation,11,Unbreakable X-Men,1,2025,2025,1
Age of Revelation,12,Omega Kids,1,2025,2025,1
Age of Revelation,13,Radioactive Spider-Man,1,2025,2025,1
Age of Revelation,14,The Last Wolverine,1,2025,2025,1
Age of Revelation,15,X-Men: Book of Revelation,1,2025,2025,1
Age of Revelation,16,Cloak or Dagger,1,2025,2025,1
Age of Revelation,17,Expatriate X-Men,1,2025,2025,1
Age of Revelation,18,Undeadpool,1,2025,2025,1
Age of Revelation,19,X-Vengers,1,2025,2025,1
Age of Revelation,20,Amazing X-Men,2,2025,2025,0
Age of Revelation,21,Binary,2,2025,2025,1
Age of Revelation,22,Laura Kinney: Sabretooth,2,2025,2025,1
Age of Revelation,23,Longshots,2,2025,2025,1
Age of Revelation,24,Iron & Frost,2,2025,2025,0
Age of Revelation,25,Rogue Storm,2,2025,2025,0
Age of Revelation,26,Sinister's Six,2,2025,2025,0
Age of Revelation,27,Unbreakable X-Men,2,2025,2025,0
Age of Revelation,28,Omega Kids,2,2025,2025,1
Age of Revelation,29,Radioactive Spider-Man,2,2025,2025,0
Age of Revelation,30,The Last Wolverine,2,2025,2025,0
Age of Revelation,31,X-Men: Book of Revelation,2,2025,2025,0
Age of Revelation,32,Cloak or Dagger,2,2025,2025,1
Age of Revelation,33,Expatriate X-Men,2,2025,2025,0
Age of Revelation,34,Undeadpool,2,2025,2025,1
Age of Revelation,35,X-Vengers,2,2025,2025,0
Age of Revelation,36,Amazing X-Men,3,2025,2025,0
Age of Revelation,37,Binary,3,2025,2025,1
Age of Revelation,38,Laura Kinney: Sabretooth,3,2025,2025,1
Age of Revelation,39,Longshots,3,2025,2025,1
Age of Revelation,40,Iron & Frost,3,2025,2025,1
Age of Revelation,41,Rogue Storm,3,2025,2025,0
Age of Revelation,42,Sinister's Six,3,2025,2025,1
Age of Revelation,43,Unbreakable X-Men,3,2025,2025,1
Age of Revelation,44,Omega Kids,3,2025,2025,1
Age of Revelation,45,Radioactive Spider-Man,3,2025,2025,0
Age of Revelation,46,The Last Wolverine,3,2025,2025,1
Age of Revelation,47,X-Men: Book of Revelation,3,2025,2025,0
Age of Revelation,48,Cloak or Dagger,3,2025,2025,1
Age of Revelation,49,Expatriate X-Men,3,2025,2025,1
Age of Revelation,50,Undeadpool,3,2025,2025,1
Age of Revelation,51,X-Vengers,3,2025,2025,1
Age of Revelation,52,X-Men: Age of Revelation Finale,1,2025,2025,0
Age of Ultron,1,Avengers Assemble,14AU,2012,2013,0
Age of Ultron,2,Avengers Assemble,15AU,2012,2013,0
Age of Ultron,3,Fantastic Four,5AU,2013,2013,0
Age of Ultron,4,Age of Ultron,1,2013,2013,0
Age of Ultron,5,Age of Ultron,2,2013,2013,0
Age of Ultron,6,Superior Spider-Man,6AU,2013,2013,0
Age of Ultron,7,Age of Ultron,3,2013,2013,0
Age of Ultron,8,Age of Ultron,4,2013,2013,0
Age of Ultron,9,Ultron,1AU,2013,2013,0
Age of Ultron,10,Age of Ultron,5,2013,2013,0
Age of Ultron,11,Wolverine & the X-Men,27AU,2011,2013,0
Age of Ultron,12,Age of Ultron,6,2013,2013,0
Age of Ultron,13,Fearless Defenders,4AU,2013,2013,0
Age of Ultron,14,Uncanny Avengers,8AU,2012,2013,0
Age of Ultron,15,Age of Ultron,7,2013,2013,0
Age of Ultron,16,Age of Ultron,8,2013,2013,0
Age of Ultron,17,Age of Ultron,9,2013,2013,0
Age of Ultron,18,Age of Ultron,10,2013,2013,0
Age of Ultron,19,Age of Ultron,10AI,2013,2013,0
Age of X-Man,1,Uncanny X-Men,1,2018,2019,1
Age of X-Man,2,Uncanny X-Men,2,2018,2019,1
Age of X-Man,3,Uncanny X-Men,3,2018,2019,1
Age of X-Man,4,Uncanny X-Men,4,2018,2019,1
Age of X-Man,5,Uncanny X-Men,5,2018,2019,1
Age of X-Man,6,Uncanny X-Men,6,2018,2019,1
Age of X-Man,7,Uncanny X-Men,7,2018,2019,1
Age of X-Man,8,Uncanny X-Men,8,2018,2019,1
Age of X-Man,9,Uncanny X-Men,9,2018,2019,1
Age of X-Man,10,Uncanny X-Men,10,2018,2019,1
Age of X-Man,11,Age of X-Man Alpha,1,2019,2019,0
Age of X-Man,12,Age of X-Man: The Marvelous X-Men,1,2019,2019,0
Age of X-Man,13,Age of X-Man: NextGen,1,2019,2019,0
Age of X-Man,14,Age of X-Man: The Amazing Nightcrawler,1,2019,2019,0
Age of X-Man,15,Age of X-Man: X-Tremists,1,2019,2019,0
Age of X-Man,16,Age of X-Man: Prisoner X,1,2019,2019,0
Age of X-Man,17,Age of X-Man: Apocalypse and the X-Tracts,1,2019,2019,0
Age of X-Man,18,Age of X-Man: The Marvelous X-Men,2,2019,2019,0
Age of X-Man,19,Age of X-Man: The Marvelous X-Men,3,2019,2019,0
Age of X-Man,20,Age of X-Man: The Marvelous X-Men,4,2019,2019,0
Age of X-Man,21,Age of X-Man: The Marvelous X-Men,5,2019,2019,0
Age of X-Man,22,Age of X-Man: NextGen,2,2019,2019,0
Age of X-Man,23,Age of X-Man: NextGen,3,2019,2019,0
Age of X-Man,24,Age of X-Man: NextGen,4,2019,2019,0
Age of X-Man,25,Age of X-Man: NextGen,5,2019,2019,0
Age of X-Man,26,Age of X-Man: The Amazing Nightcrawler,2,2019,2019,0
Age of X-Man,27,Age of X-Man: The Amazing Nightcrawler,3,2019,2019,0
Age of X-Man,28,Age of X-Man: The Amazing Nightcrawler,4,2019,2019,0
Age of X-Man,29,Age of X-Man: The Amazing Nightcrawler,5,2019,2019,0
Age of X-Man,30,Age of X-Man: X-Tremists,2,2019,2019,0
Age of X-Man,31,Age of X-Man: X-Tremists,3,2019,2019,0
Age of X-Man,32,Age of X-Man: X-Tremists,4,2019,2019,0
Age of X-Man,33,Age of X-Man: X-Tremists,5,2019,2019,0
Age of X-Man,34,Age of X-Man: Prisoner X,2,2019,2019,0
Age of X-Man,35,Age of X-Man: Prisoner X,3,2019,2019,0
Age of X-Man,36,Age of X-Man: Prisoner X,4,2019,2019,0
Age of X-Man,37,Age of X-Man: Prisoner X,5,2019,2019,0
Age of X-Man,38,Age of X-Man: Apocalypse and the X-Tracts,2,2019,2019,0
Age of X-Man,39,Age of X-Man: Apocalypse and the X-Tracts,3,2019,2019,0
Age of X-Man,40,Age of X-Man: Apocalypse and the X-Tracts,4,2019,2019,0
Age of X-Man,41,Age of X-Man: Apocalypse and the X-Tracts,5,2019,2019,0
Age of X-Man,42,Age of X-Man Omega,1,2019,2019,0
Age of X,1,Age of X: Alpha,1,2011,2011,0
Age of X,2,X-Men: Legacy,245,2008,2011,0
Age of X,3,New Mutants,22,2009,2011,1
Age of X,4,X-Men: Legacy,246,2008,2011,1
Age of X,5,New Mutants,23,2009,2011,1
Age of X,6,X-Men: Legacy,247,2008,2011,1
Age of X,7,New Mutants,24,2009,2011,1
Age of X,8,Age of X: Universe,1,2011,2011,0
Age of X,9,Age of X: Universe,2,2011,2011,0
Age of X,10,X-Men: Legacy,248,2008,2011,0
Age of X,11,X-Men: Legacy,249,2008,2011,1
Alien Costume Saga,1,The Amazing Spider-Man,252,1963,1984,0
Alien Costume Saga,2,Marvel Team-Up,141,1972,1984,0
Alien Costume Saga,3,"Peter Parker, the Spectacular Spider-Man",90,1980,1984,0
Alien Costume Saga,4,The Amazing Spider-Man,253,1963,1984,0
Alien Costume Saga,5,"Peter Parker, the Spectacular Spider-Man",91,1980,1984,0
Alien Costume Saga,6,The Amazing Spider-Man,254,1963,1984,0
Alien Costume Saga,7,"Peter Parker, the Spectacular Spider-Man",92,1980,1984,0
Alien Costume Saga,8,Marvel Team-Up,142,1972,1984,0
Alien Costume Saga,9,Marvel Team-Up,143,1972,1984,0
Alien Costume Saga,10,The Amazing Spider-Man,255,1963,1984,0
Alien Costume Saga,11,Marvel Team-Up Annual,7,1976,1984,0
Alien Costume Saga,12,"Peter Parker, the Spectacular Spider-Man",93,1980,1984,0
Alien Costume Saga,13,Marvel Team-Up,144,1972,1984,0
Alien Costume Saga,14,"Peter Parker, the Spectacular Spider-Man",94,1980,1984,0
Alien Costume Saga,15,"Peter Parker, the Spectacular Spider-Man",95,1980,1984,0
Alien Costume Saga,16,Marvel Team-Up,145,1972,1984,0
Alien Costume Saga,17,The Amazing Spider-Man,256,1963,1984,0
Alien Costume Saga,18,The Amazing Spider-Man,257,1963,1984,0
Alien Costume Saga,19,The Amazing Spider-Man,258,1963,1984,0
Alien Costume Saga,20,Marvel Team-Up,146,1972,1984,0
Alien Costume Saga,21,The Spectacular Spider-Man Annual,4,1979,1984,0
Alien Costume Saga,22,The Amazing Spider-Man,259,1963,1984,0
Alien Costume Saga,23,"Peter Parker, the Spectacular Spider-Man",96,1980,1984,0
Alien Costume Saga,24,"Peter Parker, the Spectacular Spider-Man",97,1980,1984,0
Alien Costume Saga,25,Marvel Team-Up,147,1972,1984,0
Alien Costume Saga,26,Marvel Team-Up,148,1972,1984,0
Alien Costume Saga,27,The Amazing Spider-Man Annual,18,1964,1984,0
Alien Costume Saga,28,The Amazing Spider-Man,260,1963,1985,0
Alien Costume Saga,29,The Amazing Spider-Man,261,1963,1985,0
Alien Costume Saga,30,"Peter Parker, the Spectacular Spider-Man",98,1980,1985,0
Alien Costume Saga,31,Marvel Team-Up,149,1972,1985,0
Alien Costume Saga,32,The Amazing Spider-Man,262,1963,1985,0
Alien Costume Saga,33,"Peter Parker, the Spectacular Spider-Man",99,1980,1985,0
Alien Costume Saga,34,Marvel Team-Up,150,1972,1985,0
Alien Costume Saga,35,The Amazing Spider-Man,263,1963,1985,0
Alien Costume Saga,36,"Peter Parker, the Spectacular Spider-Man",100,1980,1985,0
Alien Costume Saga,37,Web of Spider-Man,1,1985,1985,0
Alien Costume Saga,38,"Peter Parker, the Spectacular Spider-Man",101,1980,1985,0
Alien Costume Saga,39,Web of Spider-Man,2,1985,1985,0
Alien Costume Saga,40,"Peter Parker, the Spectacular Spider-Man",102,1980,1985,0
Alien Costume Saga,41,The Amazing Spider-Man,264,1963,1985,0
Alien Costume Saga,42,Web of Spider-Man,3,1985,1985,0
Alien Costume Saga,43,The Amazing Spider-Man,265,1963,1985,0
Alien Costume Saga,44,"Peter Parker, the Spectacular Spider-Man",103,1980,1985,0
Alien Costume Saga,45,The Amazing Spider-Man,266,1963,1985,0
Alien Costume Saga,46,Web of Spider-Man,4,1985,1985,0
Alien Costume Saga,47,"Peter Parker, the Spectacular Spider-Man",104,1980,1985,0
Alien Costume Saga,48,The Amazing Spider-Man,267,1963,1985,0
Alien Costume Saga,49,Web of Spider-Man,5,1985,1985,0
Alien Costume Saga,50,"Peter Parker, the Spectacular Spider-Man",105,1980,1985,0
Alien Costume Saga,51,"Peter Parker, the Spectacular Spider-Man",106,1980,1985,0
Amazons Attack,1,Wonder Woman,6,2006,2007,1
Amazons Attack,2,Wonder Woman,7,2006,2007,1
Amazons Attack,3,Wonder Woman,8,2006,2007,1
Amazons Attack,4,Amazons Attack!,1,2007,2007,0
Amazons Attack,5,Wonder Woman,9,2006,2007,1
Amazons Attack,6,Amazons Attack!,2,2007,2007,0
Amazons Attack,7,Wonder Woman,10,2006,2007,1
Amazons Attack,8,Amazons Attack!,3,2007,2007,0
Amazons Attack,9,Teen Titans,48,2003,2007,0
Amazons Attack,10,Teen Titans,49,2003,2007,0
Amazons Attack,11,Amazons Attack!,4,2007,2007,0
Amazons Attack,12,Catwoman,69,2002,2007,0
Amazons Attack,13,Catwoman,70,2002,2007,1
Amazons Attack,14,Supergirl,20,2005,2007,0
Amazons Attack,15,Wonder Woman,11,2006,2007,1
Amazons Attack,16,Amazons Attack!,5,2007,2007,0
Amazons Attack,17,Amazons Attack!,6,2007,2007,0
Amazons Attack,18,Wonder Woman,12,2006,2007,1
Amazons Attack,19,Wonder Woman,13,2006,2007,1
Annihilation- Conquest,1,Annihilation Saga,1,2007,2007,0
Annihilation- Conquest,2,Annihilation Conquest: Prologue,1,2007,2007,0
Annihilation- Conquest,3,Annihilation: Conquest - Starlord,1,2007,2007,0
Annihilation- Conquest,4,Annihilation: Conquest - Starlord,2,2007,2007,0
Annihilation- Conquest,5,Annihilation: Conquest - Starlord,3,2007,2007,0
Annihilation- Conquest,6,Annihilation: Conquest - Starlord,4,2007,2007,0
Annihilation- Conquest,7,Annihilation: Conquest - Quasar,1,2007,2007,0
Annihilation- Conquest,8,Annihilation: Conquest - Quasar,2,2007,2007,0
Annihilation- Conquest,9,Annihilation: Conquest - Quasar,3,2007,2007,0
Annihilation- Conquest,10,Annihilation: Conquest - Quasar,4,2007,2007,0
Annihilation- Conquest,11,Annihilation: Conquest - Wraith,1,2007,2007,0
Annihilation- Conquest,12,Annihilation: Conquest - Wraith,2,2007,2007,0
Annihilation- Conquest,13,Annihilation: Conquest - Wraith,3,2007,2007,0
Annihilation- Conquest,14,Annihilation: Conquest - Wraith,4,2007,2007,0
Annihilation- Conquest,15,Nova,4,2007,2007,1
Annihilation- Conquest,16,Nova,5,2007,2007,1
Annihilation- Conquest,17,Nova,6,2007,2007,1
Annihilation- Conquest,18,Nova,7,2007,2007,1
Annihilation- Conquest,19,Annihilation: Conquest,1,2008,2008,0
Annihilation- Conquest,20,Annihilation: Conquest,2,2008,2008,0
Annihilation- Conquest,21,Nova,8,2007,2008,0
Annihilation- Conquest,22,Nova,9,2007,2008,0
Annihilation- Conquest,23,Nova,10,2007,2008,1
Annihilation- Conquest,24,Nova Annual,1,2008,2008,0
Annihilation- Conquest,25,Annihilation: Conquest,3,2008,2008,0
Annihilation- Conquest,26,Annihilation: Conquest,4,2008,2008,0
Annihilation- Conquest,27,Annihilation: Conquest,5,2008,2008,0
Annihilation- Conquest,28,Nova,11,2007,2008,1
Annihilation- Conquest,29,Nova,12,2007,2008,0
Annihilation- Conquest,30,Annihilation: Conquest,6,2008,2008,0
Annihilation- Conquest,31,Guardians of the Galaxy,1,2008,2008,1
Annihilation- Conquest,32,Guardians of the Galaxy,2,2008,2008,1
Annihilation- Conquest,33,Guardians of the Galaxy,3,2008,2008,1
Annihilation: Scourge,1,Annihilation - Scourge Alpha,1,2019,2020,0
Annihilation: Scourge,2,Annihilation - Scourge: Nova,1,2019,2020,0
Annihilation: Scourge,3,Annihilation - Scourge: Fantastic Four,1,2019,2020,0
Annihilation: Scourge,4,Annihilation - Scourge: Beta Ray Bill,1,2019,2020,0
Annihilation: Scourge,5,Annihilation - Scourge: Silver Surfer,1,2019,2020,0
Annihilation: Scourge,6,Annihilation - Scourge Omega,1,2019,2020,0
Annihilation,1,Drax the Destroyer,1,2005,2005,0
Annihilation,2,Drax the Destroyer,2,2005,2005,0
Annihilation,3,Drax the Destroyer,3,2005,2006,0
Annihilation,4,Drax the Destroyer,4,2005,2006,0
Annihilation,5,Annihilation: Prologue,1,2006,2006,0
Annihilation,6,Annihilation: Nova,1,2006,2006,0
Annihilation,7,Annihilation: Nova,2,2006,2006,0
Annihilation,8,Annihilation: Nova,3,2006,2006,0
Annihilation,9,Annihilation: Nova,4,2006,2006,0
Annihilation,10,Annihilation: Silver Surfer,1,2006,2006,0
Annihilation,11,Annihilation: Silver Surfer,2,2006,2006,0
Annihilation,12,Annihilation: Silver Surfer,3,2006,2006,0
Annihilation,13,Annihilation: Silver Surfer,4,2006,2006,0
Annihilation,14,Annihilation: Super-Skrull,1,2006,2006,0
Annihilation,15,Annihilation: Super-Skrull,2,2006,2006,0
Annihilation,16,Annihilation: Super-Skrull,3,2006,2006,0
Annihilation,17,Annihilation: Super-Skrull,4,2006,2006,0
Annihilation,18,Annihilation: Ronan,1,2006,2006,0
Annihilation,19,Annihilation: Ronan,2,2006,2006,0
Annihilation,20,Annihilation: Ronan,3,2006,2006,0
Annihilation,21,Annihilation: Ronan,4,2006,2006,0
Annihilation,22,Annihilation,1,2006,2006,0
Annihilation,23,Annihilation,2,2006,2006,0
Annihilation,24,Annihilation,3,2006,2006,0
Annihilation,25,Annihilation,4,2006,2007,0
Annihilation,26,Annihilation,5,2006,2007,0
Annihilation,27,Annihilation,6,2006,2007,0
Annihilation,28,Annihilation: Heralds of Galactus,1,2007,2007,0
Annihilation,29,Annihilation: Heralds of Galactus,2,2007,2007,0
Annihilation,30,What If? Annihilation,1,2008,2008,0
Annihilation,31,Nova,1,2007,2007,1
Annihilation,32,Nova,2,2007,2007,1
Annihilation,33,Nova,3,2007,2007,1
Apocalypse- The Twelve,1,The Uncanny X-Men,368,1981,1999,0
Apocalypse- The Twelve,2,X-Men,88,1991,1999,0
Apocalypse- The Twelve,3,The Uncanny X-Men,369,1981,1999,0
Apocalypse- The Twelve,4,X-Men,89,1991,1999,0
Apocalypse- The Twelve,5,The Uncanny X-Men,370,1981,1999,0
Apocalypse- The Twelve,6,X-Men,90,1991,1999,0
Apocalypse- The Twelve,7,The Uncanny X-Men,371,1981,1999,0
Apocalypse- The Twelve,8,X-Men,91,1991,1999,0
Apocalypse- The Twelve,9,X-Men 1999,1,1999,1999,0
Apocalypse- The Twelve,10,Wolverine,140,1988,1999,0
Apocalypse- The Twelve,11,Wolverine,141,1988,1999,0
Apocalypse- The Twelve,12,Wolverine,142,1988,1999,0
Apocalypse- The Twelve,13,Wolverine,143,1988,1999,0
Apocalypse- The Twelve,14,Wolverine,144,1988,1999,0
Apocalypse- The Twelve,15,Hulk,8,1999,1999,1
Apocalypse- The Twelve,16,The Uncanny X-Men,372,1981,1999,0
Apocalypse- The Twelve,17,X-Men,92,1991,1999,0
Apocalypse- The Twelve,18,Gambit,8,1999,1999,0
Apocalypse- The Twelve,19,Gambit,9,1999,1999,0
Apocalypse- The Twelve,20,Cable,71,1993,1999,0
Apocalypse- The Twelve,21,Cable,72,1993,1999,0
Apocalypse- The Twelve,22,Astonishing X-Men,1,1999,1999,1
Apocalypse- The Twelve,23,Astonishing X-Men,2,1999,1999,1
Apocalypse- The Twelve,24,Astonishing X-Men,3,1999,1999,1
Apocalypse- The Twelve,25,Bishop: The Last X-Man,1,1999,1999,0
Apocalypse- The Twelve,26,X-Men,93,1991,1999,0
Apocalypse- The Twelve,27,X-Men,94,1991,1999,0
Apocalypse- The Twelve,28,The Uncanny X-Men,373,1981,1999,0
Apocalypse- The Twelve,29,The Uncanny X-Men,374,1981,1999,0
Apocalypse- The Twelve,30,The Uncanny X-Men,375,1981,1999,0
Apocalypse- The Twelve,31,Cable,73,1993,1999,0
Apocalypse- The Twelve,32,Cable,74,1993,1999,0
Apocalypse- The Twelve,33,X-Men,95,1991,1999,0
Apocalypse- The Twelve,34,X-Men Unlimited,25,1993,1999,0
Apocalypse- The Twelve,35,Wolverine,145,1988,1999,0
Apocalypse- The Twelve,36,The Uncanny X-Men,376,1981,2000,0
Apocalypse- The Twelve,37,Cable,75,1993,2000,0
Apocalypse- The Twelve,38,X-Man,59,1995,2000,0
Apocalypse- The Twelve,39,X-Men,96,1991,2000,0
Apocalypse- The Twelve,40,Wolverine,146,1988,2000,0
Apocalypse- The Twelve,41,Wolverine,147,1988,2000,0
Apocalypse- The Twelve,42,Uncanny X-Men 1999,1,1999,2000,0
Apocalypse- The Twelve,43,The Uncanny X-Men,377,1981,2000,0
Apocalypse- The Twelve,44,Cable,76,1993,2000,0
Apocalypse- The Twelve,45,X-Man,60,1995,2000,0
Apocalypse- The Twelve,46,X-Men,97,1991,2000,0
Apocalypse- The Twelve,47,The Uncanny X-Men,378,1981,2000,0
Apocalypse- The Twelve,48,Cable,77,1993,2000,0
Apocalypse- The Twelve,49,Wolverine,148,1988,2000,0
Apocalypse- The Twelve,50,X-Men Unlimited,26,1993,2000,0
Apocalypse- The Twelve,51,X-Men,98,1991,2000,0
Apocalypse Wars,1,Extraordinary X-Men,8,2015,2016,0
Apocalypse Wars,2,Extraordinary X-Men,9,2015,2016,0
Apocalypse Wars,3,Extraordinary X-Men,10,2015,2016,0
Apocalypse Wars,4,Extraordinary X-Men,11,2015,2016,0
Apocalypse Wars,5,Extraordinary X-Men,12,2015,2016,0
Apocalypse Wars,6,Uncanny X-Men,6,2016,2016,1
Apocalypse Wars,7,Uncanny X-Men,7,2016,2016,1
Apocalypse Wars,8,Uncanny X-Men,8,2016,2016,1
Apocalypse Wars,9,Uncanny X-Men,9,2016,2016,1
Apocalypse Wars,10,Uncanny X-Men,10,2016,2016,1
Apocalypse Wars,11,All-New X-Men,9,2015,2016,1
Apocalypse Wars,12,All-New X-Men,10,2015,2016,1
Apocalypse Wars,13,All-New X-Men,11,2015,2016,1
Avengers: Armageddon,1,The Will of Doom,1,2025,2025,1
Avengers: Armageddon,2,Captain America,1,2025,2025,1
Avengers: Armageddon,3,Captain America,2,2025,2025,1
Avengers: Armageddon,4,Captain America,3,2025,2025,1
Avengers: Armageddon,5,Captain America,4,2025,2025,1
Avengers: Armageddon,6,Captain America,5,2025,2025,1
Avengers: Armageddon,7,Captain America,6,2025,2025,1
Avengers: Armageddon,8,Captain America,7,2025,2026,1
Avengers: Armageddon,9,Captain America,8,2025,2026,1
Avengers: Armageddon,10,Wolverine: Weapons of Armageddon,1,2026,2026,1
Avengers: Armageddon,11,Captain America,9,2025,2026,1
Avengers: Armageddon,12,Wolverine: Weapons of Armageddon,2,2026,2026,0
Avengers: Armageddon,13,Captain America,10,2025,2026,1
Avengers: Armageddon,14,Wolverine: Weapons of Armageddon,3,2026,2026,1
Avengers: Armageddon,15,Captain America,11,2025,2026,1
Avengers: Armageddon,16,Wolverine: Weapons of Armageddon,4,2026,2026,1
Avengers: Armageddon,17,Comics Giveaway Day 2026: Armageddon/X-Men,1,2026,2026,0
Avengers: Armageddon,18,Avengers: Armageddon,1,2026,2026,1
Avengers: Armageddon,19,Captain America,12,2025,2026,1
Avengers: Armageddon,20,Avengers: Armageddon,2,2026,2026,1
Avengers: Armageddon,21,Captain America,13,2025,2026,1
Avengers: Armageddon,22,Avengers: Armageddon,3,2026,2026,0
Avengers: Armageddon,23,Avengers: Armageddon,4,2026,2026,0
Avengers: Armageddon,24,Avengers: Armageddon,5,2026,2026,0
Avengers Disassembled,1,Spectacular Spider-Man,15,2003,2004,0
Avengers Disassembled,2,Spectacular Spider-Man,16,2003,2004,0
Avengers Disassembled,3,Spectacular Spider-Man,17,2003,2004,0
Avengers Disassembled,4,Spectacular Spider-Man,18,2003,2004,0
Avengers Disassembled,5,Spectacular Spider-Man,19,2003,2004,0
Avengers Disassembled,6,Spectacular Spider-Man,20,2003,2004,0
Avengers Disassembled,7,Iron Man,84,1998,2004,0
Avengers Disassembled,8,Iron Man,85,1998,2004,0
Avengers Disassembled,9,Thor,80,1998,2004,0
Avengers Disassembled,10,Thor,81,1998,2004,0
Avengers Disassembled,11,Captain America & the Falcon,5,2004,2004,0
Avengers Disassembled,12,Captain America & the Falcon,6,2004,2004,0
Avengers Disassembled,13,Captain America & the Falcon,7,2004,2004,0
Avengers Disassembled,14,Captain America,29,2002,2004,0
Avengers Disassembled,15,Avengers,500,1998,2004,0
Avengers Disassembled,16,Avengers,501,1998,2004,0
Avengers Disassembled,17,Avengers,502,1998,2004,0
Avengers Disassembled,18,Avengers,503,1998,2004,0
Avengers Disassembled,19,Excalibur,8,2004,2005,1
Avengers Disassembled,20,Iron Man,86,1998,2004,0
Avengers Disassembled,21,Iron Man,87,1998,2004,0
Avengers Disassembled,22,Iron Man,88,1998,2004,0
Avengers Disassembled,23,Iron Man,89,1998,2004,0
Avengers Disassembled,24,Captain America,30,2002,2004,0
Avengers Disassembled,25,Captain America,31,2002,2004,0
Avengers Disassembled,26,Captain America,32,2002,2004,0
Avengers Disassembled,27,Fantastic Four,517,1998,2004,0
Avengers Disassembled,28,Fantastic Four,518,1998,2004,0
Avengers Disassembled,29,Fantastic Four,519,1998,2004,0
Avengers Disassembled,30,Thor,82,1998,2004,0
Avengers Disassembled,31,Thor,83,1998,2004,0
Avengers Disassembled,32,Thor,84,1998,2004,0
Avengers Disassembled,33,Thor,85,1998,2004,0
Avengers Disassembled,34,Avengers Finale,1,2005,2005,0
Avengers Standoff,1,Avengers Standoff: Welcome to Pleasant Hill,1,2016,2016,0
Avengers Standoff,2,Avengers Standoff: Assault On Pleasant Hill Alpha,1,2016,2016,0
Avengers Standoff,3,Agents of S.H.I.E.L.D.,3,2016,2016,0
Avengers Standoff,4,Uncanny Avengers,7,2015,2016,0
Avengers Standoff,5,"All-New, All-Different Avengers",7,2015,2016,0
Avengers Standoff,6,New Avengers,8,2015,2016,1
Avengers Standoff,7,Howling Commandos of S.H.I.E.L.D.,6,2015,2016,0
Avengers Standoff,8,Captain America: Sam Wilson,7,2015,2016,0
Avengers Standoff,9,Uncanny Avengers,8,2015,2016,0
Avengers Standoff,10,New Avengers,9,2015,2016,1
Avengers Standoff,11,Illuminati,6,2015,2016,0
Avengers Standoff,12,Agents of S.H.I.E.L.D.,4,2016,2016,0
Avengers Standoff,13,"All-New, All-Different Avengers",8,2015,2016,0
Avengers Standoff,14,New Avengers,10,2015,2016,1
Avengers Standoff,15,Captain America: Sam Wilson,8,2015,2016,0
Avengers Standoff,16,Avengers Standoff: Assault On Pleasant Hill Omega,1,2016,2016,0
Avengers Standoff,17,Captain America: Sam Wilson,9,2015,2016,0
Avengers Standoff,18,Illuminati,7,2015,2016,0
Avengers: The Children's Crusade,1,Avengers: The Children's Crusade,1,2010,2010,0
Avengers: The Children's Crusade,2,Avengers: The Children's Crusade,2,2010,2010,0
Avengers: The Children's Crusade,3,Avengers: The Children's Crusade,3,2010,2011,0
Avengers: The Children's Crusade,4,Avengers: The Children's Crusade,4,2010,2011,0
Avengers: The Children's Crusade,5,Avengers: The Children's Crusade,5,2010,2011,0
Avengers: The Children's Crusade,6,Avengers: The Children's Crusade,6,2010,2011,0
Avengers: The Children's Crusade,7,Avengers: The Children's Crusade,7,2010,2011,0
Avengers: The Children's Crusade,8,Avengers: The Children's Crusade,8,2010,2012,0
Avengers: The Children's Crusade,9,Avengers: The Children's Crusade,9,2010,2012,0
Avengers vs. X-Men,1,Point One,1,2012,2012,0
Avengers vs. X-Men,2,Avengers Vs. X-Men,0,2012,2012,0
Avengers vs. X-Men,3,Avengers Vs. X-Men,1,2012,2012,0
Avengers vs. X-Men,4,Wolverine & the X-Men,9,2011,2012,1
Avengers vs. X-Men,5,New Avengers,24,2010,2012,0
Avengers vs. X-Men,6,Avengers Vs. X-Men,2,2012,2012,0
Avengers vs. X-Men,7,Avengers Vs. X-Men: Infinite,1,2012,2012,0
Avengers vs. X-Men,8,Avengers,25,2010,2012,1
Avengers vs. X-Men,9,AVX: VS,1,2012,2012,0
Avengers vs. X-Men,10,Uncanny X-Men,11,2011,2012,1
Avengers vs. X-Men,11,Avengers Vs. X-Men,3,2012,2012,0
Avengers vs. X-Men,12,Avengers Academy,29,2010,2012,0
Avengers vs. X-Men,13,Avengers Academy,30,2010,2012,0
Avengers vs. X-Men,14,Avengers Academy,31,2010,2012,0
Avengers vs. X-Men,15,Wolverine & the X-Men,10,2011,2012,1
Avengers vs. X-Men,16,X-Men: Legacy,266,2008,2012,0
Avengers vs. X-Men,17,X-Men: Legacy,267,2008,2012,0
Avengers vs. X-Men,18,Secret Avengers,26,2010,2012,0
Avengers vs. X-Men,19,Secret Avengers,27,2010,2012,0
Avengers vs. X-Men,20,Secret Avengers,28,2010,2012,0
Avengers vs. X-Men,21,Avengers,26,2010,2012,1
Avengers vs. X-Men,22,Avengers,27,2010,2012,1
Avengers vs. X-Men,23,Avengers Vs. X-Men,4,2012,2012,0
Avengers vs. X-Men,24,AVX: VS,5,2012,2012,0
Avengers vs. X-Men,25,AVX: VS,2,2012,2012,0
Avengers vs. X-Men,26,Uncanny X-Men,12,2011,2012,1
Avengers vs. X-Men,27,Wolverine & the X-Men,11,2011,2012,1
Avengers vs. X-Men,28,Avengers Vs. X-Men: Infinite,6,2012,2012,0
Avengers vs. X-Men,29,Avengers Vs. X-Men,5,2012,2012,0
Avengers vs. X-Men,30,Uncanny X-Men,13,2011,2012,1
Avengers vs. X-Men,31,AVX: VS,3,2012,2012,0
Avengers vs. X-Men,32,X-Men: Legacy,268,2008,2012,0
Avengers vs. X-Men,33,Avengers Academy,32,2010,2012,0
Avengers vs. X-Men,34,Avengers Academy,33,2010,2012,0
Avengers vs. X-Men,35,Uncanny X-Men,14,2011,2012,1
Avengers vs. X-Men,36,Avengers Vs. X-Men,6,2012,2012,0
Avengers vs. X-Men,37,New Avengers,25,2010,2012,0
Avengers vs. X-Men,38,New Avengers,26,2010,2012,0
Avengers vs. X-Men,39,Avengers,28,2010,2012,1
Avengers vs. X-Men,40,Uncanny X-Men,15,2011,2012,1
Avengers vs. X-Men,41,Uncanny X-Men,16,2011,2012,1
Avengers vs. X-Men,42,Uncanny X-Men,17,2011,2012,1
Avengers vs. X-Men,43,Avengers Vs. X-Men: Infinite,10,2012,2012,0
Avengers vs. X-Men,44,Avengers,29,2010,2012,1
Avengers vs. X-Men,45,Wolverine & the X-Men,12,2011,2012,1
Avengers vs. X-Men,46,Wolverine & the X-Men,13,2011,2012,0
Avengers vs. X-Men,47,Avengers Vs. X-Men,7,2012,2012,0
Avengers vs. X-Men,48,AVX: VS,4,2012,2012,0
Avengers vs. X-Men,49,New Avengers,28,2010,2012,0
Avengers vs. X-Men,50,New Avengers,29,2010,2012,0
Avengers vs. X-Men,51,Avengers Vs. X-Men,8,2012,2012,0
Avengers vs. X-Men,52,New Avengers,27,2010,2012,0
Avengers vs. X-Men,53,X-Men: Legacy,269,2008,2012,0
Avengers vs. X-Men,54,X-Men: Legacy,270,2008,2012,0
Avengers vs. X-Men,55,Wolverine & the X-Men,14,2011,2012,0
Avengers vs. X-Men,56,Avengers Vs. X-Men,9,2012,2012,0
Avengers vs. X-Men,57,Avengers Vs. X-Men,10,2012,2012,0
Avengers vs. X-Men,58,Wolverine & the X-Men,15,2011,2012,1
Avengers vs. X-Men,59,Wolverine & the X-Men,16,2011,2012,0
Avengers vs. X-Men,60,Avengers Vs. X-Men,11,2012,2012,0
Avengers vs. X-Men,61,Uncanny X-Men,18,2011,2012,1
Avengers vs. X-Men,62,Avengers Vs. X-Men,12,2012,2012,0
Avengers vs. X-Men,63,Uncanny X-Men,19,2011,2012,1
Avengers vs. X-Men,64,AVX: VS,6,2012,2012,0
Avengers vs. X-Men,65,New Avengers,30,2010,2012,0
Avengers vs. X-Men,66,Avengers,30,2010,2012,1
Avengers vs. X-Men,67,Wolverine & the X-Men,18,2011,2012,1
Avengers vs. X-Men,68,Uncanny X-Men,20,2011,2012,1
Avengers vs. X-Men,69,AVX: Consequences,1,2012,2012,0
Avengers vs. X-Men,70,A-Babies vs. X-Babies,1,2012,2012,0
Avengers vs. X-Men,71,AVX: Consequences,2,2012,2012,0
Avengers vs. X-Men,72,AVX: Consequences,3,2012,2012,0
Avengers vs. X-Men,73,AVX: Consequences,4,2012,2012,0
Avengers vs. X-Men,74,AVX: Consequences,5,2012,2013,0
AXIS,1,Captain America,22,2013,2014,0
AXIS,2,Captain America,23,2013,2014,0
AXIS,3,Captain America,24,2013,2014,0
AXIS,4,Captain America,25,2013,2014,0
AXIS,5,Loki: Agent of Asgard,6,2014,2014,0
AXIS,6,Magneto,9,2014,2014,0
AXIS,7,Magneto,10,2014,2014,0
AXIS,8,Uncanny Avengers,24,2012,2014,0
AXIS,9,Death of Wolverine,1,2014,2014,0
AXIS,10,Death of Wolverine,2,2014,2014,0
AXIS,11,Death of Wolverine,3,2014,2014,0
AXIS,12,Death of Wolverine,4,2014,2014,0
AXIS,13,Death of Wolverine: The Weapon X Program,1,2014,2015,0
AXIS,14,Death of Wolverine: The Weapon X Program,2,2014,2015,0
AXIS,15,Death of Wolverine: The Weapon X Program,3,2014,2015,0
AXIS,16,Death of Wolverine: The Weapon X Program,4,2014,2015,0
AXIS,17,Death of Wolverine: The Weapon X Program,5,2014,2015,0
AXIS,18,Storm,4,2014,2014,0
AXIS,19,Storm,5,2014,2015,1
AXIS,20,Nightcrawler,7,2014,2014,0
AXIS,21,Wolverine & the X-Men,10,2014,2014,1
AXIS,22,Wolverine & the X-Men,11,2014,2014,1
AXIS,23,Death of Wolverine: Life After Logan,1,2014,2015,0
AXIS,24,Death of Wolverine: Deadpool & Captain America,1,2014,2014,0
AXIS,25,Death of Wolverine: The Logan Legacy,1,2014,2014,0
AXIS,26,Death of Wolverine: The Logan Legacy,2,2014,2014,0
AXIS,27,Death of Wolverine: The Logan Legacy,3,2014,2014,0
AXIS,28,Death of Wolverine: The Logan Legacy,4,2014,2015,0
AXIS,29,Death of Wolverine: The Logan Legacy,5,2014,2015,0
AXIS,30,Death of Wolverine: The Logan Legacy,6,2014,2015,0
AXIS,31,Death of Wolverine: The Logan Legacy,7,2014,2015,0
AXIS,32,Uncanny Avengers,25,2012,2014,0
AXIS,33,Avengers & X-Men: Axis,1,2014,2014,0
AXIS,34,Avengers & X-Men: Axis,2,2014,2014,0
AXIS,35,Loki: Agent of Asgard,7,2014,2014,0
AXIS,36,Magneto,11,2014,2014,0
AXIS,37,All-New X-Factor,15,2014,2014,0
AXIS,38,Avengers & X-Men: Axis,3,2014,2014,0
AXIS,39,Deadpool,36,2012,2014,0
AXIS,40,Magneto,12,2014,2015,0
AXIS,41,All-New X-Factor,16,2014,2015,0
AXIS,42,Axis: Revolutions,1,2014,2014,0
AXIS,43,Axis: Hobgoblin,1,2014,2014,0
AXIS,44,Axis: Carnage,1,2014,2014,0
AXIS,45,Axis: Carnage,2,2014,2015,0
AXIS,46,Axis: Carnage,3,2014,2015,0
AXIS,47,Avengers & X-Men: Axis,4,2014,2015,0
AXIS,48,Amazing X-Men,14,2014,2015,0
AXIS,49,Wolverine & the X-Men,12,2014,2015,1
AXIS,50,Axis: Hobgoblin,2,2014,2015,0
AXIS,51,Superior Iron Man,1,2014,2015,0
AXIS,52,Captain America & the Mighty Avengers,1,2014,2015,0
AXIS,53,Captain America & the Mighty Avengers,2,2014,2015,0
AXIS,54,Captain America & the Mighty Avengers,3,2014,2015,0
AXIS,55,Avengers & X-Men: Axis,5,2014,2015,0
AXIS,56,Nova,23,2013,2015,0
AXIS,57,Nova,24,2013,2015,0
AXIS,58,Inhuman,9,2014,2015,0
AXIS,59,Inhuman,10,2014,2015,0
AXIS,60,Deadpool,37,2012,2015,0
AXIS,61,Deadpool,38,2012,2015,0
AXIS,62,Axis: Revolutions,2,2014,2015,0
AXIS,63,Loki: Agent of Asgard,8,2014,2015,0
AXIS,64,Axis: Revolutions,3,2014,2015,0
AXIS,65,Axis: Hobgoblin,3,2014,2015,0
AXIS,66,All-New X-Factor,17,2014,2015,0
AXIS,67,Avengers World,15,2014,2015,0
AXIS,68,Avengers World,16,2014,2015,0
AXIS,69,Axis: Revolutions,4,2014,2015,0
AXIS,70,Avengers & X-Men: Axis,6,2014,2015,0
AXIS,71,Superior Iron Man,2,2014,2015,0
AXIS,72,Superior Iron Man,3,2014,2015,0
AXIS,73,Superior Iron Man,4,2014,2015,0
AXIS,74,Avengers & X-Men: Axis,7,2014,2015,0
AXIS,75,Avengers & X-Men: Axis,8,2014,2015,0
AXIS,76,Avengers & X-Men: Axis,9,2014,2015,0
AXIS,77,Loki: Agent of Asgard,9,2014,2015,0
AXIS,78,Deadpool,39,2012,2015,0
AXIS,79,Nova,25,2013,2015,0
Back in Black,1,The Amazing Spider-Man,539,1963,2007,0
Back in Black,2,The Amazing Spider-Man,540,1963,2007,0
Back in Black,3,The Amazing Spider-Man,541,1963,2007,0
Back in Black,4,The Amazing Spider-Man,542,1963,2007,0
Back in Black,5,Fallen Son: The Death of Captain America,4,2007,2007,0
Back in Black,6,New Avengers,26,2004,2007,0
Back in Black,7,New Avengers,27,2004,2007,0
Back in Black,8,New Avengers,28,2004,2007,0
Back in Black,9,New Avengers,29,2004,2007,0
Back in Black,10,New Avengers,30,2004,2007,0
Back in Black,11,New Avengers,31,2004,2007,0
Back in Black,12,New Avengers,32,2004,2007,0
Back in Black,13,New Avengers,33,2004,2007,0
Back in Black,14,New Avengers,34,2004,2007,0
Back in Black,15,New Avengers,35,2004,2007,0
Back in Black,16,New Avengers,36,2004,2008,0
Back in Black,17,New Avengers,37,2004,2008,0
Back in Black,18,New Avengers Annual,2,2006,2008,0
Back in Black,19,Friendly Neighborhood Spider-Man,17,2005,2007,0
Back in Black,20,Friendly Neighborhood Spider-Man,18,2005,2007,0
Back in Black,21,Friendly Neighborhood Spider-Man,19,2005,2007,0
Back in Black,22,Friendly Neighborhood Spider-Man,20,2005,2007,0
Back in Black,23,Friendly Neighborhood Spider-Man,21,2005,2007,0
Back in Black,24,Friendly Neighborhood Spider-Man,22,2005,2007,0
Back in Black,25,Friendly Neighborhood Spider-Man,23,2005,2007,0
Back in Black,26,The Sensational Spider-Man,35,2006,2007,0
Back in Black,27,The Sensational Spider-Man,36,2006,2007,0
Back in Black,28,The Sensational Spider-Man,37,2006,2007,0
Back in Black,29,The Sensational Spider-Man,38,2006,2007,0
Back in Black,30,The Sensational Spider-Man,39,2006,2007,0
Back in Black,31,The Sensational Spider-Man,40,2006,2007,0
Back in Black,32,The Amazing Spider-Man,543,1963,2007,0
Batman/Catwoman: The Gotham War,1,Batman/Catwoman: The Gotham War: Prelude - Batman Day Special Edition,1,2023,2023,0
Batman/Catwoman: The Gotham War,2,Batman/Catwoman: The Gotham War: Battle Lines,1,2023,2023,0
Batman/Catwoman: The Gotham War,3,Batman,137,2016,2023,1
Batman/Catwoman: The Gotham War,4,Catwoman,57,2018,2023,0
Batman/Catwoman: The Gotham War,5,Batman/Catwoman: The Gotham War: Red Hood,1,2023,2023,0
Batman/Catwoman: The Gotham War,6,Batman,138,2016,2023,1
Batman/Catwoman: The Gotham War,7,Catwoman,58,2018,2023,0
Batman/Catwoman: The Gotham War,8,Batman/Catwoman: The Gotham War: Red Hood,2,2023,2023,0
Batman/Catwoman: The Gotham War,9,Batman/Catwoman: The Gotham War: Scorched Earth,1,2023,2023,0
Batman Endgame,1,Batman,35,2011,2014,1
Batman Endgame,2,Batman,36,2011,2015,1
Batman Endgame,3,Batman,37,2011,2015,1
Batman Endgame,4,Batman Annual,3,2012,2015,0
Batman Endgame,5,Detective Comics: Endgame,1,2015,2015,0
Batman Endgame,6,Batgirl: Endgame,1,2015,2015,0
Batman Endgame,7,Arkham Manor: Endgame,1,2015,2015,0
Batman Endgame,8,Gotham Academy: Endgame,1,2015,2015,0
Batman Endgame,9,Batman,38,2011,2015,1
Batman Endgame,10,Batman,39,2011,2015,1
Batman Endgame,11,Batman,40,2011,2015,1
Batman: Face the Face,1,Detective Comics,817,1937,2006,0
Batman: Face the Face,2,Batman,651,1940,2006,0
Batman: Face the Face,3,Detective Comics,818,1937,2006,0
Batman: Face the Face,4,Batman,652,1940,2006,0
Batman: Face the Face,5,Detective Comics,819,1937,2006,0
Batman: Face the Face,6,Batman,653,1940,2006,0
Batman: Face the Face,7,Detective Comics,820,1937,2006,0
Batman: Face the Face,8,Batman,654,1940,2006,0
Batman: Judgment on Gotham,1,Batman,708,1940,2011,0
Batman: Judgment on Gotham,2,Red Robin,22,2009,2011,0
Batman: Judgment on Gotham,3,Gotham City Sirens,22,2009,2011,0
Batman: Judgment on Gotham,4,Batman,709,1940,2011,0
Batman: Officer Down,1,Batman,587,1940,2001,0
Batman: Officer Down,2,Robin,86,1993,2001,0
Batman: Officer Down,3,Batgirl,12,2000,2001,1
Batman: Officer Down,4,Birds of Prey,27,1999,2001,0
Batman: Officer Down,5,Catwoman,90,1993,2001,1
Batman: Officer Down,6,Nightwing,53,1996,2001,0
Batman: Officer Down,7,Detective Comics,754,1937,2001,0
Batman: Officer Down,8,Batman: Gotham Knights,13,2000,2001,0
Batman: Requiem,1,Detective Comics,18,2011,2013,0
Batman: Requiem,2,Batman and Robin,18,2011,2013,0
Batman: Requiem,3,Batman,18,2011,2013,1
Batman: Requiem,4,Batgirl,18,2011,2013,1
Batman: Requiem,5,Catwoman,18,2011,2013,1
Batman: Requiem,6,Nightwing,18,2011,2013,1
Batman: Requiem,7,Red Hood and the Outlaws,18,2011,2013,0
Batman: Requiem,8,"Batman, Incorporated",9,2012,2013,0
Batman: Requiem,9,Teen Titans,18,2011,2013,0
Batman: War Crimes,1,Detective Comics,809,1937,2005,0
Batman: War Crimes,2,Batman,643,1940,2005,0
Batman: War Crimes,3,Detective Comics,810,1937,2005,0
Batman: War Crimes,4,Batman,644,1940,2005,0
Batman War Games,1,Detective Comics,790,1937,2004,0
Batman War Games,2,Detective Comics,791,1937,2004,0
Batman War Games,3,Detective Comics,792,1937,2004,0
Batman War Games,4,Detective Comics,793,1937,2004,0
Batman War Games,5,Detective Comics,794,1937,2004,0
Batman War Games,6,Detective Comics,795,1937,2004,0
Batman War Games,7,Detective Comics,796,1937,2004,0
Batman War Games,8,Robin,126,1993,2004,0
Batman War Games,9,Robin,127,1993,2004,0
Batman War Games,10,Robin,128,1993,2004,0
Batman War Games,11,Batgirl,53,2000,2004,0
Batman War Games,12,Batman: The 12 Cent Adventure,1,2004,2004,0
Batman War Games,13,Detective Comics,797,1937,2004,0
Batman War Games,14,Batman: Legends of the Dark Knight,182,1992,2004,0
Batman War Games,15,Nightwing,96,1996,2004,0
Batman War Games,16,Batman: Gotham Knights,56,2000,2004,0
Batman War Games,17,Robin,129,1993,2004,0
Batman War Games,18,Batgirl,55,2000,2004,0
Batman War Games,19,Catwoman,34,2002,2004,0
Batman War Games,20,Batman,631,1940,2004,0
Batman War Games,21,Detective Comics,798,1937,2004,0
Batman War Games,22,Batman: Legends of the Dark Knight,183,1992,2004,0
Batman War Games,23,Nightwing,97,1996,2004,0
Batman War Games,24,Batman: Gotham Knights,57,2000,2004,0
Batman War Games,25,Robin,130,1993,2004,0
Batman War Games,26,Batgirl,56,2000,2004,0
Batman War Games,27,Catwoman,35,2002,2004,1
Batman War Games,28,Batman,632,1940,2004,0
Batman War Games,29,Detective Comics,799,1937,2004,0
Batman War Games,30,Batman: Legends of the Dark Knight,184,1992,2004,0
Batman War Games,31,Nightwing,98,1996,2004,1
Batman War Games,32,Robin,131,1993,2004,0
Batman War Games,33,Batman: Gotham Knights,58,2000,2004,0
Batman War Games,34,Batgirl,57,2000,2004,0
Batman War Games,35,Catwoman,36,2002,2004,1
Batman War Games,36,Batman,633,1940,2004,0
Batman War Games,37,Detective Comics,800,1937,2005,0
Batman War Games,38,Batman,634,1940,2005,0
Batman War Games,39,Detective Comics,809,1937,2005,0
Batman War Games,40,Batman,643,1940,2005,0
Batman War Games,41,Detective Comics,810,1937,2005,0
Batman War Games,42,Batman,644,1940,2005,0
Batman Zero Year,1,Batman,0,2011,2012,0
Batman Zero Year,2,Batman,21,2011,2013,1
Batman Zero Year,3,Batman,22,2011,2013,1
Batman Zero Year,4,Batman,23,2011,2013,1
Batman Zero Year,5,Batman,24,2011,2013,1
Batman Zero Year,6,Detective Comics,25,2011,2014,0
Batman Zero Year,7,Batwing,25,2011,2014,0
Batman Zero Year,8,Action Comics,25,2011,2014,1
Batman Zero Year,9,Green Arrow,25,2011,2014,1
Batman Zero Year,10,Batman,25,2011,2014,1
Batman Zero Year,11,Nightwing,25,2011,2014,0
Batman Zero Year,12,Batgirl,25,2011,2014,1
Batman Zero Year,13,Green Lantern Corps,25,2011,2014,0
Batman Zero Year,14,Red Hood and the Outlaws,25,2011,2014,0
Batman Zero Year,15,Batwoman,25,2011,2014,0
Batman Zero Year,16,Birds of Prey,25,2011,2014,0
Batman Zero Year,17,Catwoman,25,2011,2014,1
Batman Zero Year,18,The Flash,25,2011,2014,1
Batman Zero Year,19,Batman,26,2011,2014,1
Batman Zero Year,20,Batman,27,2011,2014,1
Batman Zero Year,21,Batman,29,2011,2014,1
Batman Zero Year,22,Batman,30,2011,2014,1
Batman Zero Year,23,Batman,31,2011,2014,1
Batman Zero Year,24,Batman,32,2011,2014,1
Batman Zero Year,25,Batman,33,2011,2014,1
Battle for the Cowl,1,Batman: Battle for the Cowl,1,2009,2009,0
Battle for the Cowl,2,Azrael: Death's Dark Knight,1,2009,2009,0
Battle for the Cowl,3,Oracle: The Cure,1,2009,2009,0
Battle for the Cowl,4,Batman: Battle for the Cowl: Commissioner Gordon,1,2009,2009,0
Battle for the Cowl,5,Batman: Battle for the Cowl: Man-Bat,1,2009,2009,0
Battle for the Cowl,6,Batman: Battle for the Cowl,2,2009,2009,0
Battle for the Cowl,7,Azrael: Death's Dark Knight,2,2009,2009,0
Battle for the Cowl,8,Oracle: The Cure,2,2009,2009,0
Battle for the Cowl,9,Secret Six,9,2008,2009,0
Battle for the Cowl,10,Batman: Battle for the Cowl: Arkham Asylum,1,2009,2009,0
Battle for the Cowl,11,Batman: Battle for the Cowl: The Underground,1,2009,2009,0
Battle for the Cowl,12,Batman: Battle for the Cowl: The Network,1,2009,2009,0
Battle for the Cowl,13,Azrael: Death's Dark Knight,3,2009,2009,0
Battle for the Cowl,14,Oracle: The Cure,3,2009,2009,0
Battle for the Cowl,15,Batman,687,1940,2009,0
Battle for the Cowl,16,Batman: Battle for the Cowl,3,2009,2009,0
Battle for the Cowl,17,Gotham Gazette: Batman Alive?,1,2009,2009,0
Battle of The Atom,1,X-Men: Schism,1,2011,2011,0
Battle of The Atom,2,Avengers Vs. X-Men,11,2012,2012,0
Battle of The Atom,3,All-New X-Men,1,2012,2013,1
Battle of The Atom,4,All-New X-Men,4,2012,2013,1
Battle of The Atom,5,Uncanny X-Men,1,2013,2013,1
Battle of The Atom,6,X-Men: Battle of the Atom,1,2013,2013,0
Battle of The Atom,7,All-New X-Men,16,2012,2013,1
Battle of The Atom,8,X-Men,5,2013,2013,1
Battle of The Atom,9,Uncanny X-Men,12,2013,2013,1
Battle of The Atom,10,Wolverine & the X-Men,36,2011,2013,1
Battle of The Atom,11,All-New X-Men,17,2012,2013,1
Battle of The Atom,12,X-Men,6,2013,2013,1
Battle of The Atom,13,Uncanny X-Men,13,2013,2013,1
Battle of The Atom,14,Wolverine & the X-Men,37,2011,2013,1
Battle of The Atom,15,X-Men: Battle of the Atom,2,2013,2013,0
Battle of The Atom,16,All-New X-Men,28,2012,2014,0
Battle of The Atom,17,Uncanny X-Men,14,2013,2014,1
Battle of The Atom,18,Wolverine & the X-Men,38,2011,2014,1
Big Time,1,The Amazing Spider-Man,648,1963,2011,0
Big Time,2,The Amazing Spider-Man,649,1963,2011,0
Big Time,3,The Amazing Spider-Man,650,1963,2011,0
Big Time,4,The Amazing Spider-Man,651,1963,2011,0
Big Time,5,The Amazing Spider-Man,652,1963,2011,0
Big Time,6,The Amazing Spider-Man,653,1963,2011,0
Big Time,7,The Amazing Spider-Man,654,1963,2011,0
Big Time,8,The Amazing Spider-Man,654.1,1963,2011,1
Big Time,9,The Amazing Spider-Man,655,1963,2011,0
Big Time,10,The Amazing Spider-Man,656,1963,2011,0
Big Time,11,The Amazing Spider-Man,657,1963,2011,0
Big Time,12,Fantastic Four,588,1998,2011,0
Big Time,13,The Amazing Spider-Man,658,1963,2011,0
Big Time,14,The Amazing Spider-Man,659,1963,2011,0
Big Time,15,FF,1,2011,2011,0
Big Time,16,The Amazing Spider-Man,660,1963,2011,0
Big Time,17,FF,2,2011,2011,0
Big Time,18,The Amazing Spider-Man,661,1963,2011,0
Big Time,19,The Amazing Spider-Man,662,1963,2011,0
Big Time,20,FF,3,2011,2011,0
Big Time,21,FF,4,2011,2011,0
Big Time,22,FF,5,2011,2011,0
Big Time,23,FF,6,2011,2011,0
Big Time,24,FF,7,2011,2011,0
Big Time,25,FF,8,2011,2011,0
Big Time,26,FF,9,2011,2011,0
Big Time,27,FF,10,2011,2011,0
Big Time,28,FF,11,2011,2011,0
Big Time,29,Fantastic Four,600,1998,2012,0
Big Time,30,Fantastic Four,601,1998,2012,0
Big Time,31,Fantastic Four,602,1998,2012,0
Big Time,32,Fantastic Four,603,1998,2012,0
Big Time,33,FF,15,2011,2012,0
Big Time,34,Fantastic Four,604,1998,2012,0
Big Time,35,Fantastic Four,605.1,1998,2012,0
Big Time,36,FF,16,2011,2012,0
Big Time,37,Fantastic Four,609,1998,2012,0
Big Time,38,FF,17,2011,2012,0
Big Time,39,Fantastic Four,610,1998,2012,0
Big Time,40,Avengers,1,2010,2010,1
Big Time,41,Avengers,2,2010,2010,1
Big Time,42,Avengers,3,2010,2010,1
Big Time,43,Avengers,4,2010,2010,1
Big Time,44,Avengers,5,2010,2010,1
Big Time,45,Avengers,6,2010,2010,1
Big Time,46,New Avengers,1,2010,2010,1
Big Time,47,New Avengers,2,2010,2010,1
Big Time,48,New Avengers,3,2010,2010,1
Big Time,49,New Avengers,4,2010,2010,1
Big Time,50,New Avengers,5,2010,2010,1
Big Time,51,New Avengers,6,2010,2011,1
Big Time,52,Avengers,7,2010,2011,1
Big Time,53,Avengers,8,2010,2011,1
Big Time,54,Avengers,9,2010,2011,0
Big Time,55,Avengers,10,2010,2011,0
Big Time,56,Avengers,11,2010,2011,0
Big Time,57,Avengers,12,2010,2011,1
Big Time,58,New Avengers,7,2010,2011,1
Big Time,59,New Avengers,8,2010,2011,1
Big Time,60,New Avengers,9,2010,2011,1
Big Time,61,New Avengers,10,2010,2011,1
Big Time,62,New Avengers,11,2010,2011,0
Big Time,63,New Avengers,12,2010,2011,0
Big Time,64,New Avengers,13,2010,2011,0
Big Time,65,Avengers,12.1,2010,2011,0
Big Time,66,Avengers Annual,1,2012,2012,1
Big Time,67,New Avengers Annual,1,2011,2011,0
Big Time,68,Avengers,18,2010,2011,1
Big Time,69,New Avengers,16.1,2010,2011,0
Big Time,70,New Avengers,17,2010,2011,0
Big Time,71,New Avengers,18,2010,2012,0
Big Time,72,New Avengers,19,2010,2012,0
Big Time,73,New Avengers,20,2010,2012,0
Big Time,74,New Avengers,21,2010,2012,0
Big Time,75,New Avengers,22,2010,2012,0
Big Time,76,New Avengers,23,2010,2012,0
Big Time,77,Avengers,19,2010,2012,1
Big Time,78,The Amazing Spider-Man,663,1963,2011,0
Big Time,79,Free Comic Book Day 2011 (Spider-Man),1,2011,2011,0
Big Time,80,The Amazing Spider-Man,664,1963,2011,0
Big Time,81,The Amazing Spider-Man,665,1963,2011,0
Big Time,82,The Amazing Spider-Man,674,1963,2012,0
Big Time,83,The Amazing Spider-Man,675,1963,2012,0
Big Time,84,Carnage U.S.A.,1,2012,2012,0
Big Time,85,Carnage U.S.A.,2,2012,2012,0
Big Time,86,Carnage U.S.A.,3,2012,2012,0
Big Time,87,Carnage U.S.A.,4,2012,2012,0
Big Time,88,Carnage U.S.A.,5,2012,2012,0
Big Time,89,Avenging Spider-Man,1,2011,2012,0
Big Time,90,Avenging Spider-Man,2,2011,2012,0
Big Time,91,Avenging Spider-Man,3,2011,2012,0
Big Time,92,The Amazing Spider-Man,676,1963,2012,0
Big Time,93,The Amazing Spider-Man,677,1963,2012,0
Big Time,94,Daredevil,8,2011,2012,0
Big Time,95,The Amazing Spider-Man,678,1963,2012,0
Big Time,96,The Amazing Spider-Man,679,1963,2012,0
Big Time,97,The Amazing Spider-Man,679.1,1963,2012,1
Big Time,98,Avenging Spider-Man,4,2011,2012,0
Big Time,99,Avenging Spider-Man,5,2011,2012,0
Big Time,100,The Amazing Spider-Man,680,1963,2012,0
Big Time,101,The Amazing Spider-Man,681,1963,2012,0
Big Time,102,Avenging Spider-Man,6,2011,2012,0
Big Time,103,The Punisher,10,2016,2017,0
Big Time,104,Daredevil,11,2011,2012,0
Big Time,105,The Amazing Spider-Man Annual,39,1964,2012,0
Big Time,106,Avenging Spider-Man,7,2011,2012,0
Big Time,107,Avenging Spider-Man,8,2011,2012,0
Big Time,108,The Amazing Spider-Man,682,1963,2012,0
Big Time,109,The Amazing Spider-Man,683,1963,2012,0
Big Time,110,The Amazing Spider-Man,684,1963,2012,0
Big Time,111,The Amazing Spider-Man,685,1963,2012,0
Big Time,112,Amazing Spider-Man: Ends of the Earth,1,2012,2012,0
Big Time,113,The Amazing Spider-Man,686,1963,2012,0
Big Time,114,The Amazing Spider-Man,687,1963,2012,0
Big Time,115,Spider-Men,1,2012,2012,0
Big Time,116,Spider-Men,2,2012,2012,0
Big Time,117,Spider-Men,3,2012,2012,0
Big Time,118,Spider-Men,4,2012,2012,0
Big Time,119,Spider-Men,5,2012,2012,0
Big Time,120,The Amazing Spider-Man,688,1963,2012,0
Big Time,121,The Amazing Spider-Man,689,1963,2012,0
Big Time,122,The Amazing Spider-Man,690,1963,2012,0
Big Time,123,The Amazing Spider-Man,691,1963,2012,0
Big Time,124,Avenging Spider-Man,9,2011,2012,0
Big Time,125,Avenging Spider-Man,10,2011,2012,0
Big Time,126,The Amazing Spider-Man,692,1963,2012,0
Big Time,127,The Amazing Spider-Man,693,1963,2012,0
Big Time,128,The Amazing Spider-Man,694,1963,2012,0
Big Time,129,Avenging Spider-Man,11,2011,2012,0
Big Time,130,Avenging Spider-Man,12,2011,2012,0
Big Time,131,Avenging Spider-Man,13,2011,2012,0
Big Time,132,The Amazing Spider-Man,695,1963,2012,0
Big Time,133,The Amazing Spider-Man,696,1963,2012,0
Big Time,134,The Amazing Spider-Man,697,1963,2013,0
Big Time,135,Avenging Spider-Man Annual,1,2012,2012,0
Big Time,136,Avenging Spider-Man,14,2011,2013,0
Big Time,137,Avenging Spider-Man,15,2011,2013,0
Big Time,138,New Avengers,31,2010,2012,0
Big Time,139,New Avengers,32,2010,2013,0
Big Time,140,New Avengers,33,2010,2013,0
Big Time,141,New Avengers,34,2010,2013,0
Big Time,142,Avengers,1,2012,2013,1
Big Time,143,Avengers,2,2012,2013,1
Big Time,144,Avengers,3,2012,2013,1
Big Time,145,The Amazing Spider-Man,698,1963,2013,0
Big Time,146,The Amazing Spider-Man,699.1,1963,2013,0
Big Time,147,The Amazing Spider-Man,699,1963,2013,0
Big Time,148,The Amazing Spider-Man,700,1963,2013,0
Blackest Night,1,Blackest Night: Tales of the Corps,1,2009,2009,0
Blackest Night,2,Blackest Night: Tales of the Corps,2,2009,2009,0
Blackest Night,3,Blackest Night: Tales of the Corps,3,2009,2009,0
Blackest Night,4,Final Crisis: Rage of the Red Lanterns,1,2008,2008,0
Blackest Night,5,Green Lantern,36,2005,2009,0
Blackest Night,6,Green Lantern,37,2005,2009,0
Blackest Night,7,Green Lantern,38,2005,2009,0
Blackest Night,8,Green Lantern Corps,29,2006,2008,0
Blackest Night,9,Green Lantern Corps,30,2006,2009,0
Blackest Night,10,Green Lantern Corps,31,2006,2009,0
Blackest Night,11,Green Lantern Corps,32,2006,2009,0
Blackest Night,12,Green Lantern,39,2005,2009,0
Blackest Night,13,Green Lantern,40,2005,2009,0
Blackest Night,14,Green Lantern,41,2005,2009,0
Blackest Night,15,Green Lantern,42,2005,2009,0
Blackest Night,16,Green Lantern Corps,33,2006,2009,0
Blackest Night,17,Green Lantern Corps,34,2006,2009,0
Blackest Night,18,Green Lantern Corps,35,2006,2009,0
Blackest Night,19,Green Lantern Corps,36,2006,2009,0
Blackest Night,20,Green Lantern Corps,37,2006,2009,0
Blackest Night,21,Green Lantern Corps,38,2006,2009,0
Blackest Night,22,Green Lantern,43,2005,2009,0
Blackest Night,23,DC Universe,0,2008,2008,0
Blackest Night,24,Blackest Night,0,2009,2009,0
Blackest Night,25,Blackest Night,1,2009,2009,0
Blackest Night,26,Solomon Grundy,7,2009,2009,0
Blackest Night,27,Superman/Batman,66,2003,2010,0
Blackest Night,28,Superman/Batman,67,2003,2010,0
Blackest Night,29,Green Lantern Corps,39,2006,2009,0
Blackest Night,30,Green Lantern,44,2005,2009,0
Blackest Night,31,Blackest Night,2,2009,2009,0
Blackest Night,32,The Phantom Stranger,42,1969,2010,0
Blackest Night,33,Blackest Night: Batman,1,2009,2009,0
Blackest Night,34,Blackest Night: Superman,1,2009,2009,0
Blackest Night,35,Blackest Night: Titans,1,2009,2009,0
Blackest Night,36,Green Lantern,45,2005,2009,0
Blackest Night,37,Green Lantern Corps,40,2006,2009,0
Blackest Night,38,Blackest Night: Batman,2,2009,2009,0
Blackest Night,39,Blackest Night: Batman,3,2009,2009,0
Blackest Night,40,Blackest Night,3,2009,2009,0
Blackest Night,41,Blackest Night: Titans,2,2009,2009,0
Blackest Night,42,Blackest Night: Titans,3,2009,2009,0
Blackest Night,43,Adventure Comics,4,2009,2010,0
Blackest Night,44,Adventure Comics,5,2009,2010,0
Blackest Night,45,Justice League of America,39,2006,2010,0
Blackest Night,46,Justice League of America,40,2006,2010,0
Blackest Night,47,Blackest Night: Superman,2,2009,2009,0
Blackest Night,48,Blackest Night: Superman,3,2009,2009,0
Blackest Night,49,Suicide Squad,67,1987,2010,0
Blackest Night,50,Secret Six,17,2008,2010,0
Blackest Night,51,Secret Six,18,2008,2010,0
Blackest Night,52,Green Lantern,46,2005,2009,0
Blackest Night,53,Catwoman,83,2002,2010,0
Blackest Night,54,Green Lantern Corps,41,2006,2009,0
Blackest Night,55,The Outsiders,24,2009,2010,0
Blackest Night,56,The Outsiders,25,2009,2010,0
Blackest Night,57,Green Lantern,47,2005,2009,0
Blackest Night,58,Blackest Night,4,2009,2009,0
Blackest Night,59,Green Lantern,48,2005,2010,0
Blackest Night,60,Green Lantern Corps,42,2006,2010,0
Blackest Night,61,Blackest Night: The Flash,1,2010,2010,0
Blackest Night,62,R.E.B.E.L.S.,10,2009,2010,0
Blackest Night,63,R.E.B.E.L.S.,11,2009,2010,0
Blackest Night,64,Doom Patrol,4,2009,2010,0
Blackest Night,65,Doom Patrol,5,2009,2010,0
Blackest Night,66,Booster Gold,26,2007,2010,0
Blackest Night,67,Booster Gold,27,2007,2010,0
Blackest Night,68,Teen Titans,77,2003,2010,0
Blackest Night,69,Teen Titans,78,2003,2010,0
Blackest Night,70,Weird Western Tales,71,1972,2010,0
Blackest Night,71,Starman,81,1994,2010,0
Blackest Night,72,The Power of SHAZAM!,48,1995,2010,0
Blackest Night,73,The Question,37,1986,2010,0
Blackest Night,74,Blackest Night: JSA,1,2009,2010,0
Blackest Night,75,Blackest Night: JSA,2,2009,2010,0
Blackest Night,76,Blackest Night: JSA,3,2009,2010,0
Blackest Night,77,Blackest Night: Wonder Woman,1,2010,2010,0
Blackest Night,78,Blackest Night,5,2009,2010,0
Blackest Night,79,Green Lantern Corps,43,2006,2010,0
Blackest Night,80,Green Lantern Corps,44,2006,2010,0
Blackest Night,81,Green Lantern,49,2005,2010,0
Blackest Night,82,Blackest Night,6,2009,2010,0
Blackest Night,83,Adventure Comics,7,2009,2010,0
Blackest Night,84,Green Arrow,30,2010,2010,1
Blackest Night,85,Blackest Night: Wonder Woman,2,2010,2010,0
Blackest Night,86,Blackest Night: Wonder Woman,3,2010,2010,0
Blackest Night,87,Blackest Night: The Flash,2,2010,2010,0
Blackest Night,88,Blackest Night: The Flash,3,2010,2010,0
Blackest Night,89,The Atom & Hawkman,46,1968,2010,0
Blackest Night,90,Green Lantern Corps,45,2006,2010,0
Blackest Night,91,Green Lantern,50,2005,2010,0
Blackest Night,92,Green Lantern,51,2005,2010,0
Blackest Night,93,Blackest Night,7,2009,2010,0
Blackest Night,94,Green Lantern Corps,46,2006,2010,0
Blackest Night,95,Green Lantern,52,2005,2010,0
Blackest Night,96,Blackest Night,8,2009,2010,0
Blackest Night,97,Untold Tales of Blackest Night,1,2010,2010,0
Blood Hunt,1,Free Comic Book Day 2024: Blood Hunt/X-Men,1,2024,2024,0
Blood Hunt,2,Vengeance of the Moon Knight,5,2024,2024,1
Blood Hunt,3,Dracula: Blood Hunt,1,2024,2024,0
Blood Hunt,4,Blood Hunt,1,2024,2024,0
Blood Hunt,5,Fantastic Four,21,2022,2024,1
Blood Hunt,6,Blood Hunters,1,2024,2024,0
Blood Hunt,7,Blood Hunters,2,2024,2024,0
Blood Hunt,8,Blood Hunters,3,2024,2024,0
Blood Hunt,9,Blood Hunters,4,2024,2024,0
Blood Hunt,10,The Amazing Spider-Man: Blood Hunt,2,2024,2024,0
Blood Hunt,11,X-Men: Blood Hunt - Psylocke,1,2024,2024,0
Blood Hunt,12,Avengers,14,2023,2024,1
Blood Hunt,13,Avengers,15,2023,2024,1
Blood Hunt,14,Avengers,16,2023,2024,1
Blood Hunt,15,Doctor Strange,15,2023,2024,0
Blood Hunt,16,Blood Hunt,2,2024,2024,0
Blood Hunt,17,Strange Academy: Blood Hunt,1,2024,2024,0
Blood Hunt,18,The Amazing Spider-Man: Blood Hunt,3,2024,2024,0
Blood Hunt,19,Strange Academy: Blood Hunt,2,2024,2024,0
Blood Hunt,20,X-Men: Blood Hunt - Jubilee,1,2024,2024,0
Blood Hunt,21,The Amazing Spider-Man: Blood Hunt,1,2024,2024,0
Blood Hunt,22,The Amazing Spider-Man,49,2022,2024,1
Blood Hunt,23,X-Men: Blood Hunt - Laura Kinney the Wolverine,1,2024,2024,0
Blood Hunt,24,Venom,33,2021,2024,1
Blood Hunt,25,Venom,34,2021,2024,1
Blood Hunt,26,Union Jack the Ripper: Blood Hunt,1,2024,2024,0
Blood Hunt,27,Union Jack the Ripper: Blood Hunt,2,2024,2024,0
Blood Hunt,28,Union Jack the Ripper: Blood Hunt,3,2024,2024,0
Blood Hunt,29,Midnight Sons: Blood Hunt,1,2024,2024,0
Blood Hunt,30,Midnight Sons: Blood Hunt,2,2024,2024,0
Blood Hunt,31,Black Panther: Blood Hunt,1,2024,2024,0
Blood Hunt,32,Black Panther: Blood Hunt,2,2024,2024,0
Blood Hunt,33,Black Panther: Blood Hunt,3,2024,2024,0
Blood Hunt,34,Blood Hunt,3,2024,2024,0
Blood Hunt,35,Miles Morales: Spider-Man,21,2022,2024,0
Blood Hunt,36,Dracula: Blood Hunt,2,2024,2024,0
Blood Hunt,37,Dracula: Blood Hunt,3,2024,2024,0
Blood Hunt,38,Miles Morales: Spider-Man,22,2022,2024,1
Blood Hunt,39,Doctor Strange,16,2023,2024,0
Blood Hunt,40,Doctor Strange,17,2023,2024,0
Blood Hunt,41,Blood Hunt,4,2024,2024,0
Blood Hunt,42,Vengeance of the Moon Knight,6,2024,2024,1
Blood Hunt,43,Vengeance of the Moon Knight,7,2024,2024,1
Blood Hunt,44,Werewolf by Night: Blood Hunt,1,2024,2024,0
Blood Hunt,45,Wolverine: Blood Hunt,1,2024,2024,0
Blood Hunt,46,Wolverine: Blood Hunt,2,2024,2024,0
Blood Hunt,47,Wolverine: Blood Hunt,3,2024,2024,0
Blood Hunt,48,X-Men: Blood Hunt - Magik,1,2024,2024,0
Blood Hunt,49,Hulk: Blood Hunt,1,2024,2024,0
Blood Hunt,50,Blood Hunt,5,2024,2024,0
Blood Hunt,51,Wolverine: Blood Hunt,4,2024,2024,0
Blood Hunt,52,Strange Academy: Blood Hunt,3,2024,2024,0
Blood Hunt,53,Fantastic Four,22,2022,2024,1
Blood Hunt,54,Midnight Sons: Blood Hunt,3,2024,2024,0
Brand New Day,1,The Amazing Spider-Man,546,1963,2008,0
Brand New Day,2,The Amazing Spider-Man,547,1963,2008,0
Brand New Day,3,The Amazing Spider-Man,548,1963,2008,0
Brand New Day,4,The Amazing Spider-Man,549,1963,2008,0
Brand New Day,5,The Amazing Spider-Man,550,1963,2008,0
Brand New Day,6,The Amazing Spider-Man,551,1963,2008,0
Brand New Day,7,The Amazing Spider-Man,552,1963,2008,0
Brand New Day,8,The Amazing Spider-Man,553,1963,2008,0
Brand New Day,9,The Amazing Spider-Man,554,1963,2008,0
Brand New Day,10,The Amazing Spider-Man,555,1963,2008,0
Brand New Day,11,The Amazing Spider-Man,556,1963,2008,0
Brand New Day,12,The Amazing Spider-Man,557,1963,2008,0
Brand New Day,13,The Amazing Spider-Man,558,1963,2008,0
Brand New Day,14,The Amazing Spider-Man,559,1963,2008,0
Brand New Day,15,The Amazing Spider-Man,560,1963,2008,0
Brand New Day,16,The Amazing Spider-Man,561,1963,2008,0
Brand New Day,17,The Amazing Spider-Man,562,1963,2008,0
Brand New Day,18,The Amazing Spider-Man,563,1963,2008,0
Brand New Day,19,The Amazing Spider-Man,564,1963,2008,0
Brand New Day,20,The Amazing Spider-Man,565,1963,2008,0
Brand New Day,21,The Amazing Spider-Man,566,1963,2008,0
Brand New Day,22,The Amazing Spider-Man,567,1963,2008,0
Brand New Day,23,The Amazing Spider-Man,568,1963,2008,0
Brand New Day,24,The Amazing Spider-Man,569,1963,2008,0
Brand New Day,25,The Amazing Spider-Man,570,1963,2008,0
Brand New Day,26,The Amazing Spider-Man,571,1963,2008,0
Brand New Day,27,The Amazing Spider-Man,572,1963,2008,0
Brand New Day,28,The Amazing Spider-Man,573,1963,2008,0
Brand New Day,29,The Amazing Spider-Man,574,1963,2008,0
Brand New Day,30,The Amazing Spider-Man,575,1963,2008,0
Brand New Day,31,The Amazing Spider-Man,576,1963,2009,0
Brand New Day,32,The Amazing Spider-Man,577,1963,2009,0
Brand New Day,33,The Amazing Spider-Man,578,1963,2009,0
Brand New Day,34,The Amazing Spider-Man,579,1963,2009,0
Brand New Day,35,The Amazing Spider-Man,580,1963,2009,0
Brand New Day,36,The Amazing Spider-Man,581,1963,2009,0
Brand New Day,37,The Amazing Spider-Man,582,1963,2009,0
Brand New Day,38,The Amazing Spider-Man,583,1963,2009,0
Brand New Day,39,New Avengers,38,2004,2008,0
Brand New Day,40,Secret Invasion Director's Cut,1,2008,2008,0
Brand New Day,41,New Avengers,41,2004,2008,0
Brand New Day,42,Secret Invasion,2,2008,2008,0
Brand New Day,43,New Avengers,42,2004,2008,0
Brand New Day,44,Secret Invasion: The Amazing Spider-Man,1,2008,2008,0
Brand New Day,45,Secret Invasion: The Amazing Spider-Man,2,2008,2008,0
Brand New Day,46,Secret Invasion: The Amazing Spider-Man,3,2008,2008,0
Brand New Day,47,Secret Invasion,3,2008,2008,0
Brand New Day,48,New Avengers,43,2004,2008,0
Brand New Day,49,Secret Invasion,4,2008,2008,0
Brand New Day,50,New Avengers,44,2004,2008,0
Brand New Day,51,Secret Invasion,5,2008,2008,0
Brand New Day,52,New Avengers,45,2004,2008,0
Brand New Day,53,Secret Invasion,6,2008,2008,0
Brand New Day,54,New Avengers,46,2004,2008,0
Brand New Day,55,Secret Invasion: Front Line,4,2008,2008,0
Brand New Day,56,Secret Invasion,7,2008,2008,0
Brand New Day,57,New Avengers,47,2004,2009,0
Brand New Day,58,Secret Invasion,8,2008,2009,0
Brand New Day,59,Secret Invasion: Front Line,5,2008,2009,0
Brand New Day,60,The Amazing Spider-Man Annual,35,1964,2008,0
Brand New Day,61,The Amazing Spider-Man,584,1963,2009,0
Brand New Day,62,The Amazing Spider-Man,585,1963,2009,0
Brand New Day,63,The Amazing Spider-Man,586,1963,2009,0
Brand New Day,64,The Amazing Spider-Man,587,1963,2009,0
Brand New Day,65,The Amazing Spider-Man:  EXTRA!,1,2008,2008,0
Brand New Day,66,The Amazing Spider-Man,588,1963,2009,0
Brand New Day,67,The Amazing Spider-Man,589,1963,2009,0
Brand New Day,68,The Amazing Spider-Man:  EXTRA!,3,2008,2009,0
Brand New Day,69,Spider-Man & The Human Torch In... Bahia De Los Muertos!,1,2009,2009,0
Brand New Day,70,The Amazing Spider-Man:  EXTRA!,2,2008,2009,0
Brand New Day,71,Timestorm 2009/2099,1,2009,2009,0
Brand New Day,72,Timestorm 2009/2099,2,2009,2009,0
Brand New Day,73,Timestorm 2009/2099: Spider-Man One-Shot,1,2009,2009,0
Brand New Day,74,Timestorm 2009/2099,3,2009,2009,0
Brand New Day,75,Timestorm 2009/2099,4,2009,2009,0
Brand New Day,76,The Amazing Spider-Man,590,1963,2009,0
Brand New Day,77,The Amazing Spider-Man,591,1963,2009,0
Brand New Day,78,The Amazing Spider-Man,592,1963,2009,0
Brand New Day,79,The Amazing Spider-Man,593,1963,2009,0
Brand New Day,80,The Amazing Spider-Man,594,1963,2009,0
Brand New Day,81,Dark Reign: Mister Negative,1,2009,2009,0
Brand New Day,82,Dark Reign: Mister Negative,2,2009,2009,0
Brand New Day,83,Dark Reign: Mister Negative,3,2009,2009,0
Brand New Day,84,The Amazing Spider-Man,595,1963,2009,0
Brand New Day,85,The Amazing Spider-Man,596,1963,2009,0
Brand New Day,86,The Amazing Spider-Man,597,1963,2009,0
Brand New Day,87,The Amazing Spider-Man,598,1963,2009,0
Brand New Day,88,The Amazing Spider-Man,599,1963,2009,0
Brand New Day,89,The Amazing Spider-Man Annual,36,1964,2009,0
Brand New Day,90,The Amazing Spider-Man,600,1963,2009,0
Brand New Day,91,The Amazing Spider-Man,601,1963,2009,0
Brand New Day,92,The Amazing Spider-Man,602,1963,2009,0
Brand New Day,93,The Amazing Spider-Man,603,1963,2009,0
Brand New Day,94,The Amazing Spider-Man,604,1963,2009,0
Brand New Day,95,The Amazing Spider-Man,605,1963,2009,0
Brand New Day,96,The Amazing Spider-Man,606,1963,2009,0
Brand New Day,97,The Amazing Spider-Man,607,1963,2009,0
Brand New Day,98,The Amazing Spider-Man,608,1963,2009,0
Brand New Day,99,The Amazing Spider-Man,609,1963,2009,0
Brand New Day,100,The Amazing Spider-Man,610,1963,2010,0
Brand New Day,101,The Amazing Spider-Man,611,1963,2010,0
Brand New Day,102,Siege,1,2010,2010,0
Brand New Day,103,New Avengers,61,2004,2010,0
Brand New Day,104,New Avengers,62,2004,2010,0
Brand New Day,105,Siege,2,2010,2010,0
Brand New Day,106,Siege,3,2010,2010,0
Brand New Day,107,New Avengers,63,2004,2010,0
Brand New Day,108,Siege: Spider-Man,1,2010,2010,0
Brand New Day,109,New Avengers,64,2004,2010,0
Brand New Day,110,Siege,4,2010,2010,0
Brand New Day,111,New Avengers Finale,1,2010,2010,0
Brand New Day,112,The Amazing Spider-Man,612,1963,2010,0
Brand New Day,113,The Amazing Spider-Man,613,1963,2010,0
Brand New Day,114,The Amazing Spider-Man,614,1963,2010,0
Brand New Day,115,The Amazing Spider-Man,615,1963,2010,0
Brand New Day,116,The Amazing Spider-Man,616,1963,2010,0
Brand New Day,117,The Amazing Spider-Man,617,1963,2010,0
Brand New Day,118,The Amazing Spider-Man,618,1963,2010,0
Brand New Day,119,The Amazing Spider-Man,619,1963,2010,0
Brand New Day,120,The Amazing Spider-Man,620,1963,2010,0
Brand New Day,121,The Amazing Spider-Man,621,1963,2010,0
Brand New Day,122,The Amazing Spider-Man,622,1963,2010,0
Brand New Day,123,The Amazing Spider-Man,623,1963,2010,0
Brand New Day,124,The Amazing Spider-Man,624,1963,2010,0
Brand New Day,125,The Amazing Spider-Man,625,1963,2010,0
Brand New Day,126,The Amazing Spider-Man,626,1963,2010,0
Brand New Day,127,The Amazing Spider-Man,627,1963,2010,0
Brand New Day,128,The Amazing Spider-Man,628,1963,2010,0
Brand New Day,129,The Amazing Spider-Man,629,1963,2010,0
Brand New Day,130,The Amazing Spider-Man,630,1963,2010,0
Brand New Day,131,The Amazing Spider-Man,631,1963,2010,0
Brand New Day,132,The Amazing Spider-Man,632,1963,2010,0
Brand New Day,133,The Amazing Spider-Man,633,1963,2010,0
Brand New Day,134,The Amazing Spider-Man,634,1963,2010,0
Brand New Day,135,The Amazing Spider-Man,635,1963,2010,0
Brand New Day,136,The Amazing Spider-Man,636,1963,2010,0
Brand New Day,137,The Amazing Spider-Man,637,1963,2010,0
Brand New Day,138,The Amazing Spider-Man,638,1963,2010,0
Brand New Day,139,The Amazing Spider-Man,639,1963,2010,0
Brand New Day,140,The Amazing Spider-Man,640,1963,2010,0
Brand New Day,141,The Amazing Spider-Man,641,1963,2010,0
Brand New Day,142,The Amazing Spider-Man,642,1963,2010,0
Brand New Day,143,The Amazing Spider-Man,643,1963,2010,0
Brand New Day,144,The Amazing Spider-Man,644,1963,2010,0
Brand New Day,145,The Amazing Spider-Man,645,1963,2010,0
Brand New Day,146,The Amazing Spider-Man,646,1963,2010,0
Brand New Day,147,The Amazing Spider-Man,647,1963,2010,0
Brand New Day,148,The Amazing Spider-Man,648,1963,2011,0
Brand New Day,149,The Amazing Spider-Man,649,1963,2011,0
Brand New Day,150,The Amazing Spider-Man,650,1963,2011,0
Brand New Day,151,The Amazing Spider-Man,651,1963,2011,0
Brand New Day,152,The Amazing Spider-Man,652,1963,2011,0
Brand New Day,153,The Amazing Spider-Man,653,1963,2011,0
Brand New Day,154,The Amazing Spider-Man,654,1963,2011,0
Brand New Day,155,The Amazing Spider-Man,655,1963,2011,0
Brand New Day,156,The Amazing Spider-Man,656,1963,2011,0
Brand New Day,157,The Amazing Spider-Man,657,1963,2011,0
Brand New Day,158,FF,1,2011,2011,0
Brand New Day,159,FF,2,2011,2011,0
Brand New Day,160,FF,3,2011,2011,0
Brand New Day,161,FF,4,2011,2011,0
Brand New Day,162,FF,5,2011,2011,0
Brand New Day,163,FF,6,2011,2011,0
Brand New Day,164,FF,7,2011,2011,0
Brand New Day,165,The Amazing Spider-Man,658,1963,2011,0
Brand New Day,166,The Amazing Spider-Man,659,1963,2011,0
Brand New Day,167,The Amazing Spider-Man,660,1963,2011,0
Brand New Day,168,The Amazing Spider-Man,661,1963,2011,0
Brand New Day,169,The Amazing Spider-Man,662,1963,2011,0
Brand New Day,170,Fear Itself: Spider-Man,1,2011,2011,0
Brand New Day,171,Fear Itself: Spider-Man,2,2011,2011,0
Brand New Day,172,Fear Itself: Spider-Man,3,2011,2011,0
Brand New Day,173,The Amazing Spider-Man,663,1963,2011,0
Brand New Day,174,The Amazing Spider-Man,664,1963,2011,0
Brand New Day,175,The Amazing Spider-Man,665,1963,2011,0
Brand New Day,176,The Amazing Spider-Man,666,1963,2011,0
Brand New Day,177,Venom,5,2011,2011,1
Brand New Day,178,The Amazing Spider-Man,667,1963,2011,0
Brand New Day,179,Spider-Island: Cloak & Dagger,1,2011,2011,0
Brand New Day,180,Spider-Island: Deadly Foes,1,2011,2011,0
Brand New Day,181,Venom,6,2011,2011,1
Brand New Day,182,Spider-Island: Deadly Hands of Kung Fu,1,2011,2011,0
Brand New Day,183,Spider-Island: The Amazing Spider-Girl,1,2011,2011,0
Brand New Day,184,Spider-Island: Emergence of Evil - Jackal & Hobgoblin,1,2011,2011,0
Brand New Day,185,The Amazing Spider-Man,668,1963,2011,0
Brand New Day,186,Amazing Spider-Man: Infested,1,2011,2011,0
Brand New Day,187,Spider-Island: Cloak & Dagger,2,2011,2011,0
Brand New Day,188,Spider-Island: The Avengers,1,2011,2011,0
Brand New Day,189,Spider-Island: The Amazing Spider-Girl,2,2011,2011,0
Brand New Day,190,Spider-Island: I Love New York City,1,2011,2011,0
Brand New Day,191,The Amazing Spider-Man,669,1963,2011,0
Brand New Day,192,Spider-Island: Spider-Woman,1,2011,2011,0
Brand New Day,193,Venom,7,2011,2011,1
Brand New Day,194,The Amazing Spider-Man,670,1963,2011,0
Brand New Day,195,Spider-Island: Deadly Hands of Kung Fu,2,2011,2011,0
Brand New Day,196,Spider-Island: Heroes For Hire,1,2011,2011,0
Brand New Day,197,The Amazing Spider-Man,671,1963,2011,0
Brand New Day,198,The Amazing Spider-Man,672,1963,2011,0
Brand New Day,199,Spider-Island: The Amazing Spider-Girl,3,2011,2011,0
Brand New Day,200,The Amazing Spider-Man,673,1963,2012,0
Brand New Day,201,The Amazing Spider-Man,674,1963,2012,0
Brand New Day,202,The Amazing Spider-Man,675,1963,2012,0
Brand New Day,203,Avenging Spider-Man,1,2011,2012,0
Brand New Day,204,Avenging Spider-Man,2,2011,2012,0
Brand New Day,205,Avenging Spider-Man,3,2011,2012,0
Brand New Day,206,The Amazing Spider-Man,676,1963,2012,0
Brand New Day,207,The Amazing Spider-Man,677,1963,2012,0
Brand New Day,208,Daredevil,8,2011,2012,0
Brand New Day,209,The Amazing Spider-Man,678,1963,2012,0
Brand New Day,210,The Amazing Spider-Man,679,1963,2012,0
Brand New Day,211,The Amazing Spider-Man,679.1,1963,2012,1
Brand New Day,212,Avenging Spider-Man,4,2011,2012,0
Brand New Day,213,Avenging Spider-Man,5,2011,2012,0
Brand New Day,214,The Amazing Spider-Man,680,1963,2012,0
Brand New Day,215,The Amazing Spider-Man,681,1963,2012,0
Brand New Day,216,Avenging Spider-Man,6,2011,2012,0
Brand New Day,217,The Punisher,10,2011,2012,0
Brand New Day,218,Daredevil,11,2011,2012,0
Brand New Day,219,Avenging Spider-Man,7,2011,2012,0
Brand New Day,220,The Amazing Spider-Man Annual,39,1964,2012,0
Brand New Day,221,The Amazing Spider-Man,682,1963,2012,0
Brand New Day,222,The Amazing Spider-Man,683,1963,2012,0
Brand New Day,223,The Amazing Spider-Man,684,1963,2012,0
Brand New Day,224,The Amazing Spider-Man,685,1963,2012,0
Brand New Day,225,Amazing Spider-Man: Ends of the Earth,1,2012,2012,0
Brand New Day,226,The Amazing Spider-Man,686,1963,2012,0
Brand New Day,227,The Amazing Spider-Man,687,1963,2012,0
Brand New Day,228,Avenging Spider-Man,8,2011,2012,0
Brand New Day,229,Avengers Vs. X-Men,1,2012,2012,0
Brand New Day,230,Avengers Vs. X-Men,2,2012,2012,0
Brand New Day,231,Avengers Vs. X-Men,3,2012,2012,0
Brand New Day,232,Avengers Vs. X-Men,4,2012,2012,0
Brand New Day,233,Avengers Vs. X-Men,5,2012,2012,0
Brand New Day,234,Avengers Vs. X-Men,6,2012,2012,0
Brand New Day,235,Avengers Vs. X-Men,7,2012,2012,0
Brand New Day,236,Avengers Vs. X-Men,8,2012,2012,0
Brand New Day,237,New Avengers,25,2010,2012,0
Brand New Day,238,New Avengers,26,2010,2012,0
Brand New Day,239,New Avengers,27,2010,2012,0
Brand New Day,240,New Avengers,28,2010,2012,0
Brand New Day,241,Avengers Vs. X-Men,9,2012,2012,0
Brand New Day,242,Avengers Vs. X-Men,10,2012,2012,0
Brand New Day,243,Avengers Vs. X-Men,11,2012,2012,0
Brand New Day,244,Avengers Vs. X-Men,12,2012,2012,0
Brand New Day,245,Spider-Men,1,2012,2012,0
Brand New Day,246,Spider-Men,2,2012,2012,0
Brand New Day,247,Spider-Men,3,2012,2012,0
Brand New Day,248,Spider-Men,4,2012,2012,0
Brand New Day,249,Spider-Men,5,2012,2012,0
Brand New Day,250,The Amazing Spider-Man,688,1963,2012,0
Brand New Day,251,The Amazing Spider-Man,689,1963,2012,0
Brand New Day,252,The Amazing Spider-Man,690,1963,2012,0
Brand New Day,253,The Amazing Spider-Man,691,1963,2012,0
Brand New Day,254,Avenging Spider-Man,9,2011,2012,0
Brand New Day,255,Avenging Spider-Man,10,2011,2012,0
Brand New Day,256,The Amazing Spider-Man,692,1963,2012,0
Brand New Day,257,The Amazing Spider-Man,693,1963,2012,0
Brand New Day,258,Avenging Spider-Man,11,2011,2012,0
Brand New Day,259,The Amazing Spider-Man,694,1963,2012,0
Brand New Day,260,Avenging Spider-Man,12,2011,2012,0
Brand New Day,261,Avenging Spider-Man,13,2011,2012,0
Brand New Day,262,The Amazing Spider-Man,695,1963,2012,0
Brand New Day,263,The Amazing Spider-Man,696,1963,2012,0
Brand New Day,264,The Amazing Spider-Man,697,1963,2013,0
Brand New Day,265,Avenging Spider-Man,14,2011,2013,0
Brand New Day,266,Avenging Spider-Man,15,2011,2013,0
Brand New Day,267,Avengers,1,2012,2013,1
Brand New Day,268,Avengers,2,2012,2013,1
Brand New Day,269,Avengers,3,2012,2013,1
Brand New Day,270,The Amazing Spider-Man,698,1963,2013,0
Brand New Day,271,The Amazing Spider-Man,699,1963,2013,0
Brand New Day,272,The Amazing Spider-Man,699.1,1963,2013,0
Brand New Day,273,The Amazing Spider-Man,700,1963,2013,0
Brand New Day,274,Avenging Spider-Man,15.1,2011,2013,0
Brand New Day,275,Marvel Knights: Spider-Man,1,2013,2013,0
Brand New Day,276,Marvel Knights: Spider-Man,2,2013,2014,0
Brand New Day,277,Marvel Knights: Spider-Man,3,2013,2014,0
Brand New Day,278,Marvel Knights: Spider-Man,4,2013,2014,0
Brand New Day,279,Marvel Knights: Spider-Man,5,2013,2014,0
Brand New Day,280,The Amazing Spider-Man,700.1,1963,2014,1
Brand New Day,281,The Amazing Spider-Man,700.2,1963,2014,1
Brand New Day,282,The Amazing Spider-Man,700.3,1963,2014,1
Brand New Day,283,The Amazing Spider-Man,700.4,1963,2014,0
Brand New Day,284,The Amazing Spider-Man,700.5,1963,2014,1
Brand New Day,285,Peter Parker,1,2010,2010,0
Brand New Day,286,Peter Parker,2,2010,2010,0
Brand New Day,287,Peter Parker,3,2010,2010,0
Brand New Day,288,Peter Parker,4,2010,2010,0
Brand New Day,289,Peter Parker,5,2010,2010,0
Brightest Day,1,Brightest Day,0,2010,2010,0
Brightest Day,2,Justice League: Generation Lost,1,2010,2010,0
Brightest Day,3,Justice League: Generation Lost,2,2010,2010,0
Brightest Day,4,Justice League: Generation Lost,3,2010,2010,0
Brightest Day,5,Justice League: Generation Lost,4,2010,2010,0
Brightest Day,6,Justice League: Generation Lost,5,2010,2010,0
Brightest Day,7,Justice League: Generation Lost,6,2010,2010,0
Brightest Day,8,Green Lantern,53,2005,2010,0
Brightest Day,9,Green Lantern Corps,48,2006,2010,0
Brightest Day,10,Brightest Day,1,2010,2010,0
Brightest Day,11,Green Lantern: Emerald Warriors,1,2010,2010,0
Brightest Day,12,Green Lantern,54,2005,2010,0
Brightest Day,13,Green Lantern,55,2005,2010,0
Brightest Day,14,Brightest Day,2,2010,2010,0
Brightest Day,15,Brightest Day,3,2010,2010,0
Brightest Day,16,Brightest Day,4,2010,2010,0
Brightest Day,17,Brightest Day,5,2010,2010,0
Brightest Day,18,Brightest Day,6,2010,2010,0
Brightest Day,19,Green Lantern Corps,49,2006,2010,0
Brightest Day,20,Green Lantern Corps,50,2006,2010,0
Brightest Day,21,Green Lantern Corps,51,2006,2010,0
Brightest Day,22,Green Lantern Corps,52,2006,2010,0
Brightest Day,23,Titans: Villains For Hire Special,1,2010,2010,0
Brightest Day,24,Titans,24,2008,2010,1
Brightest Day,25,Green Lantern Corps,47,2006,2010,0
Brightest Day,26,Titans,25,2008,2010,1
Brightest Day,27,Brightest Day: The Atom Special,1,2010,2010,0
Brightest Day,28,The Flash,1,2010,2010,1
Brightest Day,29,The Flash,2,2010,2010,1
Brightest Day,30,The Flash,3,2010,2010,1
Brightest Day,31,The Flash,4,2010,2010,1
Brightest Day,32,Green Arrow,1,2010,2010,0
Brightest Day,33,Green Arrow,2,2010,2010,0
Brightest Day,34,Green Arrow,3,2010,2010,0
Brightest Day,35,Brightest Day,7,2010,2010,0
Brightest Day,36,Brightest Day,8,2010,2010,0
Brightest Day,37,The Flash,5,2010,2010,1
Brightest Day,38,The Flash,6,2010,2011,1
Brightest Day,39,Justice League of America,44,2006,2010,0
Brightest Day,40,Justice League of America,45,2006,2010,0
Brightest Day,41,Justice League of America,46,2006,2010,0
Brightest Day,42,Justice Society of America,41,2007,2010,0
Brightest Day,43,Adventure Comics,516,2009,2010,0
Brightest Day,44,Justice League of America,47,2006,2010,0
Brightest Day,45,Justice Society of America,42,2007,2010,0
Brightest Day,46,Justice League of America,48,2006,2010,0
Brightest Day,47,Justice Society of America,43,2007,2010,0
Brightest Day,48,Adventure Comics,517,2009,2010,0
Brightest Day,49,Justice League: Generation Lost,7,2010,2010,0
Brightest Day,50,Justice League: Generation Lost,8,2010,2010,0
Brightest Day,51,Justice League: Generation Lost,9,2010,2010,0
Brightest Day,52,Brightest Day,9,2010,2010,0
Brightest Day,53,Green Arrow,4,2010,2010,0
Brightest Day,54,Green Arrow,5,2010,2010,1
Brightest Day,55,Green Arrow,6,2010,2011,1
Brightest Day,56,Green Arrow,7,2010,2011,1
Brightest Day,57,Birds of Prey,1,2010,2010,0
Brightest Day,58,Birds of Prey,2,2010,2010,0
Brightest Day,59,Birds of Prey,3,2010,2010,0
Brightest Day,60,Birds of Prey,4,2010,2010,0
Brightest Day,61,Birds of Prey,5,2010,2010,1
Brightest Day,62,Brightest Day,10,2010,2010,0
Brightest Day,63,Brightest Day,11,2010,2010,0
Brightest Day,64,Brightest Day,12,2010,2010,0
Brightest Day,65,Justice League: Generation Lost,10,2010,2010,0
Brightest Day,66,Justice League: Generation Lost,11,2010,2010,0
Brightest Day,67,Justice League: Generation Lost,12,2010,2010,0
Brightest Day,68,Adventure Comics,518,2009,2010,0
Brightest Day,69,Justice League: Generation Lost,13,2010,2011,0
Brightest Day,70,Justice League: Generation Lost,14,2010,2011,0
Brightest Day,71,Titans,26,2008,2010,1
Brightest Day,72,Titans,27,2008,2010,1
Brightest Day,73,Titans,28,2008,2010,1
Brightest Day,74,Titans,29,2008,2011,1
Brightest Day,75,Adventure Comics,519,2009,2010,0
Brightest Day,76,Titans,30,2008,2011,1
Brightest Day,77,Justice League: Generation Lost,15,2010,2011,0
Brightest Day,78,Justice League: Generation Lost,16,2010,2011,0
Brightest Day,79,Adventure Comics,520,2009,2011,0
Brightest Day,80,Justice League: Generation Lost,17,2010,2011,0
Brightest Day,81,Justice League: Generation Lost,18,2010,2011,0
Brightest Day,82,Justice League: Generation Lost,19,2010,2011,0
Brightest Day,83,Justice League: Generation Lost,20,2010,2011,0
Brightest Day,84,Green Lantern: Emerald Warriors,2,2010,2010,0
Brightest Day,85,Green Lantern: Emerald Warriors,3,2010,2010,0
Brightest Day,86,Green Lantern,56,2005,2010,0
Brightest Day,87,Green Lantern,57,2005,2010,0
Brightest Day,88,Green Lantern,58,2005,2010,0
Brightest Day,89,Brightest Day,13,2010,2011,0
Brightest Day,90,Brightest Day,14,2010,2011,0
Brightest Day,91,Justice League: Generation Lost,21,2010,2011,0
Brightest Day,92,Justice League: Generation Lost,22,2010,2011,0
Brightest Day,93,Justice League: Generation Lost,23,2010,2011,0
Brightest Day,94,Justice League: Generation Lost,24,2010,2011,0
Brightest Day,95,Green Lantern,59,2005,2011,0
Brightest Day,96,Green Lantern: Emerald Warriors,4,2010,2011,0
Brightest Day,97,Green Lantern Corps,53,2006,2010,0
Brightest Day,98,Green Lantern Corps,54,2006,2011,0
Brightest Day,99,Brightest Day,15,2010,2011,0
Brightest Day,100,Brightest Day,16,2010,2011,0
Brightest Day,101,Adventure Comics,521,2009,2011,0
Brightest Day,102,Brightest Day,17,2010,2011,0
Brightest Day,103,The Flash,7,2010,2011,1
Brightest Day,104,Brightest Day,18,2010,2011,0
Brightest Day,105,Green Lantern,60,2005,2011,0
Brightest Day,106,Green Lantern,61,2005,2011,0
Brightest Day,107,Green Lantern,62,2005,2011,0
Brightest Day,108,Green Lantern: Emerald Warriors,5,2010,2011,0
Brightest Day,109,Green Lantern: Emerald Warriors,6,2010,2011,0
Brightest Day,110,Green Lantern Corps,55,2006,2011,0
Brightest Day,111,Green Lantern Corps,56,2006,2011,0
Brightest Day,112,Brightest Day,19,2010,2011,0
Brightest Day,113,Brightest Day,20,2010,2011,0
Brightest Day,114,Brightest Day,21,2010,2011,0
Brightest Day,115,Green Arrow,8,2010,2011,1
Brightest Day,116,Green Arrow,9,2010,2011,1
Brightest Day,117,Green Arrow,10,2010,2011,1
Brightest Day,118,Green Lantern Corps,57,2006,2011,0
Brightest Day,119,Brightest Day,22,2010,2011,0
Brightest Day,120,Green Arrow,11,2010,2011,1
Brightest Day,121,Brightest Day,23,2010,2011,0
Brightest Day,122,Brightest Day,24,2010,2011,0
Brightest Day,123,Green Arrow,12,2010,2011,1
Brightest Day,124,Brightest Day Aftermath: The Search for Swamp Thing,1,2011,2011,0
Brightest Day,125,Brightest Day Aftermath: The Search for Swamp Thing,2,2011,2011,0
Brightest Day,126,Brightest Day Aftermath: The Search for Swamp Thing,3,2011,2011,0
Bring on the Bad Guys,1,Bring on the Bad Guys: Doom,1,2025,2025,0
Bring on the Bad Guys,2,Bring on the Bad Guys: Green Goblin,1,2025,2025,1
Bring on the Bad Guys,3,Bring on the Bad Guys: Abomination,1,2025,2025,1
Bring on the Bad Guys,4,Bring on the Bad Guys: Loki,1,2025,2025,1
Bring on the Bad Guys,5,Bring on the Bad Guys: Red Skull,1,2025,2025,1
Bring on the Bad Guys,6,Bring on the Bad Guys: Dormammu,1,2025,2025,1
Bring on the Bad Guys,7,Bring on the Bad Guys: Mephisto,1,2025,2025,1
Bruce Wayne- Fugitive,1,Batman,600,1940,2002,0
Bruce Wayne- Fugitive,2,Birds of Prey,41,1999,2002,0
Bruce Wayne- Fugitive,3,Batman,601,1940,2002,0
Bruce Wayne- Fugitive,4,Detective Comics,769,1937,2002,0
Bruce Wayne- Fugitive,5,Batgirl,27,2000,2002,1
Bruce Wayne- Fugitive,6,Nightwing,68,1996,2002,1
Bruce Wayne- Fugitive,7,Batman: Gotham Knights,28,2000,2002,0
Bruce Wayne- Fugitive,8,Detective Comics,770,1937,2002,0
Bruce Wayne- Fugitive,9,Nightwing,69,1996,2002,1
Bruce Wayne- Fugitive,10,Birds of Prey,43,1999,2002,0
Bruce Wayne- Fugitive,11,Batman,603,1940,2002,0
Bruce Wayne- Fugitive,12,Detective Comics,771,1937,2002,0
Bruce Wayne- Fugitive,13,Batgirl,29,2000,2002,1
Bruce Wayne- Fugitive,14,Batman: Gotham Knights,30,2000,2002,0
Bruce Wayne- Fugitive,15,Azrael: Agent of the Bat,91,1998,2002,0
Bruce Wayne- Fugitive,16,Detective Comics,772,1937,2002,0
Bruce Wayne- Fugitive,17,Batman: Gotham Knights,31,2000,2002,0
Bruce Wayne- Fugitive,18,Batman,605,1940,2002,0
Bruce Wayne- Fugitive,19,Batman,606,1940,2002,0
Bruce Wayne- Fugitive,20,Batman,607,1940,2002,0
Bruce Wayne- Fugitive,21,Detective Comics,773,1937,2002,0
Bruce Wayne- Fugitive,22,Detective Comics,774,1937,2002,0
Bruce Wayne- Fugitive,23,Detective Comics,775,1937,2002,0
Bruce Wayne- Fugitive,24,Batgirl,33,2000,2002,1
Bruce Wayne Murderer,1,Batman: The 10-Cent Adventure,1,2002,2002,0
Bruce Wayne Murderer,2,Detective Comics,766,1937,2002,0
Bruce Wayne Murderer,3,Batgirl,24,2000,2002,1
Bruce Wayne Murderer,4,Nightwing,65,1996,2002,1
Bruce Wayne Murderer,5,Batman: Gotham Knights,25,2000,2002,0
Bruce Wayne Murderer,6,Birds of Prey,39,1999,2002,0
Bruce Wayne Murderer,7,Robin,98,1993,2002,0
Bruce Wayne Murderer,8,Batman,599,1940,2002,0
Bruce Wayne Murderer,9,Detective Comics,767,1937,2002,0
Bruce Wayne Murderer,10,Nightwing,66,1996,2002,1
Bruce Wayne Murderer,11,Batman: Gotham Knights,26,2000,2002,0
Bruce Wayne Murderer,12,Robin,99,1993,2002,0
Bruce Wayne Murderer,13,Birds of Prey,40,1999,2002,0
Carnage Reigns,1,Carnage Reigns: Alpha,1,2023,2023,1
Carnage Reigns,2,Miles Morales: Spider-Man,6,2022,2023,1
Carnage Reigns,3,Carnage,13,2022,2023,1
Carnage Reigns,4,Red Goblin,5,2023,2023,1
Carnage Reigns,5,Carnage,14,2022,2023,1
Carnage Reigns,6,Miles Morales: Spider-Man,7,2022,2023,1
Carnage Reigns,7,Carnage Reigns Omega,1,2023,2023,1
Chaos War,1,Chaos War: Chaos King,1,2011,2011,0
Chaos War,2,Chaos War,1,2010,2010,0
Chaos War,3,Chaos War: Ares,1,2011,2011,0
Chaos War,4,Chaos War,2,2010,2010,0
Chaos War,5,Chaos War,3,2010,2011,0
Chaos War,6,Chaos War: God Squad,1,2011,2011,0
Chaos War,7,Chaos War: Alpha Flight,1,2011,2011,0
Chaos War,8,Incredible Hulks,618,2010,2011,0
Chaos War,9,Incredible Hulks,619,2010,2011,0
Chaos War,10,Incredible Hulks,620,2010,2011,0
Chaos War,11,Chaos War: Thor,1,2011,2011,0
Chaos War,12,Chaos War: Thor,2,2011,2011,0
Chaos War,13,Chaos War: Dead Avengers,1,2011,2011,0
Chaos War,14,Chaos War,4,2010,2011,0
Chaos War,15,Chaos War: X-Men,1,2011,2011,0
Chaos War,16,Chaos War: X-Men,2,2011,2011,0
Chaos War,17,Chaos War: Dead Avengers,2,2011,2011,0
Chaos War,18,Chaos War: Dead Avengers,3,2011,2011,0
Chaos War,19,Chaos War,5,2010,2011,0
City of Bane,1,Batman,75,2016,2019,1
City of Bane,2,Batman Secret Files,2,2018,2019,1
City of Bane,3,Batman,76,2016,2019,1
City of Bane,4,Batman,77,2016,2019,1
City of Bane,5,Batman,78,2016,2019,1
City of Bane,6,Batman,79,2016,2019,1
City of Bane,7,Batman,80,2016,2019,1
City of Bane,8,Batman,81,2016,2019,1
City of Bane,9,Batman Annual,4,2016,2019,0
City of Bane,10,Batman,82,2016,2020,1
City of Bane,11,Batman,83,2016,2020,1
City of Bane,12,Batman,84,2016,2020,1
City of Bane,13,Batman,85,2016,2020,1
City of Bane,14,Detective Comics Annual,3,2016,2020,1
City of Bane,15,Batman: Pennyworth R.I.P.,1,2020,2020,1
Civil War II,1,International Iron Man,4,2016,2016,0
Civil War II,2,The Totally Awesome Hulk,7,2015,2016,0
Civil War II,3,The Totally Awesome Hulk,8,2015,2016,0
Civil War II,4,Invincible Iron Man,6,2015,2016,0
Civil War II,5,Invincible Iron Man,7,2015,2016,0
Civil War II,6,Invincible Iron Man,8,2015,2016,0
Civil War II,7,Invincible Iron Man,9,2015,2016,0
Civil War II,8,Invincible Iron Man,10,2015,2016,1
Civil War II,9,Invincible Iron Man,11,2015,2016,0
Civil War II,10,Ultimates,7,2015,2016,0
Civil War II,11,Civil War II,0,2016,2016,0
Civil War II,12,All-New Wolverine,8,2015,2016,0
Civil War II,13,All-New Wolverine,9,2015,2016,0
Civil War II,14,Ms. Marvel,7,2015,2016,0
Civil War II,15,Civil War II: Ulysses Infinite Comic,1,2016,2016,0
Civil War II,16,Civil War II: Ulysses Infinite Comic,2,2016,2016,0
Civil War II,17,Civil War II: Ulysses Infinite Comic,3,2016,2016,0
Civil War II,18,Civil War II: Ulysses Infinite Comic,4,2016,2016,0
Civil War II,19,Civil War II: Ulysses Infinite Comic,5,2016,2016,0
Civil War II,20,Civil War II: Ulysses Infinite Comic,6,2016,2016,0
Civil War II,21,Civil War II,1,2016,2016,0
Civil War II,22,Captain Marvel,6,2016,2016,1
Civil War II,23,Free Comic Book Day 2016 (Civil War II),1,2016,2016,0
Civil War II,24,Civil War II: Gods of War,1,2016,2016,0
Civil War II,25,New Avengers,12,2015,2016,0
Civil War II,26,Civil War II: Choosing Sides,1,2016,2016,0
Civil War II,27,Deadpool,14,2015,2016,1
Civil War II,28,Deadpool,15,2015,2016,0
Civil War II,29,Deadpool,16,2015,2016,0
Civil War II,30,Deadpool,17,2015,2016,0
Civil War II,31,Deadpool,18,2015,2016,0
Civil War II,32,Spider-Man 2099,13,2015,2016,1
Civil War II,33,Spider-Man 2099,14,2015,2016,1
Civil War II,34,Spider-Man 2099,15,2015,2016,1
Civil War II,35,Spider-Man 2099,16,2015,2016,1
Civil War II,36,Civil War II: Amazing Spider-Man,1,2016,2016,0
Civil War II,37,Civil War II: Amazing Spider-Man,2,2016,2016,0
Civil War II,38,Civil War II: Amazing Spider-Man,3,2016,2016,0
Civil War II,39,Civil War II: Amazing Spider-Man,4,2016,2016,0
Civil War II,40,Spider-Woman,9,2015,2016,1
Civil War II,41,All-New Wolverine,10,2015,2016,1
Civil War II,42,All-New Wolverine,11,2015,2016,0
Civil War II,43,All-New Wolverine,12,2015,2016,1
Civil War II,44,Power Man and Iron Fist,6,2016,2016,0
Civil War II,45,Ultimates,8,2015,2016,0
Civil War II,46,"Patsy Walker, A.K.A. Hellcat!",8,2015,2016,0
Civil War II,47,A-Force,8,2016,2016,0
Civil War II,48,A-Force,9,2016,2016,0
Civil War II,49,A-Force,10,2016,2016,0
Civil War II,50,Scarlet Witch,9,2015,2016,1
Civil War II,51,Spider-Man,6,2016,2016,1
Civil War II,52,Civil War II,2,2016,2016,0
Civil War II,53,Agents of S.H.I.E.L.D.,7,2016,2016,0
Civil War II,54,Uncanny Inhumans,11,2015,2016,0
Civil War II,55,Uncanny Inhumans,12,2015,2016,0
Civil War II,56,Uncanny Inhumans,13,2015,2016,0
Civil War II,57,Uncanny Inhumans,14,2015,2016,0
Civil War II,58,Invincible Iron Man,12,2015,2016,0
Civil War II,59,Invincible Iron Man,13,2015,2016,1
Civil War II,60,Captain America: Sam Wilson,10,2015,2016,1
Civil War II,61,Civil War II: Choosing Sides,2,2016,2016,0
Civil War II,62,Civil War II: X-Men,1,2016,2016,0
Civil War II,63,Civil War II: X-Men,2,2016,2016,0
Civil War II,64,Civil War II: X-Men,3,2016,2016,0
Civil War II,65,Civil War II: X-Men,4,2016,2016,0
Civil War II,66,Captain Marvel,7,2016,2016,1
Civil War II,67,Ms. Marvel,8,2015,2016,0
Civil War II,68,Ms. Marvel,9,2015,2016,0
Civil War II,69,Ms. Marvel,10,2015,2016,0
Civil War II,70,Captain America: Sam Wilson,11,2015,2016,1
Civil War II,71,Captain America: Sam Wilson,12,2015,2016,1
Civil War II,72,Captain America: Sam Wilson,13,2015,2016,1
Civil War II,73,Civil War II: Kingpin,1,2016,2016,0
Civil War II,74,Civil War II: Kingpin,2,2016,2016,0
Civil War II,75,Civil War II: Kingpin,3,2016,2016,0
Civil War II,76,Civil War II: Kingpin,4,2016,2016,0
Civil War II,77,Civil War II: Gods of War,2,2016,2016,0
Civil War II,78,Civil War II: Gods of War,3,2016,2016,0
Civil War II,79,Civil War II: Gods of War,4,2016,2016,0
Civil War II,80,Captain America: Steve Rogers,4,2016,2016,0
Civil War II,81,Spider-Man,7,2016,2016,1
Civil War II,82,Civil War II,3,2016,2016,0
Civil War II,83,Spider-Man,8,2016,2016,1
Civil War II,84,Civil War II: Choosing Sides,3,2016,2016,0
Civil War II,85,Civil War II: Choosing Sides,4,2016,2016,0
Civil War II,86,Civil War II: Choosing Sides,5,2016,2016,0
Civil War II,87,Civil War II: Choosing Sides,6,2016,2016,0
Civil War II,88,Nova,8,2015,2016,0
Civil War II,89,Nova,9,2015,2016,0
Civil War II,90,Spider-Woman,10,2015,2016,1
Civil War II,91,Uncanny Avengers,13,2015,2016,0
Civil War II,92,Spider-Woman,11,2015,2016,1
Civil War II,93,Uncanny Avengers,14,2015,2016,0
Civil War II,94,"All-New, All-Different Avengers",13,2015,2016,0
Civil War II,95,"All-New, All-Different Avengers",14,2015,2016,0
Civil War II,96,"All-New, All-Different Avengers",15,2015,2016,0
Civil War II,97,Captain Marvel,8,2016,2016,1
Civil War II,98,Ms. Marvel,11,2015,2016,0
Civil War II,99,Power Man and Iron Fist,7,2016,2016,0
Civil War II,100,Power Man and Iron Fist,8,2016,2016,0
Civil War II,101,Power Man and Iron Fist,9,2016,2016,0
Civil War II,102,Mockingbird,6,2016,2016,0
Civil War II,103,New Avengers,13,2015,2016,0
Civil War II,104,New Avengers,14,2015,2016,0
Civil War II,105,New Avengers,15,2015,2016,0
Civil War II,106,New Avengers,16,2015,2016,0
Civil War II,107,New Avengers,17,2015,2016,0
Civil War II,108,New Avengers,18,2015,2017,0
Civil War II,109,Ultimates,9,2015,2016,0
Civil War II,110,Squadron Supreme,9,2015,2016,0
Civil War II,111,Squadron Supreme,10,2015,2016,0
Civil War II,112,Squadron Supreme,11,2015,2016,0
Civil War II,113,Squadron Supreme,12,2015,2016,0
Civil War II,114,Guardians of the Galaxy,11,2015,2016,1
Civil War II,115,Rocket Raccoon & Groot,8,2016,2016,0
Civil War II,116,Rocket Raccoon & Groot,9,2016,2016,0
Civil War II,117,Rocket Raccoon & Groot,10,2016,2016,0
Civil War II,118,Venom: Space Knight,11,2015,2016,0
Civil War II,119,Venom: Space Knight,12,2015,2016,1
Civil War II,120,Venom: Space Knight,13,2015,2016,0
Civil War II,121,Ultimates,10,2015,2016,0
Civil War II,122,Ultimates,11,2015,2016,0
Civil War II,123,Civil War II,4,2016,2016,0
Civil War II,124,Captain Marvel,9,2016,2016,1
Civil War II,125,Captain Marvel,10,2016,2017,1
Civil War II,126,The Accused,1,2016,2016,0
Civil War II,127,The Fallen,1,2016,2016,0
Civil War II,128,The Totally Awesome Hulk,9,2015,2016,0
Civil War II,129,The Totally Awesome Hulk,10,2015,2016,0
Civil War II,130,The Totally Awesome Hulk,11,2015,2016,0
Civil War II,131,The Totally Awesome Hulk,12,2015,2017,0
Civil War II,132,Mockingbird,7,2016,2016,0
Civil War II,133,Mockingbird,8,2016,2016,0
Civil War II,134,Agents of S.H.I.E.L.D.,8,2016,2016,0
Civil War II,135,Agents of S.H.I.E.L.D.,9,2016,2016,0
Civil War II,136,Agents of S.H.I.E.L.D.,10,2016,2016,0
Civil War II,137,Invincible Iron Man,14,2015,2016,1
Civil War II,138,Civil War II,5,2016,2016,0
Civil War II,139,Civil War II,6,2016,2016,0
Civil War II,140,Guardians of the Galaxy,12,2015,2016,1
Civil War II,141,Guardians of the Galaxy,13,2015,2016,1
Civil War II,142,Captain America: Steve Rogers,5,2016,2016,0
Civil War II,143,Captain America: Steve Rogers,6,2016,2016,0
Civil War II,144,Thunderbolts,5,2016,2016,0
Civil War II,145,Spider-Man,9,2016,2017,1
Civil War II,146,Civil War II,7,2016,2017,0
Civil War II,147,Civil War II,8,2016,2017,0
Civil War II,148,Spider-Man,10,2016,2017,1
Civil War II,149,Ultimates,12,2015,2016,0
Civil War II,150,Uncanny Avengers,15,2015,2016,0
Civil War II,151,Uncanny Avengers,16,2015,2017,0
Civil War II,152,Uncanny Avengers,17,2015,2017,0
Civil War II,153,Civil War II: The Oath,1,2017,2017,0
Civil War,1,The Amazing Spider-Man,529,1963,2006,0
Civil War,2,The Amazing Spider-Man,530,1963,2006,0
Civil War,3,The Amazing Spider-Man,531,1963,2006,0
Civil War,4,The New Avengers: Illuminati,1,2006,2006,0
Civil War,5,Fantastic Four,536,1998,2006,0
Civil War,6,Fantastic Four,537,1998,2006,0
Civil War,7,Civil War: Opening Shot Sketchbook,1,2006,2006,0
Civil War,8,Civil War,1,2006,2006,0
Civil War,9,Wolverine,42,2003,2006,1
Civil War,10,Wolverine,43,2003,2006,1
Civil War,11,Wolverine,44,2003,2006,1
Civil War,12,Wolverine,45,2003,2006,1
Civil War,13,She-Hulk,8,2005,2006,0
Civil War,14,X-Factor,8,2006,2006,1
Civil War,15,New Avengers,21,2004,2006,0
Civil War,16,New Avengers,22,2004,2006,0
Civil War,17,New X-Men,28,2004,2006,0
Civil War,18,Civil War: Front Line,1,2006,2006,0
Civil War,19,Civil War,2,2006,2006,0
Civil War,20,The Amazing Spider-Man,532,1963,2006,0
Civil War,21,The Amazing Spider-Man,533,1963,2006,0
Civil War,22,Thunderbolts,103,2006,2006,0
Civil War,23,Civil War: Front Line,2,2006,2006,0
Civil War,24,The Sensational Spider-Man,28,2006,2006,0
Civil War,25,The Sensational Spider-Man,29,2006,2006,0
Civil War,26,The Sensational Spider-Man,30,2006,2006,0
Civil War,27,The Sensational Spider-Man,31,2006,2006,0
Civil War,28,She-Hulk,9,2005,2006,0
Civil War,29,Fantastic Four,538,1998,2006,0
Civil War,30,Fantastic Four,539,1998,2006,0
Civil War,31,The Amazing Spider-Man,534,1963,2006,0
Civil War,32,Civil War: Front Line,3,2006,2006,0
Civil War,33,Iron Man,13,2004,2006,1
Civil War,34,Ms. Marvel,6,2006,2006,0
Civil War,35,Ms. Marvel,7,2006,2006,0
Civil War,36,Ms. Marvel,8,2006,2006,0
Civil War,37,Ms. Marvel,9,2006,2007,0
Civil War,38,Ms. Marvel,10,2006,2007,0
Civil War,39,Thunderbolts,104,2006,2006,0
Civil War,40,Thunderbolts,105,2006,2006,0
Civil War,41,New X-Men,29,2004,2006,0
Civil War,42,New X-Men,30,2004,2006,0
Civil War,43,New X-Men,31,2004,2006,0
Civil War,44,Black Panther,18,2005,2006,0
Civil War,45,Black Panther,19,2005,2006,0
Civil War,46,Black Panther,20,2005,2006,0
Civil War,47,Black Panther,21,2005,2006,0
Civil War,48,Black Panther,22,2005,2007,0
Civil War,49,Civil War: X-Men,1,2006,2006,0
Civil War,50,Heroes for Hire,1,2006,2006,0
Civil War,51,Civil War,3,2006,2006,0
Civil War,52,Civil War,4,2006,2006,0
Civil War,53,Civil War: X-Men,2,2006,2006,0
Civil War,54,Civil War: X-Men,3,2006,2006,0
Civil War,55,Civil War: X-Men,4,2006,2006,0
Civil War,56,Black Panther,23,2005,2007,0
Civil War,57,Cable & Deadpool,30,2004,2006,0
Civil War,58,Cable & Deadpool,31,2004,2006,0
Civil War,59,Cable & Deadpool,32,2004,2006,0
Civil War,60,Civil War: Young Avengers & Runaways,1,2006,2006,0
Civil War,61,Civil War: Young Avengers & Runaways,2,2006,2006,0
Civil War,62,Civil War: Young Avengers & Runaways,3,2006,2006,0
Civil War,63,Civil War: Young Avengers & Runaways,4,2006,2006,0
Civil War,64,Daily Bugle Civil War Newspaper Special,1,2006,2006,0
Civil War,65,Civil War: Front Line,4,2006,2006,0
Civil War,66,X-Factor,9,2006,2006,1
Civil War,67,Civil War: Front Line,5,2006,2006,0
Civil War,68,Heroes for Hire,2,2006,2006,0
Civil War,69,Heroes for Hire,3,2006,2006,0
Civil War,70,New Avengers,23,2004,2006,0
Civil War,71,Iron Man/Captain America: Casualties of War,1,2007,2007,0
Civil War,72,Civil War Files,1,2006,2006,0
Civil War,73,Wolverine,46,2003,2006,0
Civil War,74,Wolverine,47,2003,2006,1
Civil War,75,Captain America,22,2004,2006,0
Civil War,76,Captain America,23,2004,2006,0
Civil War,77,Captain America,24,2004,2007,0
Civil War,78,Civil War: Front Line,6,2006,2006,0
Civil War,79,Civil War: Front Line,7,2006,2006,0
Civil War,80,Civil War: Choosing Sides,1,2006,2006,0
Civil War,81,New Avengers,24,2004,2006,0
Civil War,82,Fantastic Four,540,1998,2006,0
Civil War,83,The Amazing Spider-Man,535,1963,2006,0
Civil War,84,Civil War,5,2006,2006,0
Civil War,85,The Amazing Spider-Man,536,1963,2006,0
Civil War,86,Punisher War Journal,1,2007,2007,0
Civil War,87,The Sensational Spider-Man,32,2006,2007,0
Civil War,88,The Sensational Spider-Man,33,2006,2007,0
Civil War,89,The Sensational Spider-Man,34,2006,2007,0
Civil War,90,New Avengers,25,2004,2006,0
Civil War,91,Civil War: Front Line,8,2006,2006,0
Civil War,92,Civil War: Front Line,9,2006,2007,0
Civil War,93,Civil War: Front Line,10,2006,2007,0
Civil War,94,Wolverine,48,2003,2007,1
Civil War,95,Civil War: War Crimes,1,2007,2007,0
Civil War,96,Iron Man,14,2004,2007,1
Civil War,97,Fantastic Four,541,1998,2007,0
Civil War,98,Fantastic Four,542,1998,2007,0
Civil War,99,Thunderbolts,106,2006,2006,0
Civil War,100,Thunderbolts,107,2006,2006,0
Civil War,101,Thunderbolts,108,2006,2007,0
Civil War,102,Winter Soldier:  Winter Kills,1,2007,2007,0
Civil War,103,Blade,5,2006,2007,0
Civil War,104,Civil War: The Return,1,2007,2007,0
Civil War,105,Black Panther,24,2005,2007,0
Civil War,106,Moon Knight,7,2006,2007,1
Civil War,107,Moon Knight,8,2006,2007,1
Civil War,108,Moon Knight,9,2006,2007,1
Civil War,109,Moon Knight,10,2006,2007,1
Civil War,110,Moon Knight,11,2006,2007,1
Civil War,111,Moon Knight,12,2006,2007,1
Civil War,112,The Amazing Spider-Man,537,1963,2007,0
Civil War,113,Civil War,6,2006,2006,0
Civil War,114,Civil War,7,2006,2007,0
Civil War,115,Black Panther,25,2005,2007,0
Civil War,116,The Amazing Spider-Man,538,1963,2007,0
Civil War,117,The Amazing Spider-Man,539,1963,2007,0
Civil War,118,Punisher War Journal,2,2007,2007,0
Civil War,119,Punisher War Journal,3,2007,2007,0
Civil War,120,Punisher War Journal,4,2007,2007,0
Civil War,121,Civil War: Front Line,11,2006,2007,0
Civil War,122,Captain America,25,2004,2007,0
Civil War,123,Punisher War Journal,5,2007,2007,0
Civil War,124,Civil War: The Confession,1,2007,2007,0
Civil War,125,Civil War: The Initiative,1,2007,2007,0
Civil War,126,Fallen Son: The Death of Captain America,1,2007,2007,0
Civil War,127,Fallen Son: The Death of Captain America,2,2007,2007,0
Civil War,128,Fallen Son: The Death of Captain America,3,2007,2007,0
Civil War,129,Fallen Son: The Death of Captain America,4,2007,2007,0
Civil War,130,Fallen Son: The Death of Captain America,5,2007,2007,0
Civil War,131,Fantastic Four,543,1998,2007,0
Civil War,132,Civil War: Battle Damage Report,1,2007,2007,0
Contest of Chaos,1,Scarlet Witch Annual,1,2023,2023,1
Contest of Chaos,2,Spider-Man Annual,1,2023,2023,1
Contest of Chaos,3,Invincible Iron Man Annual,1,2023,2023,0
Contest of Chaos,4,Fantastic Four Annual,1,2023,2023,1
Contest of Chaos,5,Moon Knight Annual,1,2023,2023,1
Contest of Chaos,6,Spider-Gwen Annual,1,2023,2023,1
Contest of Chaos,7,Venom Annual,1,2023,2023,1
Contest of Chaos,8,X-Men Annual,1,2023,2023,1
Contest of Chaos,9,Avengers Annual,1,2023,2023,1
Convergence,1,Convergence,0,2015,2015,0
Convergence,2,Convergence,1,2015,2015,0
Convergence,3,Convergence Speed Force,1,2015,2015,0
Convergence,4,Convergence Speed Force,2,2015,2015,0
Convergence,5,Convergence Superman,1,2015,2015,0
Convergence,6,Convergence Superman,2,2015,2015,0
Convergence,7,Convergence Nightwing/Oracle,1,2015,2015,0
Convergence,8,Convergence Nightwing/Oracle,2,2015,2015,0
Convergence,9,Convergence The Question,1,2015,2015,0
Convergence,10,Convergence The Question,2,2015,2015,0
Convergence,11,Convergence Batman and Robin,1,2015,2015,0
Convergence,12,Convergence Batman and Robin,2,2015,2015,0
Convergence,13,Convergence Batgirl,1,2015,2015,0
Convergence,14,Convergence Batgirl,2,2015,2015,0
Convergence,15,Convergence Harley Quinn,1,2015,2015,0
Convergence,16,Convergence Harley Quinn,2,2015,2015,0
Convergence,17,Convergence Justice League,1,2015,2015,0
Convergence,18,Convergence Justice League,2,2015,2015,0
Convergence,19,Convergence Atom,1,2015,2015,0
Convergence,20,Convergence Atom,2,2015,2015,0
Convergence,21,Convergence Titans,1,2015,2015,0
Convergence,22,Convergence Titans,2,2015,2015,1
Convergence,23,Convergence,2,2015,2015,0
Convergence,24,Convergence Aquaman,1,2015,2015,0
Convergence,25,Convergence Aquaman,2,2015,2015,0
Convergence,26,Convergence Green Arrow,1,2015,2015,0
Convergence,27,Convergence Green Arrow,2,2015,2015,0
Convergence,28,Convergence Green Lantern/Parallax,1,2015,2015,0
Convergence,29,Convergence Green Lantern/Parallax,2,2015,2015,0
Convergence,30,Convergence Suicide Squad,1,2015,2015,0
Convergence,31,Convergence Suicide Squad,2,2015,2015,0
Convergence,32,Convergence Justice League International,1,2015,2015,0
Convergence,33,Convergence Justice League International,2,2015,2015,0
Convergence,34,Convergence Superboy,1,2015,2015,0
Convergence,35,Convergence Superboy,2,2015,2015,0
Convergence,36,Convergence Batman: Shadow of the Bat,1,2015,2015,0
Convergence,37,Convergence Batman: Shadow of the Bat,2,2015,2015,0
Convergence,38,Convergence Supergirl: Matrix,1,2015,2015,0
Convergence,39,Convergence Supergirl: Matrix,2,2015,2015,0
Convergence,40,Convergence Catwoman,1,2015,2015,0
Convergence,41,Convergence Catwoman,2,2015,2015,0
Convergence,42,Convergence Superman: Man of Steel,1,2015,2015,0
Convergence,43,Convergence Superman: Man of Steel,2,2015,2015,0
Convergence,44,Convergence,3,2015,2015,0
Convergence,45,Convergence Superboy and the Legion of Super-Heroes,1,2015,2015,0
Convergence,46,Convergence Superboy and the Legion of Super-Heroes,2,2015,2015,0
Convergence,47,Convergence Hawkman,1,2015,2015,0
Convergence,48,Convergence Hawkman,2,2015,2015,0
Convergence,49,Convergence The Flash,1,2015,2015,0
Convergence,50,Convergence The Flash,2,2015,2015,0
Convergence,51,Convergence Green Lantern Corps,1,2015,2015,0
Convergence,52,Convergence Green Lantern Corps,2,2015,2015,0
Convergence,53,Convergence Batman and the Outsiders,1,2015,2015,0
Convergence,54,Convergence Batman and the Outsiders,2,2015,2015,0
Convergence,55,Convergence Adventures of Superman,1,2015,2015,0
Convergence,56,Convergence Adventures of Superman,2,2015,2015,0
Convergence,57,Convergence Wonder Woman,1,2015,2015,0
Convergence,58,Convergence Wonder Woman,2,2015,2015,0
Convergence,59,Convergence Swamp Thing,1,2015,2015,0
Convergence,60,Convergence Swamp Thing,2,2015,2015,0
Convergence,61,Convergence New Teen Titans,1,2015,2015,0
Convergence,62,Convergence New Teen Titans,2,2015,2015,0
Convergence,63,Convergence Justice League of America,1,2015,2015,0
Convergence,64,Convergence Justice League of America,2,2015,2015,0
Convergence,65,Justice League,40,2011,2015,1
Convergence,66,Convergence,4,2015,2015,0
Convergence,67,Convergence Booster Gold,1,2015,2015,0
Convergence,68,Convergence Booster Gold,2,2015,2015,0
Convergence,69,Convergence Action Comics,1,2015,2015,0
Convergence,70,Convergence Action Comics,2,2015,2015,0
Convergence,71,Convergence Detective Comics,1,2015,2015,0
Convergence,72,Convergence Detective Comics,2,2015,2015,0
Convergence,73,Convergence Justice Society of America,1,2015,2015,0
Convergence,74,Convergence Justice Society of America,2,2015,2015,0
Convergence,75,Convergence Infinity INC.,1,2015,2015,0
Convergence,76,Convergence Infinity INC.,2,2015,2015,0
Convergence,77,Convergence World's Finest,1,2015,2015,0
Convergence,78,Convergence World's Finest,2,2015,2015,0
Convergence,79,Convergence Plastic Man and the Freedom Fighters,1,2015,2015,0
Convergence,80,Convergence Plastic Man and the Freedom Fighters,2,2015,2015,0
Convergence,81,Convergence Shazam,1,2015,2015,0
Convergence,82,Convergence Shazam,2,2015,2015,0
Convergence,83,Convergence Crime Syndicate,1,2015,2015,0
Convergence,84,Convergence Crime Syndicate,2,2015,2015,0
Convergence,85,Convergence Blue Beetle,1,2015,2015,0
Convergence,86,Convergence Blue Beetle,2,2015,2015,0
Convergence,87,Convergence,5,2015,2015,0
Convergence,88,Convergence,6,2015,2015,0
Convergence,89,Convergence,7,2015,2015,0
Convergence,90,Convergence,8,2015,2015,0
Countdown to Final Crisis,1,Countdown,51,2007,2007,0
Countdown to Final Crisis,2,Countdown,50,2007,2007,0
Countdown to Final Crisis,3,Countdown,49,2007,2007,0
Countdown to Final Crisis,4,Countdown,48,2007,2007,0
Countdown to Final Crisis,5,Countdown,47,2007,2007,0
Countdown to Final Crisis,6,Countdown,46,2007,2007,0
Countdown to Final Crisis,7,Countdown,45,2007,2007,0
Countdown to Final Crisis,8,Countdown,44,2007,2007,0
Countdown to Final Crisis,9,Countdown,43,2007,2007,0
Countdown to Final Crisis,10,Countdown,42,2007,2007,0
Countdown to Final Crisis,11,Countdown,41,2007,2007,0
Countdown to Final Crisis,12,Countdown,40,2007,2007,0
Countdown to Final Crisis,13,Countdown,39,2007,2007,0
Countdown to Final Crisis,14,Countdown,38,2007,2007,0
Countdown to Final Crisis,15,Countdown,37,2007,2007,0
Countdown to Final Crisis,16,Countdown,36,2007,2007,0
Countdown to Final Crisis,17,Countdown,35,2007,2007,0
Countdown to Final Crisis,18,Countdown,34,2007,2007,0
Countdown to Final Crisis,19,Countdown,33,2007,2007,0
Countdown to Final Crisis,20,Countdown,32,2007,2007,0
Countdown to Final Crisis,21,Countdown,31,2007,2007,0
Countdown to Final Crisis,22,Countdown,30,2007,2007,0
Countdown to Final Crisis,23,Countdown,29,2007,2007,0
Countdown to Final Crisis,24,Countdown,28,2007,2007,0
Countdown to Final Crisis,25,Countdown,27,2007,2007,0
Countdown to Final Crisis,26,Countdown,26,2007,2007,0
Countdown to Final Crisis,27,Countdown,25,2007,2007,0
Countdown to Final Crisis,28,Countdown,24,2007,2007,0
Countdown to Final Crisis,29,Countdown,23,2007,2007,0
Countdown to Final Crisis,30,Countdown,22,2007,2007,0
Countdown to Final Crisis,31,Countdown,21,2007,2007,0
Countdown to Final Crisis,32,Countdown,20,2007,2007,0
Countdown to Final Crisis,33,Countdown,19,2007,2007,0
Countdown to Final Crisis,34,Countdown,18,2007,2007,0
Countdown to Final Crisis,35,Countdown,17,2007,2008,0
Countdown to Final Crisis,36,Countdown,16,2007,2008,0
Countdown to Final Crisis,37,Countdown,15,2007,2008,0
Countdown to Final Crisis,38,Countdown,14,2007,2008,0
Countdown to Final Crisis,39,Countdown,13,2007,2008,0
Countdown to Final Crisis,40,Countdown,12,2007,2008,0
Countdown to Final Crisis,41,Countdown,11,2007,2008,0
Countdown to Final Crisis,42,Countdown,10,2007,2008,0
Countdown to Final Crisis,43,Countdown,9,2007,2008,0
Countdown to Final Crisis,44,Countdown,8,2007,2008,0
Countdown to Final Crisis,45,Countdown,7,2007,2008,0
Countdown to Final Crisis,46,Countdown,6,2007,2008,0
Countdown to Final Crisis,47,Countdown,5,2007,2008,0
Countdown to Final Crisis,48,Countdown,4,2007,2008,0
Countdown to Final Crisis,49,Countdown,3,2007,2008,0
Countdown to Final Crisis,50,Countdown,2,2007,2008,0
Countdown to Final Crisis,51,Countdown,1,2007,2008,0
Countdown to Final Crisis,52,DC Universe,0,2008,2008,0
Countdown to Infinite Crisis,1,Wonder Woman,206,1987,2004,0
Countdown to Infinite Crisis,2,Wonder Woman,207,1987,2004,0
Countdown to Infinite Crisis,3,Manhunter,6,2004,2005,0
Countdown to Infinite Crisis,4,Wonder Woman,208,1987,2004,0
Countdown to Infinite Crisis,5,Wonder Woman,209,1987,2004,0
Countdown to Infinite Crisis,6,Wonder Woman,210,1987,2005,0
Countdown to Infinite Crisis,7,Wonder Woman,211,1987,2005,0
Countdown to Infinite Crisis,8,The Flash,217,1987,2005,0
Countdown to Infinite Crisis,9,The Flash,218,1987,2005,0
Countdown to Infinite Crisis,10,JSA,68,1999,2005,0
Countdown to Infinite Crisis,11,JSA,69,1999,2005,0
Countdown to Infinite Crisis,12,JSA,70,1999,2005,0
Countdown to Infinite Crisis,13,JSA,71,1999,2005,0
Countdown to Infinite Crisis,14,JSA,72,1999,2005,0
Countdown to Infinite Crisis,15,Wonder Woman,212,1987,2005,0
Countdown to Infinite Crisis,16,Wonder Woman,213,1987,2005,0
Countdown to Infinite Crisis,17,Adventures of Superman,633,1987,2004,0
Countdown to Infinite Crisis,18,Adventures of Superman,634,1987,2005,0
Countdown to Infinite Crisis,19,Adventures of Superman,635,1987,2005,0
Countdown to Infinite Crisis,20,Adventures of Superman,636,1987,2005,0
Countdown to Infinite Crisis,21,Robin,135,1993,2005,0
Countdown to Infinite Crisis,22,Robin,136,1993,2005,0
Countdown to Infinite Crisis,23,Robin,137,1993,2005,0
Countdown to Infinite Crisis,24,Robin,138,1993,2005,0
Countdown to Infinite Crisis,25,Batgirl,60,2000,2005,0
Countdown to Infinite Crisis,26,Batgirl,61,2000,2005,0
Countdown to Infinite Crisis,27,Batgirl,62,2000,2005,0
Countdown to Infinite Crisis,28,The Flash,219,1987,2005,0
Countdown to Infinite Crisis,29,Wonder Woman,214,1987,2005,0
Countdown to Infinite Crisis,30,Wonder Woman,215,1987,2005,0
Countdown to Infinite Crisis,31,Wonder Woman,216,1987,2005,0
Countdown to Infinite Crisis,32,Wonder Woman,217,1987,2005,0
Countdown to Infinite Crisis,33,Teen Titans,20,2003,2005,0
Countdown to Infinite Crisis,34,Teen Titans,21,2003,2005,0
Countdown to Infinite Crisis,35,Teen Titans,22,2003,2005,0
Countdown to Infinite Crisis,36,Teen Titans,23,2003,2005,0
Countdown to Infinite Crisis,37,Action Comics,820,1938,2004,0
Countdown to Infinite Crisis,38,Action Comics,821,1938,2005,0
Countdown to Infinite Crisis,39,Action Comics,822,1938,2005,0
Countdown to Infinite Crisis,40,Action Comics,823,1938,2005,0
Countdown to Infinite Crisis,41,Action Comics,824,1938,2005,0
Countdown to Infinite Crisis,42,Action Comics,825,1938,2005,0
Countdown to Infinite Crisis,43,Manhunter,7,2004,2005,0
Countdown to Infinite Crisis,44,Manhunter,8,2004,2005,0
Countdown to Infinite Crisis,45,Manhunter,9,2004,2005,0
Countdown to Infinite Crisis,46,Manhunter,10,2004,2005,0
Countdown to Infinite Crisis,47,Superman/Batman,14,2003,2005,0
Countdown to Infinite Crisis,48,Superman/Batman,15,2003,2005,0
Countdown to Infinite Crisis,49,Superman/Batman,16,2003,2005,0
Countdown to Infinite Crisis,50,Superman/Batman,17,2003,2005,0
Countdown to Infinite Crisis,51,Superman/Batman,18,2003,2005,0
Countdown to Infinite Crisis,52,Adventures of Superman,637,1987,2005,0
Countdown to Infinite Crisis,53,Adventures of Superman,638,1987,2005,0
Countdown to Infinite Crisis,54,Adventures of Superman,640,1987,2005,0
Countdown to Infinite Crisis,55,Superman/Batman,19,2003,2005,0
Countdown to Infinite Crisis,56,Batman,635,1940,2005,0
Countdown to Infinite Crisis,57,Batman,636,1940,2005,0
Countdown to Infinite Crisis,58,Batman,637,1940,2005,0
Countdown to Infinite Crisis,59,Batman,638,1940,2005,0
Countdown to Infinite Crisis,60,Breach,3,2005,2005,0
Countdown to Infinite Crisis,61,Superman/Batman,20,2003,2005,0
Countdown to Infinite Crisis,62,Superman/Batman,21,2003,2005,0
Countdown to Infinite Crisis,63,Superman/Batman,22,2003,2005,0
Countdown to Infinite Crisis,64,Superman/Batman,23,2003,2005,0
Countdown to Infinite Crisis,65,Superman/Batman,24,2003,2006,0
Countdown to Infinite Crisis,66,Superman/Batman,25,2003,2006,0
Countdown to Infinite Crisis,67,Green Lantern: Rebirth,1,2004,2004,0
Countdown to Infinite Crisis,68,Green Lantern: Rebirth,2,2004,2005,0
Countdown to Infinite Crisis,69,Green Lantern: Rebirth,3,2004,2005,0
Countdown to Infinite Crisis,70,Green Lantern: Rebirth,4,2004,2005,0
Countdown to Infinite Crisis,71,Green Lantern: Rebirth,5,2004,2005,0
Countdown to Infinite Crisis,72,Green Lantern: Rebirth,6,2004,2005,0
Countdown to Infinite Crisis,73,Green Lantern Secret Files and Origins 2005,1,2005,2005,0
Countdown to Infinite Crisis,74,Adam Strange,1,2004,2004,0
Countdown to Infinite Crisis,75,Adam Strange,2,2004,2004,0
Countdown to Infinite Crisis,76,Adam Strange,3,2004,2005,0
Countdown to Infinite Crisis,77,Adam Strange,4,2004,2005,0
Countdown to Infinite Crisis,78,Adam Strange,5,2004,2005,0
Countdown to Infinite Crisis,79,Adam Strange,6,2004,2005,0
Countdown to Infinite Crisis,80,Adam Strange,7,2004,2005,0
Countdown to Infinite Crisis,81,Adam Strange,8,2004,2005,0
Countdown to Infinite Crisis,82,Action Comics,826,1938,2005,0
Countdown to Infinite Crisis,83,Adventures of Superman,639,1987,2005,0
Countdown to Infinite Crisis,84,Superman,216,1987,2005,0
Countdown to Infinite Crisis,85,Countdown to Infinite Crisis,1,2005,2005,0
Countdown to Infinite Crisis,86,The OMAC Project,1,2005,2005,0
Countdown to Infinite Crisis,87,Superman,217,1987,2005,0
Countdown to Infinite Crisis,88,Day of Vengeance,1,2005,2005,0
Countdown to Infinite Crisis,89,JSA,73,1999,2005,0
Countdown to Infinite Crisis,90,JSA,74,1999,2005,0
Countdown to Infinite Crisis,91,JSA,75,1999,2005,0
Countdown to Infinite Crisis,92,Birds of Prey,81,1999,2005,0
Countdown to Infinite Crisis,93,Birds of Prey,82,1999,2005,0
Countdown to Infinite Crisis,94,Birds of Prey,83,1999,2005,0
Countdown to Infinite Crisis,95,Birds of Prey,84,1999,2005,0
Countdown to Infinite Crisis,96,Birds of Prey,85,1999,2005,0
Countdown to Infinite Crisis,97,Batman,639,1940,2005,0
Countdown to Infinite Crisis,98,Batman,640,1940,2005,0
Countdown to Infinite Crisis,99,Batman,641,1940,2005,0
Countdown to Infinite Crisis,100,Blood of the Demon,6,2005,2005,0
Countdown to Infinite Crisis,101,Blood of the Demon,7,2005,2005,0
Countdown to Infinite Crisis,102,Action Comics,832,1938,2005,0
Countdown to Infinite Crisis,103,Action Comics,827,1938,2005,0
Countdown to Infinite Crisis,104,Action Comics,828,1938,2005,0
Countdown to Infinite Crisis,105,Detective Comics,809,1937,2005,0
Countdown to Infinite Crisis,106,Batman,643,1940,2005,0
Countdown to Infinite Crisis,107,Detective Comics,810,1937,2005,0
Countdown to Infinite Crisis,108,Batman,644,1940,2005,0
Countdown to Infinite Crisis,109,Villains United,1,2005,2005,0
Countdown to Infinite Crisis,110,Batman: Gotham Knights,66,2000,2005,0
Countdown to Infinite Crisis,111,Villains United,2,2005,2005,0
Countdown to Infinite Crisis,112,Villains United,3,2005,2005,0
Countdown to Infinite Crisis,113,Breach,7,2005,2005,0
Countdown to Infinite Crisis,114,Breach,8,2005,2005,0
Countdown to Infinite Crisis,115,Robin,139,1993,2005,0
Countdown to Infinite Crisis,116,Robin,140,1993,2005,0
Countdown to Infinite Crisis,117,Robin,141,1993,2005,0
Countdown to Infinite Crisis,118,Robin,142,1993,2005,0
Countdown to Infinite Crisis,119,Green Arrow,52,2001,2005,0
Countdown to Infinite Crisis,120,Green Lantern,1,2005,2005,0
Countdown to Infinite Crisis,121,Green Lantern,2,2005,2005,0
Countdown to Infinite Crisis,122,Green Lantern,3,2005,2005,0
Countdown to Infinite Crisis,123,Green Lantern,4,2005,2005,0
Countdown to Infinite Crisis,124,Green Lantern,5,2005,2005,0
Countdown to Infinite Crisis,125,Green Lantern,6,2005,2005,0
Countdown to Infinite Crisis,126,Superman,218,1987,2005,0
Countdown to Infinite Crisis,127,Adventures of Superman,641,1987,2005,0
Countdown to Infinite Crisis,128,The OMAC Project,2,2005,2005,0
Countdown to Infinite Crisis,129,The OMAC Project,3,2005,2005,0
Countdown to Infinite Crisis,130,Wonder Woman,218,1987,2005,0
Countdown to Infinite Crisis,131,Outsiders,21,2003,2005,0
Countdown to Infinite Crisis,132,Outsiders,22,2003,2005,0
Countdown to Infinite Crisis,133,Outsiders,23,2003,2005,0
Countdown to Infinite Crisis,134,Teen Titans,24,2003,2005,0
Countdown to Infinite Crisis,135,Outsiders,24,2003,2005,0
Countdown to Infinite Crisis,136,Teen Titans,25,2003,2005,0
Countdown to Infinite Crisis,137,Outsiders,25,2003,2005,0
Countdown to Infinite Crisis,138,Teen Titans,26,2003,2005,0
Countdown to Infinite Crisis,139,Day of Vengeance,2,2005,2005,0
Countdown to Infinite Crisis,140,Day of Vengeance,3,2005,2005,0
Countdown to Infinite Crisis,141,Day of Vengeance,4,2005,2005,0
Countdown to Infinite Crisis,142,Manhunter,11,2004,2005,0
Countdown to Infinite Crisis,143,Manhunter,12,2004,2005,0
Countdown to Infinite Crisis,144,Manhunter,13,2004,2005,0
Countdown to Infinite Crisis,145,Manhunter,14,2004,2005,0
Countdown to Infinite Crisis,146,Batgirl,63,2000,2005,0
Countdown to Infinite Crisis,147,Batgirl,64,2000,2005,0
Countdown to Infinite Crisis,148,Nightwing,107,1996,2005,0
Countdown to Infinite Crisis,149,Nightwing,108,1996,2005,0
Countdown to Infinite Crisis,150,Nightwing,109,1996,2005,0
Countdown to Infinite Crisis,151,Nightwing,110,1996,2005,1
Countdown to Infinite Crisis,152,Nightwing,111,1996,2005,0
Countdown to Infinite Crisis,153,Nightwing,112,1996,2005,1
Countdown to Infinite Crisis,154,Nightwing,113,1996,2005,1
Countdown to Infinite Crisis,155,Nightwing,114,1996,2006,1
Countdown to Infinite Crisis,156,Nightwing,115,1996,2006,1
Countdown to Infinite Crisis,157,JSA: Classified,1,2005,2005,0
Countdown to Infinite Crisis,158,JSA,76,1999,2005,0
Countdown to Infinite Crisis,159,Supergirl,1,2005,2005,0
Countdown to Infinite Crisis,160,Supergirl,2,2005,2005,1
Countdown to Infinite Crisis,161,Supergirl,3,2005,2005,1
Countdown to Infinite Crisis,162,Supergirl,4,2005,2006,1
Countdown to Infinite Crisis,163,Supergirl,5,2005,2006,1
Countdown to Infinite Crisis,164,Outsiders,28,2003,2005,0
Countdown to Infinite Crisis,165,Superman,219,1987,2005,0
Countdown to Infinite Crisis,166,Action Comics,829,1938,2005,0
Countdown to Infinite Crisis,167,Adventures of Superman,642,1987,2005,0
Countdown to Infinite Crisis,168,Wonder Woman,219,1987,2005,0
Countdown to Infinite Crisis,169,The OMAC Project,4,2005,2005,0
Countdown to Infinite Crisis,170,Wonder Woman,220,1987,2005,0
Countdown to Infinite Crisis,171,Adventures of Superman,643,1987,2005,0
Countdown to Infinite Crisis,172,Firestorm,14,2004,2005,0
Countdown to Infinite Crisis,173,Firestorm,15,2004,2005,0
Countdown to Infinite Crisis,174,Firestorm,16,2004,2005,0
Countdown to Infinite Crisis,175,Villains United,4,2005,2005,0
Countdown to Infinite Crisis,176,Firestorm,17,2004,2005,0
Countdown to Infinite Crisis,177,Superman,220,1987,2005,0
Countdown to Infinite Crisis,178,The Flash,½,1987,2005,0
Countdown to Infinite Crisis,179,The Flash,220,1987,2005,0
Countdown to Infinite Crisis,180,The Flash,221,1987,2005,0
Countdown to Infinite Crisis,181,The Flash,222,1987,2005,0
Countdown to Infinite Crisis,182,The Flash,223,1987,2005,0
Countdown to Infinite Crisis,183,The Flash,224,1987,2005,0
Countdown to Infinite Crisis,184,The Flash,225,1987,2005,0
Countdown to Infinite Crisis,185,Hawkman,44,2002,2005,0
Countdown to Infinite Crisis,186,Hawkman,45,2002,2005,0
Countdown to Infinite Crisis,187,Batman,645,1940,2005,0
Countdown to Infinite Crisis,188,Superman,221,1987,2005,0
Countdown to Infinite Crisis,189,Action Comics,830,1938,2005,0
Countdown to Infinite Crisis,190,Action Comics,831,1938,2005,0
Countdown to Infinite Crisis,191,The OMAC Project,5,2005,2005,0
Countdown to Infinite Crisis,192,The OMAC Project,6,2005,2005,0
Countdown to Infinite Crisis,193,Wonder Woman,221,1987,2005,0
Countdown to Infinite Crisis,194,Superman,222,1987,2005,0
Countdown to Infinite Crisis,195,Firestorm,18,2004,2005,0
Countdown to Infinite Crisis,196,Batgirl,66,2000,2005,0
Countdown to Infinite Crisis,197,Batgirl,67,2000,2005,0
Countdown to Infinite Crisis,198,Batgirl,68,2000,2005,0
Countdown to Infinite Crisis,199,Batgirl,69,2000,2005,0
Countdown to Infinite Crisis,200,Batgirl,70,2000,2006,0
Countdown to Infinite Crisis,201,Batgirl,71,2000,2006,0
Countdown to Infinite Crisis,202,Batgirl,72,2000,2006,0
Countdown to Infinite Crisis,203,Batgirl,73,2000,2006,0
Countdown to Infinite Crisis,204,Villains United,5,2005,2005,0
Countdown to Infinite Crisis,205,Villains United,6,2005,2005,0
Countdown to Infinite Crisis,206,Batman,646,1940,2005,0
Countdown to Infinite Crisis,207,Batman,647,1940,2006,0
Countdown to Infinite Crisis,208,DC Special: The Return of Donna Troy,1,2005,2005,0
Countdown to Infinite Crisis,209,DC Special: The Return of Donna Troy,2,2005,2005,0
Countdown to Infinite Crisis,210,DC Special: The Return of Donna Troy,3,2005,2005,0
Countdown to Infinite Crisis,211,DC Special: The Return of Donna Troy,4,2005,2005,0
Countdown to Infinite Crisis,212,Catwoman,44,2002,2005,1
Countdown to Infinite Crisis,213,Catwoman,45,2002,2005,1
Countdown to Infinite Crisis,214,Catwoman,46,2002,2005,1
Countdown to Infinite Crisis,215,Catwoman,47,2002,2005,1
Countdown to Infinite Crisis,216,Catwoman,48,2002,2005,1
Countdown to Infinite Crisis,217,Catwoman,49,2002,2006,1
Countdown to Infinite Crisis,218,JLA,115,1997,2005,0
Countdown to Infinite Crisis,219,JLA,116,1997,2005,0
Countdown to Infinite Crisis,220,JLA,117,1997,2005,0
Countdown to Infinite Crisis,221,JLA,118,1997,2005,0
Countdown to Infinite Crisis,222,JLA,119,1997,2005,0
Countdown to Infinite Crisis,223,Adventures of Superman,644,1987,2005,0
Countdown to Infinite Crisis,224,Catwoman,50,2002,2006,1
Countdown to Infinite Crisis,225,Catwoman,51,2002,2006,0
Countdown to Infinite Crisis,226,JSA: Classified,5,2005,2006,0
Countdown to Infinite Crisis,227,JSA: Classified,6,2005,2006,0
Countdown to Infinite Crisis,228,JSA: Classified,7,2005,2006,0
Countdown to Infinite Crisis,229,Hawkman,46,2002,2006,0
Countdown to Infinite Crisis,230,Rann/Thanagar War,1,2005,2005,0
Countdown to Infinite Crisis,231,Rann/Thanagar War,2,2005,2005,0
Countdown to Infinite Crisis,232,Rann/Thanagar War,3,2005,2005,0
Countdown to Infinite Crisis,233,Rann/Thanagar War,4,2005,2005,0
Countdown to Infinite Crisis,234,Rann/Thanagar War,5,2005,2005,0
Countdown to Infinite Crisis,235,Rann/Thanagar War,6,2005,2005,0
Countdown to Infinite Crisis,236,Green Lantern Corps: Recharge,1,2005,2005,0
Countdown to Infinite Crisis,237,Green Lantern Corps: Recharge,2,2005,2005,0
Countdown to Infinite Crisis,238,Green Lantern Corps: Recharge,3,2005,2006,0
Countdown to Infinite Crisis,239,Green Lantern Corps: Recharge,4,2005,2006,0
Countdown to Infinite Crisis,240,Green Lantern Corps: Recharge,5,2005,2006,0
Countdown to Infinite Crisis,241,Teen Titans and Outsiders Secret Files and Origins 2005,1,2005,2005,0
Countdown to Infinite Crisis,242,JSA,77,1999,2005,0
Countdown to Infinite Crisis,243,JSA: Classified,2,2005,2005,0
Countdown to Infinite Crisis,244,JSA: Classified,3,2005,2005,0
Countdown to Infinite Crisis,245,Adventures of Superman,645,1987,2005,0
Countdown to Infinite Crisis,246,JLA,120,1997,2005,0
Countdown to Infinite Crisis,247,JLA,121,1997,2005,0
Countdown to Infinite Crisis,248,JLA,122,1997,2006,0
Countdown to Infinite Crisis,249,JLA,123,1997,2006,0
Countdown to Infinite Crisis,250,JSA,78,1999,2005,0
Countdown to Infinite Crisis,251,JSA,79,1999,2006,0
Countdown to Infinite Crisis,252,JSA,80,1999,2006,0
Countdown to Infinite Crisis,253,Day of Vengeance,5,2005,2005,0
Countdown to Infinite Crisis,254,Day of Vengeance,6,2005,2005,0
Curse of the Mutants,1,Death of Dracula,1,2010,2010,0
Curse of the Mutants,2,X-Men: Curse Of The Mutants Saga,1,2010,2010,0
Curse of the Mutants,3,X-Men,1,2010,2010,1
Curse of the Mutants,4,X-Men,2,2010,2010,1
Curse of the Mutants,5,Namor: The First Mutant,1,2010,2010,0
Curse of the Mutants,6,X-Men: Curse of the Mutants - Blade,1,2010,2010,0
Curse of the Mutants,7,X-Men: Curse of the Mutants - Storm & Gambit,1,2010,2010,0
Curse of the Mutants,8,X-Men: Curse of the Mutants - Smoke and Blood,1,2010,2010,0
Curse of the Mutants,9,X-Men: Curse of the Mutants - X-Men Vs. Vampires,1,2010,2010,0
Curse of the Mutants,10,X-Men: Curse of the Mutants - X-Men Vs. Vampires,2,2010,2010,0
Curse of the Mutants,11,Deadpool,30,2008,2011,0
Curse of the Mutants,12,Deadpool,31,2008,2011,0
Curse of the Mutants,13,X-Men,3,2010,2010,1
Curse of the Mutants,14,Namor: The First Mutant,2,2010,2010,0
Curse of the Mutants,15,X-Men,4,2010,2010,1
Curse of the Mutants,16,Namor: The First Mutant,3,2010,2010,0
Curse of the Mutants,17,Namor: The First Mutant,4,2010,2011,0
Curse of the Mutants,18,X-Men,5,2010,2011,1
Curse of the Mutants,19,X-Men,6,2010,2011,1
Dark Crisis on Infinite Earths,1,Dark Crisis,1,2022,2022,0
Dark Crisis on Infinite Earths,2,Dark Crisis: Young Justice,1,2022,2022,0
Dark Crisis on Infinite Earths,3,The Flash,783,2016,2022,1
Dark Crisis on Infinite Earths,4,Dark Crisis,2,2022,2022,0
Dark Crisis on Infinite Earths,5,Dark Crisis: Young Justice,2,2022,2022,0
Dark Crisis on Infinite Earths,6,The Flash,784,2016,2022,1
Dark Crisis on Infinite Earths,7,Dark Crisis,3,2022,2022,0
Dark Crisis on Infinite Earths,8,Dark Crisis: Young Justice,3,2022,2022,0
Dark Crisis on Infinite Earths,9,The Flash,785,2016,2022,1
Dark Crisis on Infinite Earths,10,Dark Crisis: Worlds Without A Justice League: Superman,1,2022,2022,0
Dark Crisis on Infinite Earths,11,Dark Crisis: Worlds Without A Justice League - Wonder Woman,1,2022,2022,0
Dark Crisis on Infinite Earths,12,Dark Crisis: Worlds Without a Justice League - Green Arrow,1,2022,2022,0
Dark Crisis on Infinite Earths,13,Dark Crisis: Worlds Without a Justice League - Green Lantern,1,2022,2022,0
Dark Crisis on Infinite Earths,14,Dark Crisis: Worlds Without a Justice League – Batman,1,2022,2023,0
Dark Crisis on Infinite Earths,15,Dark Crisis,4,2022,2022,0
Dark Crisis on Infinite Earths,16,Dark Crisis: Young Justice,4,2022,2022,0
Dark Crisis on Infinite Earths,17,The Flash,786,2016,2022,1
Dark Crisis on Infinite Earths,18,Dark Crisis: The Deadly Green,1,2022,2022,0
Dark Crisis on Infinite Earths,19,Dark Crisis,5,2022,2022,0
Dark Crisis on Infinite Earths,20,Dark Crisis: Young Justice,5,2022,2022,0
Dark Crisis on Infinite Earths,21,Dark Crisis,6,2022,2023,0
Dark Crisis on Infinite Earths,22,Dark Crisis: Young Justice,6,2022,2023,0
Dark Crisis on Infinite Earths,23,I Am Batman,15,2021,2023,0
Dark Crisis on Infinite Earths,24,Dark Crisis: The Dark Army,1,2023,2023,0
Dark Crisis on Infinite Earths,25,Dark Crisis: War Zone,1,2023,2023,0
Dark Crisis on Infinite Earths,26,Dark Crisis,7,2022,2023,0
Dark Crisis on Infinite Earths,27,Dark Crisis: Big Bang,1,2022,2023,0
Dark Nights: Death Metal,1,Dark Nights: Death Metal,1,2020,2020,1
Dark Nights: Death Metal,2,Dark Nights: Death Metal,2,2020,2020,1
Dark Nights: Death Metal,3,Dark Nights: Death Metal,3,2020,2020,1
Dark Nights: Death Metal,4,Dark Nights: Death Metal Legends of the Dark Knights,1,2020,2020,1
Dark Nights: Death Metal,5,Dark Nights: Death Metal Guidebook,1,2020,2020,1
Dark Nights: Death Metal,6,Dark Nights: Death Metal Trinity Crisis,1,2020,2020,1
Dark Nights: Death Metal,7,Dark Nights: Death Metal Speed Metal,1,2020,2020,1
Dark Nights: Death Metal,8,Dark Nights: Death Metal Multiverse's End,1,2020,2020,1
Dark Nights: Death Metal,9,Dark Nights: Death Metal,4,2020,2020,1
Dark Nights: Death Metal,10,Dark Nights: Death Metal Infinite Hour Exxxtreme!,1,2020,2021,1
Dark Nights: Death Metal,11,Dark Nights: Death Metal Rise of the New God,1,2020,2020,1
Dark Nights: Death Metal,12,Dark Nights: Death Metal Robin King,1,2020,2020,1
Dark Nights: Death Metal,13,Justice League,53,2018,2020,1
Dark Nights: Death Metal,14,Justice League,54,2018,2020,1
Dark Nights: Death Metal,15,Justice League,55,2018,2020,1
Dark Nights: Death Metal,16,Justice League,56,2018,2021,1
Dark Nights: Death Metal,17,Justice League,57,2018,2021,1
Dark Nights: Death Metal,18,Dark Nights: Death Metal,5,2020,2021,1
Dark Nights: Death Metal,19,Dark Nights: Death Metal: The Multiverse Who Laughs,1,2021,2021,1
Dark Nights: Death Metal,20,Dark Nights: Death Metal The Secret Origin,1,2020,2021,1
Dark Nights: Death Metal,21,Dark Nights: Death Metal The Last Stories of the DC Universe,1,2020,2021,1
Dark Nights: Death Metal,22,Dark Nights: Death Metal,6,2020,2021,0
Dark Nights: Death Metal,23,Dark Nights: Death Metal The Last 52: War of the Multiverses,1,2020,2021,1
Dark Nights: Death Metal,24,Dark Nights: Death Metal,7,2020,2021,0
Dark Nights: Metal,1,Dark Days: The Forge,1,2017,2017,0
Dark Nights: Metal,2,Dark Days: The Casting,1,2017,2017,0
Dark Nights: Metal,3,Dark Nights: Metal,1,2017,2017,0
Dark Nights: Metal,4,Dark Nights: Metal,2,2017,2017,0
Dark Nights: Metal,5,Batman: The Red Death,1,2017,2017,0
Dark Nights: Metal,6,Batman: The Murder Machine,1,2017,2017,0
Dark Nights: Metal,7,Batman: The Dawnbreaker,1,2017,2017,0
Dark Nights: Metal,8,Batman: The Drowned,1,2017,2017,0
Dark Nights: Metal,9,Teen Titans,12,2016,2017,0
Dark Nights: Metal,10,Nightwing,29,2016,2017,1
Dark Nights: Metal,11,Suicide Squad,26,2016,2017,0
Dark Nights: Metal,12,Green Arrow,32,2016,2017,0
Dark Nights: Metal,13,Batman: The Merciless,1,2017,2017,0
Dark Nights: Metal,14,Dark Nights: Metal,3,2017,2017,0
Dark Nights: Metal,15,The Flash,33,2016,2017,1
Dark Nights: Metal,16,Dark Nights: The Batman Who Laughs,1,2017,2018,1
Dark Nights: Metal,17,Batman: The Devastator,1,2017,2018,0
Dark Nights: Metal,18,Justice League,32,2016,2018,1
Dark Nights: Metal,19,Hal Jordan & The Green Lantern Corps,32,2016,2018,0
Dark Nights: Metal,20,Justice League,33,2016,2018,1
Dark Nights: Metal,21,Batman: Lost,1,2017,2018,0
Dark Nights: Metal,22,Dark Nights: Metal,4,2017,2018,0
Dark Nights: Metal,23,Hawkman Found,1,2017,2018,0
Dark Nights: Metal,24,Dark Nights: Metal,5,2017,2018,0
Dark Nights: Metal,25,Dark Knights Rising: The Wild Hunt,1,2018,2018,0
Dark Nights: Metal,26,Dark Nights: Metal,6,2017,2018,0
Dark Reign,1,Thunderbolts,126,2006,2009,0
Dark Reign,2,Thunderbolts,127,2006,2009,0
Dark Reign,3,Secret Invasion: Dark Reign,1,2009,2009,0
Dark Reign,4,New Avengers,48,2004,2009,0
Dark Reign,5,Invincible Iron Man,8,2008,2009,0
Dark Reign,6,Avengers: The Initiative,20,2007,2009,0
Dark Reign,7,Thunderbolts,128,2006,2009,0
Dark Reign,8,Thunderbolts,129,2006,2009,0
Dark Reign,9,Avengers: The Initiative,21,2007,2009,0
Dark Reign,10,Avengers: The Initiative,22,2007,2009,0
Dark Reign,11,Avengers: The Initiative,23,2007,2009,0
Dark Reign,12,Avengers: The Initiative,24,2007,2009,0
Dark Reign,13,Secret Invasion: Requiem,1,2009,2009,0
Dark Reign,14,New Avengers,49,2004,2009,0
Dark Reign,15,Dark Reign Files,1,2009,2009,0
Dark Reign,16,Dark Avengers,1,2009,2009,0
Dark Reign,17,New Avengers,50,2004,2009,0
Dark Reign,18,Avengers: The Initiative,25,2007,2009,0
Dark Reign,19,Dark Reign: Young Avengers,1,2009,2009,0
Dark Reign,20,Dark Reign: Young Avengers,2,2009,2009,0
Dark Reign,21,Dark Reign: Young Avengers,3,2009,2009,0
Dark Reign,22,Dark Reign: Young Avengers,4,2009,2009,0
Dark Reign,23,Dark Reign: Young Avengers,5,2009,2009,0
Dark Reign,24,Wolverine: Origins,33,2006,2009,1
Dark Reign,25,Wolverine: Origins,34,2006,2009,1
Dark Reign,26,Wolverine: Origins,35,2006,2009,1
Dark Reign,27,Wolverine: Origins,36,2006,2009,1
Dark Reign,28,Deadpool,6,2008,2009,1
Dark Reign,29,Deadpool,7,2008,2009,1
Dark Reign,30,Deadpool,8,2008,2009,1
Dark Reign,31,Thunderbolts,130,2006,2009,0
Dark Reign,32,Deadpool,9,2008,2009,1
Dark Reign,33,Thunderbolts,131,2006,2009,0
Dark Reign,34,Dark Avengers,2,2009,2009,0
Dark Reign,35,Dark Avengers,3,2009,2009,0
Dark Reign,36,Dark Avengers,4,2009,2009,0
Dark Reign,37,Dark Avengers,5,2009,2009,0
Dark Reign,38,Dark Avengers,6,2009,2009,0
Dark Reign,39,The Mighty Avengers,21,2007,2009,0
Dark Reign,40,The Mighty Avengers,22,2007,2009,0
Dark Reign,41,The Mighty Avengers,23,2007,2009,0
Dark Reign,42,Dark Reign: The Cabal,1,2009,2009,0
Dark Reign,43,Thor,600,2007,2009,0
Dark Reign,44,Thor,601,2007,2009,0
Dark Reign,45,Thor,602,2007,2009,0
Dark Reign,46,Thor,603,2007,2009,0
Dark Reign,47,Thor Giant-Size Finale,1,2010,2010,0
Dark Reign,48,Dark Reign: Fantastic Four,1,2009,2009,0
Dark Reign,49,Dark Reign: Fantastic Four,2,2009,2009,0
Dark Reign,50,Dark Reign: Fantastic Four,3,2009,2009,0
Dark Reign,51,Dark Reign: Fantastic Four,4,2009,2009,0
Dark Reign,52,Dark Reign: Fantastic Four,5,2009,2009,0
Dark Reign,53,Dark Wolverine,75,2009,2009,1
Dark Reign,54,Dark Wolverine,76,2009,2009,1
Dark Reign,55,Dark Wolverine,77,2009,2009,1
Dark Reign,56,Ms. Marvel,34,2006,2009,0
Dark Reign,57,Ms. Marvel,35,2006,2009,0
Dark Reign,58,Ms. Marvel,36,2006,2009,0
Dark Reign,59,Ms. Marvel,37,2006,2009,0
Dark Reign,60,Ms. Marvel,38,2006,2009,0
Dark Reign,61,Ms. Marvel,39,2006,2009,0
Dark Reign,62,Ms. Marvel,40,2006,2009,0
Dark Reign,63,Ms. Marvel,41,2006,2009,0
Dark Reign,64,Ms. Marvel,42,2006,2009,0
Dark Reign,65,Ms. Marvel,43,2006,2009,0
Dark Reign,66,Ms. Marvel,44,2006,2009,0
Dark Reign,67,Ms. Marvel,45,2006,2009,0
Dark Reign,68,Ms. Marvel,46,2006,2009,0
Dark Reign,69,Dark Reign: Elektra,1,2009,2009,0
Dark Reign,70,Dark Reign: Elektra,2,2009,2009,0
Dark Reign,71,Dark Reign: Elektra,3,2009,2009,0
Dark Reign,72,Dark Reign: Elektra,4,2009,2009,0
Dark Reign,73,Dark Reign: Elektra,5,2009,2009,0
Dark Reign,74,Spider-Woman,1,2009,2009,1
Dark Reign,75,Spider-Woman,2,2009,2009,1
Dark Reign,76,Spider-Woman,3,2009,2010,1
Dark Reign,77,Spider-Woman,4,2009,2010,1
Dark Reign,78,Spider-Woman,5,2009,2010,0
Dark Reign,79,Spider-Woman,6,2009,2010,0
Dark Reign,80,Spider-Woman,7,2009,2010,0
Dark Reign,81,Captain America,49,2004,2009,0
Dark Reign,82,Captain America,50,2004,2009,0
Dark Reign,83,Dark Reign: New Nation,1,2009,2009,0
Dark Reign,84,Skrull Kill Krew,1,2009,2009,0
Dark Reign,85,Skrull Kill Krew,2,2009,2009,0
Dark Reign,86,Skrull Kill Krew,3,2009,2009,0
Dark Reign,87,Skrull Kill Krew,4,2009,2009,0
Dark Reign,88,Skrull Kill Krew,5,2009,2009,0
Dark Reign,89,New Avengers: The Reunion,1,2009,2009,0
Dark Reign,90,New Avengers: The Reunion,2,2009,2009,0
Dark Reign,91,New Avengers: The Reunion,3,2009,2009,0
Dark Reign,92,New Avengers: The Reunion,4,2009,2009,0
Dark Reign,93,Secret Warriors,1,2009,2009,1
Dark Reign,94,Secret Warriors,2,2009,2009,1
Dark Reign,95,Secret Warriors,3,2009,2009,1
Dark Reign,96,Secret Warriors,4,2009,2009,1
Dark Reign,97,Secret Warriors,5,2009,2009,1
Dark Reign,98,Secret Warriors,6,2009,2009,0
Dark Reign,99,Agents of Atlas,1,2009,2009,0
Dark Reign,100,Agents of Atlas,2,2009,2009,0
Dark Reign,101,Agents of Atlas,3,2009,2009,0
Dark Reign,102,Agents of Atlas,4,2009,2009,0
Dark Reign,103,Agents of Atlas,5,2009,2009,0
Dark Reign,104,Agents of Atlas,6,2009,2009,0
Dark Reign,105,Agents of Atlas,7,2009,2009,0
Dark Reign,106,Agents of Atlas,8,2009,2009,0
Dark Reign,107,Black Panther,1,2009,2009,0
Dark Reign,108,Black Panther,2,2009,2009,0
Dark Reign,109,Black Panther,3,2009,2009,0
Dark Reign,110,Black Panther,4,2009,2009,0
Dark Reign,111,Black Panther,5,2009,2009,0
Dark Reign,112,Black Panther,6,2009,2009,0
Dark Reign,113,Dark Reign: The Hood,1,2009,2009,0
Dark Reign,114,Dark Reign: The Hood,2,2009,2009,0
Dark Reign,115,Dark Reign: The Hood,3,2009,2009,0
Dark Reign,116,Dark Reign: The Hood,4,2009,2009,0
Dark Reign,117,Dark Reign: The Hood,5,2009,2009,0
Dark Reign,118,Dark Reign: Mister Negative,1,2009,2009,0
Dark Reign,119,Dark Reign: Mister Negative,2,2009,2009,0
Dark Reign,120,Dark Reign: Mister Negative,3,2009,2009,0
Dark Reign,121,Punisher,1,2009,2009,0
Dark Reign,122,Punisher,2,2009,2009,0
Dark Reign,123,Punisher,3,2009,2009,0
Dark Reign,124,Punisher,4,2009,2009,0
Dark Reign,125,Punisher,5,2009,2009,0
Dark Reign,126,Amazing Spider-Man Presents: Anti-Venom - New Ways To Live,1,2009,2009,0
Dark Reign,127,Amazing Spider-Man Presents: Anti-Venom - New Ways To Live,2,2009,2009,0
Dark Reign,128,Amazing Spider-Man Presents: Anti-Venom - New Ways To Live,3,2009,2010,0
Dark Reign,129,Punisher,6,2009,2009,0
Dark Reign,130,Punisher,7,2009,2009,0
Dark Reign,131,Punisher,8,2009,2009,0
Dark Reign,132,Punisher,9,2009,2009,0
Dark Reign,133,Punisher,10,2009,2009,0
Dark Reign,134,Dark Reign: Zodiac,1,2009,2009,0
Dark Reign,135,Dark Reign: Zodiac,2,2009,2009,0
Dark Reign,136,Dark Reign: Zodiac,3,2009,2009,0
Dark Reign,137,All-New Savage She-Hulk,1,2009,2009,0
Dark Reign,138,All-New Savage She-Hulk,2,2009,2009,0
Dark Reign,139,All-New Savage She-Hulk,3,2009,2009,0
Dark Reign,140,All-New Savage She-Hulk,4,2009,2009,0
Dark Reign,141,S.W.O.R.D.,1,2010,2010,0
Dark Reign,142,S.W.O.R.D.,2,2010,2010,1
Dark Reign,143,S.W.O.R.D.,3,2010,2010,1
Dark Reign,144,S.W.O.R.D.,4,2010,2010,1
Dark Reign,145,S.W.O.R.D.,5,2010,2010,1
Dark Reign,146,Vengeance of the Moon Knight,1,2009,2009,0
Dark Reign,147,Vengeance of the Moon Knight,2,2009,2009,0
Dark Reign,148,Vengeance of the Moon Knight,3,2009,2010,0
Dark Reign,149,Vengeance of the Moon Knight,4,2009,2010,0
Dark Reign,150,Vengeance of the Moon Knight,5,2009,2010,1
Dark Reign,151,Vengeance of the Moon Knight,6,2009,2010,1
Dark Reign,152,War Machine,1,2009,2009,0
Dark Reign,153,War Machine,2,2009,2009,0
Dark Reign,154,War Machine,3,2009,2009,0
Dark Reign,155,War Machine,4,2009,2009,0
Dark Reign,156,War Machine,5,2009,2009,0
Dark Reign,157,Incredible Hercules,127,2008,2009,0
Dark Reign,158,Incredible Hercules,128,2008,2009,0
Dark Reign,159,M.O.D.O.K. Reign Delay,1,2009,2009,0
Dark Reign,160,Dark Reign: The Goblin Legacy,1,2009,2009,0
Dark Reign,161,Dark Reign: Made Men,1,2009,2009,0
Dark Reign,162,The Mighty Avengers,24,2007,2009,0
Dark Reign,163,The Mighty Avengers,25,2007,2009,0
Dark Reign,164,The Mighty Avengers,26,2007,2009,0
Dark Reign,165,Captain America,600,2004,2009,0
Dark Reign,166,The Amazing Spider-Man,595,1963,2009,0
Dark Reign,167,The Amazing Spider-Man,596,1963,2009,0
Dark Reign,168,The Amazing Spider-Man,597,1963,2009,0
Dark Reign,169,The Amazing Spider-Man,598,1963,2009,0
Dark Reign,170,The Amazing Spider-Man,599,1963,2009,0
Dark Reign,171,Dark Reign: Sinister Spider-Man,1,2009,2009,0
Dark Reign,172,Dark Reign: Sinister Spider-Man,2,2009,2009,0
Dark Reign,173,Dark Reign: Sinister Spider-Man,3,2009,2009,0
Dark Reign,174,Dark Reign: Sinister Spider-Man,4,2009,2009,0
Dark Reign,175,Dark Reign: Hawkeye,1,2009,2009,0
Dark Reign,176,Dark Reign: Hawkeye,2,2009,2009,0
Dark Reign,177,Dark Reign: Hawkeye,3,2009,2009,0
Dark Reign,178,Dark Reign: Hawkeye,4,2009,2009,0
Dark Reign,179,Dark Reign: Hawkeye,5,2009,2010,0
Dark Reign,180,Dark Wolverine,78,2009,2009,1
Dark Reign,181,Dark Wolverine,79,2009,2009,0
Dark Reign,182,Dark Wolverine,80,2009,2010,1
Dark Reign,183,War Machine,6,2009,2009,0
Dark Reign,184,War Machine,7,2009,2009,0
Dark Reign,185,War Machine,8,2009,2009,0
Dark Reign,186,War Machine,9,2009,2009,0
Dark Reign,187,War Machine,10,2009,2009,0
Dark Reign,188,War Machine,11,2009,2010,0
Dark Reign,189,War Machine,12,2009,2010,0
Dark Reign,190,Invincible Iron Man,9,2008,2009,0
Dark Reign,191,Invincible Iron Man,10,2008,2009,1
Dark Reign,192,Invincible Iron Man,11,2008,2009,0
Dark Reign,193,Invincible Iron Man,12,2008,2009,0
Dark Reign,194,Invincible Iron Man,13,2008,2009,1
Dark Reign,195,Avengers: The Initiative,26,2007,2009,0
Dark Reign,196,Avengers: The Initiative,27,2007,2009,0
Dark Reign,197,Avengers: The Initiative,28,2007,2009,0
Dark Reign,198,Dark Reign: Lethal Legion,1,2009,2009,0
Dark Reign,199,Dark Reign: Lethal Legion,2,2009,2009,0
Dark Reign,200,Dark Reign: Lethal Legion,3,2009,2009,0
Dark Reign,201,Deadpool,10,2008,2009,1
Dark Reign,202,Deadpool,11,2008,2009,0
Dark Reign,203,Deadpool,12,2008,2009,0
Dark Reign,204,The Mighty Avengers,27,2007,2009,0
Dark Reign,205,The Mighty Avengers,28,2007,2009,0
Dark Reign,206,The Mighty Avengers,29,2007,2009,0
Dark Reign,207,The Mighty Avengers,30,2007,2009,0
Dark Reign,208,The Mighty Avengers,31,2007,2010,0
Dark Reign,209,The Mighty Avengers,32,2007,2010,0
Dark Reign,210,The Mighty Avengers,33,2007,2010,0
Dark Reign,211,New Avengers,51,2004,2009,0
Dark Reign,212,New Avengers,52,2004,2009,0
Dark Reign,213,New Avengers,53,2004,2009,0
Dark Reign,214,New Avengers,54,2004,2009,0
Dark Reign,215,New Avengers,55,2004,2009,0
Dark Reign,216,New Avengers,56,2004,2009,0
Dark Reign,217,New Avengers,57,2004,2009,0
Dark Reign,218,New Avengers,58,2004,2009,0
Dark Reign,219,New Avengers,59,2004,2010,0
Dark Reign,220,New Avengers,60,2004,2010,0
Dark Reign,221,Uncanny X-Men Annual,2,2006,2009,0
Dark Reign,222,Dark X-Men: The Confession,1,2009,2009,0
Dark Reign,223,Dark Avengers/Uncanny X-Men: Utopia,1,2009,2009,0
Dark Reign,224,X-Men: Legacy,226,2008,2009,0
Dark Reign,225,X-Men: Legacy,227,2008,2009,0
Dark Reign,226,The Uncanny X-Men,513,1981,2009,0
Dark Reign,227,Dark X-Men: The Beginning,1,2009,2009,0
Dark Reign,228,Dark Avengers,7,2009,2009,0
Dark Reign,229,Dark X-Men: The Beginning,2,2009,2009,0
Dark Reign,230,The Uncanny X-Men,514,1981,2009,0
Dark Reign,231,Dark Avengers,8,2009,2009,0
Dark Reign,232,Dark X-Men: The Beginning,3,2009,2009,0
Dark Reign,233,Dark Avengers/Uncanny X-Men: Exodus,1,2009,2009,0
Dark Reign,234,Dark Reign: The List - X-Men,1,2009,2009,0
Dark Reign,235,Dark X-Men,1,2010,2010,1
Dark Reign,236,Dark X-Men,2,2010,2010,1
Dark Reign,237,Dark X-Men,3,2010,2010,1
Dark Reign,238,Dark X-Men,4,2010,2010,1
Dark Reign,239,Dark X-Men,5,2010,2010,1
Dark Reign,240,Planet Skaar Prologue,1,2009,2009,0
Dark Reign,241,Skaar: Son of Hulk,11,2008,2009,0
Dark Reign,242,Skaar: Son of Hulk,12,2008,2009,0
Dark Reign,243,Incredible Hulk,600,2009,2009,0
Dark Reign,244,Hulk,13,2008,2009,1
Dark Reign,245,Incredible Hulk,601,2009,2009,0
Dark Reign,246,Incredible Hulk,602,2009,2009,0
Dark Reign,247,Incredible Hulk,603,2009,2009,0
Dark Reign,248,Dark Reign: The List - Hulk,1,2009,2009,0
Dark Reign,249,Incredible Hulk,604,2009,2010,0
Dark Reign,250,Incredible Hulk,605,2009,2010,0
Dark Reign,251,Avengers: The Initiative,29,2007,2009,0
Dark Reign,252,Avengers: The Initiative,30,2007,2010,0
Dark Reign,253,Dark Avengers: Ares,1,2009,2009,0
Dark Reign,254,Dark Avengers: Ares,2,2009,2010,0
Dark Reign,255,Dark Avengers: Ares,3,2009,2010,0
Dark Reign,256,Dark Reign: The List - Daredevil,1,2009,2009,0
Dark Reign,257,Dark Wolverine,81,2009,2010,1
Dark Reign,258,Dark Reign: The List - Wolverine,1,2009,2009,0
Dark Reign,259,Dark Avengers,9,2009,2009,0
Dark Reign,260,Dark Avengers,10,2009,2009,0
Dark Reign,261,Dark Avengers,11,2009,2010,0
Dark Reign,262,Dark Avengers,12,2009,2010,0
Dark Reign,263,Thunderbolts,132,2006,2009,0
Dark Reign,264,Thunderbolts,133,2006,2009,0
Dark Reign,265,Thunderbolts,134,2006,2009,0
Dark Reign,266,Secret Warriors,7,2009,2009,0
Dark Reign,267,Thunderbolts,135,2006,2009,0
Dark Reign,268,Secret Warriors,8,2009,2009,0
Dark Reign,269,Thunderbolts,136,2006,2009,0
Dark Reign,270,Secret Warriors,9,2009,2009,0
Dark Reign,271,Dark Reign: The List - Secret Warriors,1,2009,2009,0
Dark Reign,272,Secret Warriors,10,2009,2010,0
Dark Reign,273,Captain America: Reborn,1,2009,2009,0
Dark Reign,274,Captain America: Reborn,2,2009,2009,0
Dark Reign,275,Captain America: Reborn,3,2009,2009,0
Dark Reign,276,Captain America: Reborn,4,2009,2010,0
Dark Reign,277,Captain America: Reborn,5,2009,2010,0
Dark Reign,278,Captain America: Reborn,6,2009,2010,0
Dark Reign,279,Dark Reign: The List - Avengers,1,2009,2009,0
Dark Reign,280,New Avengers Annual,3,2006,2010,0
Dark Reign,281,The Mighty Avengers,34,2007,2010,0
Dark Reign,282,Dark Avengers Annual,1,2010,2010,0
Dark Reign,283,Invincible Iron Man,14,2008,2009,1
Dark Reign,284,Invincible Iron Man,15,2008,2009,0
Dark Reign,285,Invincible Iron Man,16,2008,2009,0
Dark Reign,286,Invincible Iron Man,17,2008,2009,0
Dark Reign,287,Thunderbolts,137,2006,2009,0
Dark Reign,288,Invincible Iron Man,18,2008,2009,0
Dark Reign,289,Invincible Iron Man,19,2008,2009,0
Dark Reign,290,Dark Reign: The List - Punisher,1,2009,2009,0
Dark Reign,291,Dark Reign: The List - Amazing Spider-Man,1,2009,2010,0
Dark Reign,292,Thunderbolts,138,2006,2010,0
Dark Reign,293,Thunderbolts,139,2006,2010,0
Dark Reign,294,Thunderbolts,140,2006,2010,0
Dark Reign,295,Invincible Iron Man,20,2008,2010,0
Dark Reign,296,Invincible Iron Man,21,2008,2010,0
Dark Reign,297,Invincible Iron Man,22,2008,2010,0
Dark Reign,298,Invincible Iron Man,23,2008,2010,0
Dark Reign,299,Invincible Iron Man,24,2008,2010,0
Dark Reign,300,Thor,604,2007,2010,0
Dark Reign,301,Thor,605,2007,2010,0
Dark Reign,302,Thor,606,2007,2010,0
Dark Reign,303,Captain America Reborn: Who Will Wield The Shield?,1,2009,2010,0
Dark Web,1,Free Comic Book Day 2022: Spider-Man/Venom,1,2022,2022,0
Dark Web,2,Venom,13,2021,2023,1
Dark Web,3,The Amazing Spider-Man,14,2022,2023,1
Dark Web,4,Dark Web,1,2022,2023,1
Dark Web,5,Dark Web: X-Men,1,2022,2023,1
Dark Web,6,The Amazing Spider-Man,15,2022,2023,1
Dark Web,7,Mary Jane & Black Cat,1,2023,2023,1
Dark Web,8,Dark Web: Ms. Marvel,1,2023,2023,1
Dark Web,9,Dark Web: Ms. Marvel,2,2023,2023,1
Dark Web,10,Gold Goblin,2,2022,2023,1
Dark Web,11,The Amazing Spider-Man,16,2022,2023,1
Dark Web,12,Venom,14,2021,2023,1
Dark Web,13,The Amazing Spider-Man,17,2022,2023,1
Dark Web,14,Dark Web: X-Men,2,2022,2023,1
Dark Web,15,Mary Jane & Black Cat,2,2023,2023,1
Dark Web,16,Gold Goblin,3,2022,2023,1
Dark Web,17,Dark Web: X-Men,3,2022,2023,1
Dark Web,18,The Amazing Spider-Man,18,2022,2023,1
Dark Web,19,Venom,15,2021,2023,1
Dark Web,20,Venom,16,2021,2023,1
Dark Web,21,Dark Web: Finale,1,2023,2023,1
Darkseid War,1,Divergence FCBD Special Edition,1,2015,2015,0
Darkseid War,2,Justice League,40,2011,2015,1
Darkseid War,3,Justice League,41,2011,2015,1
Darkseid War,4,Justice League,42,2011,2015,1
Darkseid War,5,Justice League,43,2011,2015,1
Darkseid War,6,Justice League,44,2011,2015,1
Darkseid War,7,Justice League,45,2011,2015,1
Darkseid War,8,Justice League: Darkseid War: Batman,1,2015,2015,0
Darkseid War,9,Justice League: Darkseid War: Flash,1,2015,2016,0
Darkseid War,10,Justice League: Darkseid War: Superman,1,2015,2016,0
Darkseid War,11,Justice League: Darkseid War: Green Lantern,1,2015,2016,0
Darkseid War,12,Justice League: Darkseid War: Shazam,1,2015,2016,0
Darkseid War,13,Justice League: Darkseid War: Lex Luthor,1,2015,2016,0
Darkseid War,14,Justice League,46,2011,2016,1
Darkseid War,15,Justice League,47,2011,2016,1
Darkseid War,16,Justice League,48,2011,2016,1
Darkseid War,17,Justice League Darkseid War Special,1,2016,2016,0
Darkseid War,18,Justice League,49,2011,2016,1
Darkseid War,19,Justice League,50,2011,2016,1
Dawn of X / Reign of X / Destiny of X,1,X-Men,1,2019,2019,1
Dawn of X / Reign of X / Destiny of X,2,Marauders,1,2019,2019,1
Dawn of X / Reign of X / Destiny of X,3,Excalibur,1,2019,2019,1
Dawn of X / Reign of X / Destiny of X,4,New Mutants,1,2020,2020,1
Dawn of X / Reign of X / Destiny of X,5,X-Force,1,2020,2020,1
Dawn of X / Reign of X / Destiny of X,6,Fallen Angels,1,2019,2020,0
Dawn of X / Reign of X / Destiny of X,7,X-Men,2,2019,2020,1
Dawn of X / Reign of X / Destiny of X,8,Excalibur,2,2019,2020,1
Dawn of X / Reign of X / Destiny of X,9,Marauders,2,2019,2020,1
Dawn of X / Reign of X / Destiny of X,10,New Mutants,2,2020,2020,1
Dawn of X / Reign of X / Destiny of X,11,X-Force,2,2020,2020,1
Dawn of X / Reign of X / Destiny of X,12,Fallen Angels,2,2019,2020,0
Dawn of X / Reign of X / Destiny of X,13,X-Men,3,2019,2020,1
Dawn of X / Reign of X / Destiny of X,14,Marauders,3,2019,2020,1
Dawn of X / Reign of X / Destiny of X,15,Excalibur,3,2019,2020,1
Dawn of X / Reign of X / Destiny of X,16,New Mutants,3,2020,2020,1
Dawn of X / Reign of X / Destiny of X,17,X-Force,3,2020,2020,1
Dawn of X / Reign of X / Destiny of X,18,Fallen Angels,3,2019,2020,0
Dawn of X / Reign of X / Destiny of X,19,Marauders,4,2019,2020,1
Dawn of X / Reign of X / Destiny of X,20,Excalibur,4,2019,2020,1
Dawn of X / Reign of X / Destiny of X,21,New Mutants,4,2020,2020,1
Dawn of X / Reign of X / Destiny of X,22,X-Force,4,2020,2020,1
Dawn of X / Reign of X / Destiny of X,23,Fallen Angels,4,2019,2020,0
Dawn of X / Reign of X / Destiny of X,24,Incoming!,1,2019,2020,0
Dawn of X / Reign of X / Destiny of X,25,X-Men,4,2019,2020,1
Dawn of X / Reign of X / Destiny of X,26,Marauders,5,2019,2020,1
Dawn of X / Reign of X / Destiny of X,27,Excalibur,5,2019,2020,1
Dawn of X / Reign of X / Destiny of X,28,New Mutants,5,2020,2020,1
Dawn of X / Reign of X / Destiny of X,29,X-Force,5,2020,2020,1
Dawn of X / Reign of X / Destiny of X,30,Fallen Angels,5,2019,2020,0
Dawn of X / Reign of X / Destiny of X,31,Marauders,6,2019,2020,1
Dawn of X / Reign of X / Destiny of X,32,Excalibur,6,2019,2020,1
Dawn of X / Reign of X / Destiny of X,33,X-Men,5,2019,2020,1
Dawn of X / Reign of X / Destiny of X,34,Fallen Angels,6,2019,2020,0
Dawn of X / Reign of X / Destiny of X,35,New Mutants,6,2020,2020,1
Dawn of X / Reign of X / Destiny of X,36,X-Force,6,2020,2020,1
Dawn of X / Reign of X / Destiny of X,37,X-Men,6,2019,2020,1
Dawn of X / Reign of X / Destiny of X,38,X-Men/Fantastic Four,1,2020,2020,0
Dawn of X / Reign of X / Destiny of X,39,X-Men/Fantastic Four,2,2020,2020,0
Dawn of X / Reign of X / Destiny of X,40,X-Men/Fantastic Four,3,2020,2020,0
Dawn of X / Reign of X / Destiny of X,41,X-Men/Fantastic Four,4,2020,2020,0
Dawn of X / Reign of X / Destiny of X,42,Marauders,7,2019,2020,1
Dawn of X / Reign of X / Destiny of X,43,Excalibur,7,2019,2020,1
Dawn of X / Reign of X / Destiny of X,44,X-Force,7,2020,2020,1
Dawn of X / Reign of X / Destiny of X,45,New Mutants,7,2020,2020,1
Dawn of X / Reign of X / Destiny of X,46,Wolverine,1,2020,2020,1
Dawn of X / Reign of X / Destiny of X,47,Marauders,8,2019,2020,1
Dawn of X / Reign of X / Destiny of X,48,X-Men,7,2019,2020,1
Dawn of X / Reign of X / Destiny of X,49,X-Force,8,2020,2020,1
Dawn of X / Reign of X / Destiny of X,50,Giant-Size X-Men: Jean Grey and Emma Frost,1,2020,2020,0
Dawn of X / Reign of X / Destiny of X,51,New Mutants,8,2020,2020,1
Dawn of X / Reign of X / Destiny of X,52,Excalibur,8,2019,2020,1
Dawn of X / Reign of X / Destiny of X,53,Marauders,9,2019,2020,1
Dawn of X / Reign of X / Destiny of X,54,Cable,1,2020,2020,1
Dawn of X / Reign of X / Destiny of X,55,X-Men,8,2019,2020,1
Dawn of X / Reign of X / Destiny of X,56,New Mutants,9,2020,2020,1
Dawn of X / Reign of X / Destiny of X,57,Excalibur,9,2019,2020,1
Dawn of X / Reign of X / Destiny of X,58,X-Force,9,2020,2020,1
Dawn of X / Reign of X / Destiny of X,59,Giant-Size X-Men: Nightcrawler,1,2020,2020,0
Dawn of X / Reign of X / Destiny of X,60,Hellions,1,2020,2020,1
Dawn of X / Reign of X / Destiny of X,61,Wolverine,2,2020,2020,1
Dawn of X / Reign of X / Destiny of X,62,X-Men,9,2019,2020,1
Dawn of X / Reign of X / Destiny of X,63,Marauders,10,2019,2020,1
Dawn of X / Reign of X / Destiny of X,64,Excalibur,10,2019,2020,1
Dawn of X / Reign of X / Destiny of X,65,New Mutants,10,2020,2020,1
Dawn of X / Reign of X / Destiny of X,66,X-Force,10,2020,2020,1
Dawn of X / Reign of X / Destiny of X,67,Giant-Size X-Men: Magneto,1,2020,2020,0
Dawn of X / Reign of X / Destiny of X,68,New Mutants,11,2020,2020,1
Dawn of X / Reign of X / Destiny of X,69,Wolverine,3,2020,2020,1
Dawn of X / Reign of X / Destiny of X,70,Hellions,2,2020,2020,1
Dawn of X / Reign of X / Destiny of X,71,X-Factor,1,2020,2020,1
Dawn of X / Reign of X / Destiny of X,72,Cable,2,2020,2020,1
Dawn of X / Reign of X / Destiny of X,73,X-Men,10,2019,2020,1
Dawn of X / Reign of X / Destiny of X,74,Empyre: X-Men,1,2020,2020,0
Dawn of X / Reign of X / Destiny of X,75,Empyre: X-Men,2,2020,2020,0
Dawn of X / Reign of X / Destiny of X,76,Empyre: X-Men,3,2020,2020,0
Dawn of X / Reign of X / Destiny of X,77,Empyre: X-Men,4,2020,2020,0
Dawn of X / Reign of X / Destiny of X,78,X-Men,11,2019,2020,1
Dawn of X / Reign of X / Destiny of X,79,Giant-Size X-Men: Fantomex,1,2020,2020,0
Dawn of X / Reign of X / Destiny of X,80,Marauders,11,2019,2020,1
Dawn of X / Reign of X / Destiny of X,81,X-Force,11,2020,2020,1
Dawn of X / Reign of X / Destiny of X,82,Cable,3,2020,2020,0
Dawn of X / Reign of X / Destiny of X,83,Cable,4,2020,2020,0
Dawn of X / Reign of X / Destiny of X,84,Wolverine,4,2020,2020,1
Dawn of X / Reign of X / Destiny of X,85,Wolverine,5,2020,2020,1
Dawn of X / Reign of X / Destiny of X,86,Hellions,3,2020,2020,0
Dawn of X / Reign of X / Destiny of X,87,X-Factor,2,2020,2020,0
Dawn of X / Reign of X / Destiny of X,88,X-Factor,3,2020,2020,0
Dawn of X / Reign of X / Destiny of X,89,New Mutants,12,2020,2020,0
Dawn of X / Reign of X / Destiny of X,90,X-Force,12,2020,2020,0
Dawn of X / Reign of X / Destiny of X,91,Marauders,12,2019,2020,1
Dawn of X / Reign of X / Destiny of X,92,Hellions,4,2020,2020,0
Dawn of X / Reign of X / Destiny of X,93,Juggernaut,1,2020,2020,0
Dawn of X / Reign of X / Destiny of X,94,Juggernaut,2,2020,2020,0
Dawn of X / Reign of X / Destiny of X,95,Juggernaut,3,2020,2021,0
Dawn of X / Reign of X / Destiny of X,96,Juggernaut,4,2020,2021,0
Dawn of X / Reign of X / Destiny of X,97,Juggernaut,5,2020,2021,1
Dawn of X / Reign of X / Destiny of X,98,Giant-Size X-Men: Storm,1,2020,2020,0
Dawn of X / Reign of X / Destiny of X,99,Excalibur,11,2019,2020,1
Dawn of X / Reign of X / Destiny of X,100,Excalibur,12,2019,2020,0
Dawn of X / Reign of X / Destiny of X,101,X-Men,12,2019,2020,1
Dawn of X / Reign of X / Destiny of X,102,S.W.O.R.D.,1,2020,2021,0
Dawn of X / Reign of X / Destiny of X,103,X-Factor,5,2020,2021,0
Dawn of X / Reign of X / Destiny of X,104,Hellions,7,2020,2021,0
Dawn of X / Reign of X / Destiny of X,105,Hellions,8,2020,2021,1
Dawn of X / Reign of X / Destiny of X,106,Cable,7,2020,2021,1
Dawn of X / Reign of X / Destiny of X,107,Cable,8,2020,2021,1
Dawn of X / Reign of X / Destiny of X,108,X-Men,16,2019,2021,1
Dawn of X / Reign of X / Destiny of X,109,Marauders,16,2019,2021,0
Dawn of X / Reign of X / Destiny of X,110,New Mutants,14,2020,2021,0
Dawn of X / Reign of X / Destiny of X,111,New Mutants,15,2020,2021,1
Dawn of X / Reign of X / Destiny of X,112,New Mutants,16,2020,2021,1
Dawn of X / Reign of X / Destiny of X,113,X-Force,15,2020,2021,0
Dawn of X / Reign of X / Destiny of X,114,X-Force,16,2020,2021,1
Dawn of X / Reign of X / Destiny of X,115,Excalibur,16,2019,2021,0
Dawn of X / Reign of X / Destiny of X,116,Excalibur,17,2019,2021,1
Dawn of X / Reign of X / Destiny of X,117,Excalibur,18,2019,2021,1
Dawn of X / Reign of X / Destiny of X,118,Wolverine,8,2020,2021,1
Dawn of X / Reign of X / Destiny of X,119,Wolverine,9,2020,2021,1
Dawn of X / Reign of X / Destiny of X,120,Wolverine,10,2020,2021,1
Dawn of X / Reign of X / Destiny of X,121,X-Factor,6,2020,2021,1
Dawn of X / Reign of X / Destiny of X,122,Marauders,17,2019,2021,1
Dawn of X / Reign of X / Destiny of X,123,Marauders,18,2019,2021,1
Dawn of X / Reign of X / Destiny of X,124,S.W.O.R.D.,2,2020,2021,1
Dawn of X / Reign of X / Destiny of X,125,S.W.O.R.D.,3,2020,2021,1
Dawn of X / Reign of X / Destiny of X,126,S.W.O.R.D.,4,2020,2021,1
Dawn of X / Reign of X / Destiny of X,127,King In Black: Marauders,1,2021,2021,1
Dawn of X / Reign of X / Destiny of X,128,X-Men,17,2019,2021,1
Dawn of X / Reign of X / Destiny of X,129,Children of the Atom,1,2021,2021,1
Dawn of X / Reign of X / Destiny of X,130,Children of the Atom,2,2021,2021,1
Dawn of X / Reign of X / Destiny of X,131,X-Factor,7,2020,2021,1
Dawn of X / Reign of X / Destiny of X,132,X-Factor,8,2020,2021,1
Dawn of X / Reign of X / Destiny of X,133,X-Force,17,2020,2021,1
Dawn of X / Reign of X / Destiny of X,134,Excalibur,19,2019,2021,1
Dawn of X / Reign of X / Destiny of X,135,Excalibur,20,2019,2021,1
Dawn of X / Reign of X / Destiny of X,136,X-Force,18,2020,2021,1
Dawn of X / Reign of X / Destiny of X,137,Wolverine,11,2020,2021,1
Dawn of X / Reign of X / Destiny of X,138,X-Force,19,2020,2021,1
Dawn of X / Reign of X / Destiny of X,139,Wolverine,12,2020,2021,1
Dawn of X / Reign of X / Destiny of X,140,Hellions,9,2020,2021,1
Dawn of X / Reign of X / Destiny of X,141,Hellions,10,2020,2021,1
Dawn of X / Reign of X / Destiny of X,142,Hellions,11,2020,2021,1
Dawn of X / Reign of X / Destiny of X,143,Cable,9,2020,2021,1
Dawn of X / Reign of X / Destiny of X,144,Cable,10,2020,2021,1
Dawn of X / Reign of X / Destiny of X,145,Marauders,19,2019,2021,1
Dawn of X / Reign of X / Destiny of X,146,X-Men,18,2019,2021,1
Dawn of X / Reign of X / Destiny of X,147,X-Men,19,2019,2021,1
Dawn of X / Reign of X / Destiny of X,148,Way of X,1,2021,2021,1
Dawn of X / Reign of X / Destiny of X,149,S.W.O.R.D.,5,2020,2021,1
Dawn of X / Reign of X / Destiny of X,150,New Mutants,17,2020,2021,1
Dawn of X / Reign of X / Destiny of X,151,New Mutants,18,2020,2021,1
Dawn of X / Reign of X / Destiny of X,152,Children of the Atom,3,2021,2021,1
Dawn of X / Reign of X / Destiny of X,153,X-Factor,9,2020,2021,1
Dawn of X / Reign of X / Destiny of X,154,X-Corp,1,2021,2021,1
Dawn of X / Reign of X / Destiny of X,155,Way of X,2,2021,2021,1
Dawn of X / Reign of X / Destiny of X,156,Cable,11,2020,2021,1
Dawn of X / Reign of X / Destiny of X,157,Cable,12,2020,2021,1
Dawn of X / Reign of X / Destiny of X,158,Marauders,20,2019,2021,1
Dawn of X / Reign of X / Destiny of X,159,Children of the Atom,4,2021,2021,1
Dawn of X / Reign of X / Destiny of X,160,Children of the Atom,5,2021,2021,1
Dawn of X / Reign of X / Destiny of X,161,X-Men,20,2019,2021,1
Dawn of X / Reign of X / Destiny of X,162,Marauders,22,2019,2021,1
Dawn of X / Reign of X / Destiny of X,163,X-Men,1,2021,2021,1
Dawn of X / Reign of X / Destiny of X,164,Children of the Atom,6,2021,2021,1
Dawn of X / Reign of X / Destiny of X,165,X-Men: The Trial of Magneto,1,2021,2021,1
Dawn of X / Reign of X / Destiny of X,166,X-Corp,3,2021,2021,1
Dawn of X / Reign of X / Destiny of X,167,Hellions,13,2020,2021,1
Dawn of X / Reign of X / Destiny of X,168,Hellions,14,2020,2021,1
Dawn of X / Reign of X / Destiny of X,169,Hellions,15,2020,2021,1
Dawn of X / Reign of X / Destiny of X,170,Excalibur,22,2019,2021,1
Dawn of X / Reign of X / Destiny of X,171,X-Force,21,2020,2021,1
Dawn of X / Reign of X / Destiny of X,172,X-Force,22,2020,2021,1
Dawn of X / Reign of X / Destiny of X,173,S.W.O.R.D.,7,2020,2021,1
Dawn of X / Reign of X / Destiny of X,174,New Mutants,20,2020,2021,1
Dawn of X / Reign of X / Destiny of X,175,Way of X,4,2021,2021,1
Dawn of X / Reign of X / Destiny of X,176,X-Men,2,2021,2021,1
Dawn of X / Reign of X / Destiny of X,177,Wolverine,14,2020,2021,1
Dawn of X / Reign of X / Destiny of X,178,Wolverine,15,2020,2021,1
Dawn of X / Reign of X / Destiny of X,179,Wolverine,16,2020,2021,1
Dawn of X / Reign of X / Destiny of X,180,Marauders,23,2019,2021,1
Dawn of X / Reign of X / Destiny of X,181,X-Corp,4,2021,2021,1
Dawn of X / Reign of X / Destiny of X,182,X-Corp,5,2021,2021,1
Dawn of X / Reign of X / Destiny of X,183,Way of X,5,2021,2021,1
Dawn of X / Reign of X / Destiny of X,184,X-Men: The Onslaught Revelation,1,2021,2021,1
Dawn of X / Reign of X / Destiny of X,185,Cable: Reloaded,1,2021,2021,1
Dawn of X / Reign of X / Destiny of X,186,New Mutants,21,2020,2021,1
Dawn of X / Reign of X / Destiny of X,187,Excalibur,23,2019,2021,1
Dawn of X / Reign of X / Destiny of X,188,X-Force,23,2020,2021,1
Dawn of X / Reign of X / Destiny of X,189,X-Men: The Trial of Magneto,2,2021,2021,1
Dawn of X / Reign of X / Destiny of X,190,Marauders,24,2019,2021,1
Dawn of X / Reign of X / Destiny of X,191,X-Men,3,2021,2021,1
Dawn of X / Reign of X / Destiny of X,192,S.W.O.R.D.,8,2020,2021,1
Dawn of X / Reign of X / Destiny of X,193,Inferno,1,2021,2021,1
Dawn of X / Reign of X / Destiny of X,194,Hellions,16,2020,2021,1
Dawn of X / Reign of X / Destiny of X,195,Excalibur,24,2019,2021,1
Dawn of X / Reign of X / Destiny of X,196,New Mutants,22,2020,2021,1
Dawn of X / Reign of X / Destiny of X,197,X-Men,4,2021,2021,1
Dawn of X / Reign of X / Destiny of X,198,X-Force,24,2020,2021,1
Dawn of X / Reign of X / Destiny of X,199,S.W.O.R.D.,9,2020,2021,1
Dawn of X / Reign of X / Destiny of X,200,Wolverine,17,2020,2021,1
Dawn of X / Reign of X / Destiny of X,201,X-Men: The Trial of Magneto,3,2021,2021,1
Dawn of X / Reign of X / Destiny of X,202,Marauders,25,2019,2021,1
Dawn of X / Reign of X / Destiny of X,203,Inferno,2,2021,2021,1
Dawn of X / Reign of X / Destiny of X,204,Excalibur,25,2019,2022,1
Dawn of X / Reign of X / Destiny of X,205,Hellions,17,2020,2022,1
Dawn of X / Reign of X / Destiny of X,206,S.W.O.R.D.,10,2020,2022,1
Dawn of X / Reign of X / Destiny of X,207,New Mutants,23,2020,2022,1
Dawn of X / Reign of X / Destiny of X,208,X-Force,25,2020,2022,1
Dawn of X / Reign of X / Destiny of X,209,Wolverine,18,2020,2022,1
Dawn of X / Reign of X / Destiny of X,210,X-Men,5,2021,2022,1
Dawn of X / Reign of X / Destiny of X,211,X-Men: The Trial of Magneto,4,2021,2022,1
Dawn of X / Reign of X / Destiny of X,212,Marauders,26,2019,2022,1
Dawn of X / Reign of X / Destiny of X,213,Hellions,18,2020,2022,1
Dawn of X / Reign of X / Destiny of X,214,Inferno,3,2021,2022,1
Dawn of X / Reign of X / Destiny of X,215,Excalibur,26,2019,2022,1
Dawn of X / Reign of X / Destiny of X,216,New Mutants,24,2020,2022,1
Dawn of X / Reign of X / Destiny of X,217,X-Force,26,2020,2022,1
Dawn of X / Reign of X / Destiny of X,218,Wolverine,19,2020,2022,1
Dawn of X / Reign of X / Destiny of X,219,S.W.O.R.D.,11,2020,2022,1
Dawn of X / Reign of X / Destiny of X,220,X-Men,6,2021,2022,1
Dawn of X / Reign of X / Destiny of X,221,X-Men: The Trial of Magneto,5,2021,2022,1
Dawn of X / Reign of X / Destiny of X,222,Marauders,27,2019,2022,1
Dawn of X / Reign of X / Destiny of X,223,Inferno,4,2021,2022,1
Dawn of X / Reign of X / Destiny of X,224,X Lives of Wolverine,1,2022,2022,1
Dawn of X / Reign of X / Destiny of X,225,X Deaths of Wolverine,1,2022,2022,1
Dawn of X / Reign of X / Destiny of X,226,X Lives of Wolverine,2,2022,2022,1
Dawn of X / Reign of X / Destiny of X,227,X Deaths of Wolverine,2,2022,2022,1
Dawn of X / Reign of X / Destiny of X,228,X Lives of Wolverine,3,2022,2022,1
Dawn of X / Reign of X / Destiny of X,229,X Deaths of Wolverine,3,2022,2022,1
Dawn of X / Reign of X / Destiny of X,230,X Lives of Wolverine,4,2022,2022,1
Dawn of X / Reign of X / Destiny of X,231,X Deaths of Wolverine,4,2022,2022,1
Dawn of X / Reign of X / Destiny of X,232,X Lives of Wolverine,5,2022,2022,1
Dawn of X / Reign of X / Destiny of X,233,X Deaths of Wolverine,5,2022,2022,1
Dawn of X / Reign of X / Destiny of X,234,Marauders Annual,1,2022,2022,1
Dawn of X / Reign of X / Destiny of X,235,X-Men,10,2021,2022,1
Dawn of X / Reign of X / Destiny of X,236,The Secret X-Men,1,2022,2022,1
Dawn of X / Reign of X / Destiny of X,237,Immortal X-Men,1,2022,2022,1
Dawn of X / Reign of X / Destiny of X,238,Immortal X-Men,2,2022,2022,1
Dawn of X / Reign of X / Destiny of X,239,X-Men: Red,1,2022,2022,1
Dawn of X / Reign of X / Destiny of X,240,Marauders,1,2022,2022,1
Dawn of X / Reign of X / Destiny of X,241,X-Force Annual,1,2022,2022,1
Dawn of X / Reign of X / Destiny of X,242,X-Force,27,2020,2022,1
Dawn of X / Reign of X / Destiny of X,243,X-Force,28,2020,2022,1
Dawn of X / Reign of X / Destiny of X,244,X-Force,29,2020,2022,1
Dawn of X / Reign of X / Destiny of X,245,Knights of X,1,2022,2022,1
Dawn of X / Reign of X / Destiny of X,246,Marauders,2,2022,2022,1
Dawn of X / Reign of X / Destiny of X,247,Marauders,3,2022,2022,1
Dawn of X / Reign of X / Destiny of X,248,Marauders,4,2022,2022,1
Dawn of X / Reign of X / Destiny of X,249,Marauders,5,2022,2022,1
Dawn of X / Reign of X / Destiny of X,250,Giant-Size X-Men: Thunderbird,1,2022,2022,1
Dawn of X / Reign of X / Destiny of X,251,X-Men,11,2021,2022,1
Dawn of X / Reign of X / Destiny of X,252,Free Comic Book Day 2022: Avengers/X-Men,1,2022,2022,0
Dawn of X / Reign of X / Destiny of X,253,Free Comic Book Day 2022: Spider-Man/Venom,1,2022,2022,0
Dawn of X / Reign of X / Destiny of X,254,X-Men: Red,2,2022,2022,1
Dawn of X / Reign of X / Destiny of X,255,Knights of X,2,2022,2022,1
Dawn of X / Reign of X / Destiny of X,256,Marvel's Voices Infinity Comic,1,2022,2022,0
Dawn of X / Reign of X / Destiny of X,257,Marvel's Voices Infinity Comic,2,2022,2022,0
Dawn of X / Reign of X / Destiny of X,258,Marvel's Voices Infinity Comic,3,2022,2022,0
Dawn of X / Reign of X / Destiny of X,259,Marvel's Voices Infinity Comic,4,2022,2022,0
Dawn of X / Reign of X / Destiny of X,260,New Mutants,25,2020,2022,1
Dawn of X / Reign of X / Destiny of X,261,Legion of X,1,2022,2022,1
Dawn of X / Reign of X / Destiny of X,262,Legion of X,2,2022,2022,1
Dawn of X / Reign of X / Destiny of X,263,Wolverine,20,2020,2022,1
Dawn of X / Reign of X / Destiny of X,264,Wolverine,21,2020,2022,1
Dawn of X / Reign of X / Destiny of X,265,Wolverine,22,2020,2022,1
Dawn of X / Reign of X / Destiny of X,266,Wolverine,23,2020,2022,1
Dawn of X / Reign of X / Destiny of X,267,X-Men: Red,3,2022,2022,1
Dawn of X / Reign of X / Destiny of X,268,Immortal X-Men,3,2022,2022,1
Dawn of X / Reign of X / Destiny of X,269,New Mutants,26,2020,2022,1
Dawn of X / Reign of X / Destiny of X,270,New Mutants,27,2020,2022,1
Dawn of X / Reign of X / Destiny of X,271,New Mutants,28,2020,2022,1
Dawn of X / Reign of X / Destiny of X,272,New Mutants,29,2020,2022,1
Dawn of X / Reign of X / Destiny of X,273,Knights of X,3,2022,2022,1
Dawn of X / Reign of X / Destiny of X,274,Knights of X,4,2022,2022,1
Dawn of X / Reign of X / Destiny of X,275,Knights of X,5,2022,2022,1
Dawn of X / Reign of X / Destiny of X,276,Sabretooth,1,2022,2022,1
Dawn of X / Reign of X / Destiny of X,277,Sabretooth,2,2022,2022,1
Dawn of X / Reign of X / Destiny of X,278,Sabretooth,3,2022,2022,1
Dawn of X / Reign of X / Destiny of X,279,Sabretooth,4,2022,2022,1
Dawn of X / Reign of X / Destiny of X,280,Sabretooth,5,2022,2022,1
Dawn of X / Reign of X / Destiny of X,281,X-Men,12,2021,2022,1
Dawn of X / Reign of X / Destiny of X,282,X-Men: Red,4,2022,2022,1
Dawn of X / Reign of X / Destiny of X,283,Legion of X,3,2022,2022,1
Dawn of X / Reign of X / Destiny of X,284,Legion of X,4,2022,2022,1
Dawn of X / Reign of X / Destiny of X,285,Ms. Marvel & Wolverine,1,2022,2022,1
Dawn of X / Reign of X / Destiny of X,286,New Mutants,30,2020,2022,1
Dawn of X / Reign of X / Destiny of X,287,X-Men: Hellfire Gala,1,2023,2023,0
Dawn of X / Reign of X / Destiny of X,288,The Amazing Spider-Man,9,2022,2022,1
Dawn of X / Reign of X / Destiny of X,289,Immortal X-Men,4,2022,2022,1
Dawn of X / Reign of X / Destiny of X,290,A.X.E.: Eve of Judgment,1,2022,2022,1
Dawn of X / Reign of X / Destiny of X,291,A.X.E.: Judgment Day,1,2022,2022,1
Dawn of X / Reign of X / Destiny of X,292,Immortal X-Men,5,2022,2022,1
Dawn of X / Reign of X / Destiny of X,293,X-Men: Red,5,2022,2022,1
Dawn of X / Reign of X / Destiny of X,294,Legion of X,5,2022,2022,1
Dawn of X / Reign of X / Destiny of X,295,A.X.E.: Judgment Day,2,2022,2022,1
Dawn of X / Reign of X / Destiny of X,296,A.X.E.: Death to the Mutants,1,2022,2022,1
Dawn of X / Reign of X / Destiny of X,297,X-Men,13,2021,2022,1
Dawn of X / Reign of X / Destiny of X,298,X-Force,30,2020,2022,1
Dawn of X / Reign of X / Destiny of X,299,A.X.E.: Judgment Day,3,2022,2022,1
Dawn of X / Reign of X / Destiny of X,300,A.X.E.: Death to the Mutants,2,2022,2022,1
Dawn of X / Reign of X / Destiny of X,301,Immortal X-Men,6,2022,2022,1
Dawn of X / Reign of X / Destiny of X,302,X-Men,14,2021,2022,1
Dawn of X / Reign of X / Destiny of X,303,Marauders,6,2022,2022,1
Dawn of X / Reign of X / Destiny of X,304,Wolverine,24,2020,2022,1
Dawn of X / Reign of X / Destiny of X,305,Wolverine,25,2020,2022,1
Dawn of X / Reign of X / Destiny of X,306,Avengers,60,2018,2022,1
Dawn of X / Reign of X / Destiny of X,307,Fantastic Four,47,2018,2022,1
Dawn of X / Reign of X / Destiny of X,308,Fantastic Four,48,2018,2022,1
Dawn of X / Reign of X / Destiny of X,309,The Amazing Spider-Man,10,2022,2022,1
Dawn of X / Reign of X / Destiny of X,310,X-Force,31,2020,2022,1
Dawn of X / Reign of X / Destiny of X,311,X-Force,32,2020,2022,1
Dawn of X / Reign of X / Destiny of X,312,X-Force,33,2020,2022,1
Dawn of X / Reign of X / Destiny of X,313,A.X.E.: Iron Fist,1,2022,2022,1
Dawn of X / Reign of X / Destiny of X,314,Captain Marvel,42,2019,2022,1
Dawn of X / Reign of X / Destiny of X,315,X-Men: Red,6,2022,2022,1
Dawn of X / Reign of X / Destiny of X,316,A.X.E.: Judgment Day,4,2022,2022,1
Dawn of X / Reign of X / Destiny of X,317,A.X.E.: Judgment Day,5,2022,2022,1
Dawn of X / Reign of X / Destiny of X,318,X-Men: Red,7,2022,2022,1
Dawn of X / Reign of X / Destiny of X,319,Legion of X,6,2022,2022,1
Dawn of X / Reign of X / Destiny of X,320,Immortal X-Men,7,2022,2022,1
Dawn of X / Reign of X / Destiny of X,321,A.X.E.: Death to the Mutants,3,2022,2022,1
Dawn of X / Reign of X / Destiny of X,322,A.X.E.: Starfox,1,2022,2022,1
Dawn of X / Reign of X / Destiny of X,323,A.X.E.: Avengers,1,2022,2022,1
Dawn of X / Reign of X / Destiny of X,324,A.X.E.: X-Men,1,2022,2022,1
Dawn of X / Reign of X / Destiny of X,325,A.X.E.: Eternals,1,2022,2022,1
Dawn of X / Reign of X / Destiny of X,326,A.X.E.: Judgment Day,6,2022,2022,1
Dawn of X / Reign of X / Destiny of X,327,A.X.E.: Judgment Day Omega,1,2023,2023,0
Dawn of X / Reign of X / Destiny of X,328,X-Men,15,2021,2022,1
Dawn of X / Reign of X / Destiny of X,329,X-Men,16,2021,2022,1
Dawn of X / Reign of X / Destiny of X,330,X-Men,17,2021,2023,1
Dawn of X / Reign of X / Destiny of X,331,Marauders,7,2022,2022,1
Dawn of X / Reign of X / Destiny of X,332,Marauders,8,2022,2023,1
Dawn of X / Reign of X / Destiny of X,333,Marauders,9,2022,2023,1
Dawn of X / Reign of X / Destiny of X,334,Marauders,10,2022,2023,1
Dawn of X / Reign of X / Destiny of X,335,New Mutants,31,2020,2022,1
Dawn of X / Reign of X / Destiny of X,336,New Mutants,32,2020,2023,1
Dawn of X / Reign of X / Destiny of X,337,New Mutants,33,2020,2023,1
Dawn of X / Reign of X / Destiny of X,338,X-Men Annual,1,2023,2023,1
Dawn of X / Reign of X / Destiny of X,339,X-Terminators,1,2023,2023,1
Dawn of X / Reign of X / Destiny of X,340,X-Terminators,2,2022,2022,1
Dawn of X / Reign of X / Destiny of X,341,X-Terminators,3,2022,2023,1
Dawn of X / Reign of X / Destiny of X,342,X-Men,18,2021,2023,1
Dawn of X / Reign of X / Destiny of X,343,Wolverine,26,2020,2022,1
Dawn of X / Reign of X / Destiny of X,344,Wolverine,27,2020,2023,1
Dawn of X / Reign of X / Destiny of X,345,Wolverine,28,2020,2023,1
Dawn of X / Reign of X / Destiny of X,346,X-Men: Red,8,2022,2023,1
Dawn of X / Reign of X / Destiny of X,347,X-Force,34,2020,2023,1
Dawn of X / Reign of X / Destiny of X,348,X-Force,35,2020,2023,1
Dawn of X / Reign of X / Destiny of X,349,X-Force,36,2020,2023,1
Dawn of X / Reign of X / Destiny of X,350,X-Force,37,2020,2023,1
Dawn of X / Reign of X / Destiny of X,351,X-Force,38,2020,2023,1
Dawn of X / Reign of X / Destiny of X,352,Rogue & Gambit,1,2023,2023,1
Dawn of X / Reign of X / Destiny of X,353,Rogue & Gambit,2,2023,2023,1
Dawn of X / Reign of X / Destiny of X,354,Rogue & Gambit,3,2023,2023,1
Dawn of X / Reign of X / Destiny of X,355,Rogue & Gambit,4,2023,2023,1
Dawn of X / Reign of X / Destiny of X,356,Rogue & Gambit,5,2023,2023,1
Dawn of X / Reign of X / Destiny of X,357,Deadpool,1,2023,2023,1
Dawn of X / Reign of X / Destiny of X,358,Deadpool,2,2023,2023,1
Dawn of X / Reign of X / Destiny of X,359,Deadpool,3,2023,2023,1
Dawn of X / Reign of X / Destiny of X,360,Deadpool,4,2023,2023,1
Dawn of X / Reign of X / Destiny of X,361,Deadpool,5,2023,2023,1
Dawn of X / Reign of X / Destiny of X,362,Deadpool,6,2023,2023,1
Dawn of X / Reign of X / Destiny of X,363,Deadpool,7,2023,2023,1
Dawn of X / Reign of X / Destiny of X,364,Deadpool,8,2023,2023,1
Dawn of X / Reign of X / Destiny of X,365,Deadpool,9,2023,2023,1
Dawn of X / Reign of X / Destiny of X,366,Captain Marvel,43,2019,2023,1
Dawn of X / Reign of X / Destiny of X,367,Captain Marvel,44,2019,2023,1
Dawn of X / Reign of X / Destiny of X,368,Captain Marvel,45,2019,2023,1
Dawn of X / Reign of X / Destiny of X,369,Captain Marvel,46,2019,2023,1
Dawn of X / Reign of X / Destiny of X,370,X-Men,19,2021,2023,1
Dawn of X / Reign of X / Destiny of X,371,X-Men,20,2021,2023,1
Dawn of X / Reign of X / Destiny of X,372,X-Men,21,2021,2023,1
Dawn of X / Reign of X / Destiny of X,373,Captain Marvel,47,2019,2023,1
Dawn of X / Reign of X / Destiny of X,374,Captain Marvel,48,2019,2023,1
Dawn of X / Reign of X / Destiny of X,375,Captain Marvel,49,2019,2023,1
Dawn of X / Reign of X / Destiny of X,376,Sabretooth and the Exiles,1,2022,2023,0
Dawn of X / Reign of X / Destiny of X,377,Sabretooth and the Exiles,2,2022,2023,0
Dawn of X / Reign of X / Destiny of X,378,Sabretooth and the Exiles,3,2022,2023,0
Dawn of X / Reign of X / Destiny of X,379,Sabretooth and the Exiles,4,2022,2023,0
Dawn of X / Reign of X / Destiny of X,380,Sabretooth and the Exiles,5,2022,2023,0
Dawn of X / Reign of X / Destiny of X,381,Wolverine,29,2020,2023,1
Dawn of X / Reign of X / Destiny of X,382,Legion of X,7,2022,2023,1
Dawn of X / Reign of X / Destiny of X,383,Legion of X,8,2022,2023,1
Dawn of X / Reign of X / Destiny of X,384,Immortal X-Men,8,2022,2023,1
Dawn of X / Reign of X / Destiny of X,385,X-Men: Red,9,2022,2023,1
Dawn of X / Reign of X / Destiny of X,386,Dark Web,1,2022,2022,1
Dawn of X / Reign of X / Destiny of X,387,Venom,14,2021,2023,1
Dawn of X / Reign of X / Destiny of X,388,Venom,15,2021,2023,1
Dawn of X / Reign of X / Destiny of X,389,The Amazing Spider-Man,14,2022,2023,1
Dawn of X / Reign of X / Destiny of X,390,The Amazing Spider-Man,15,2022,2023,1
Dawn of X / Reign of X / Destiny of X,391,The Amazing Spider-Man,16,2022,2023,1
Dawn of X / Reign of X / Destiny of X,392,The Amazing Spider-Man,17,2022,2023,1
Dawn of X / Reign of X / Destiny of X,393,The Amazing Spider-Man,18,2022,2023,1
Dawn of X / Reign of X / Destiny of X,394,Dark Web: X-Men,1,2022,2023,1
Dawn of X / Reign of X / Destiny of X,395,Dark Web: X-Men,2,2022,2023,1
Dawn of X / Reign of X / Destiny of X,396,Dark Web: X-Men,3,2022,2023,1
Dawn of X / Reign of X / Destiny of X,397,Dark Web: Ms. Marvel,1,2022,2023,1
Dawn of X / Reign of X / Destiny of X,398,Dark Web: Ms. Marvel,2,2022,2023,1
Dawn of X / Reign of X / Destiny of X,399,Dark Web: Finale,1,2023,2023,1
Dawn of X / Reign of X / Destiny of X,400,X-Terminators,4,2022,2023,1
Dawn of X / Reign of X / Destiny of X,401,X-Terminators,5,2022,2023,1
Dawn of X / Reign of X / Destiny of X,402,Marauders,11,2022,2023,1
Dawn of X / Reign of X / Destiny of X,403,Marauders,12,2022,2023,1
Dawn of X / Reign of X / Destiny of X,404,New Mutants: Lethal Legion,1,2023,2023,1
Dawn of X / Reign of X / Destiny of X,405,New Mutants: Lethal Legion,2,2023,2023,1
Dawn of X / Reign of X / Destiny of X,406,New Mutants: Lethal Legion,3,2023,2023,1
Dawn of X / Reign of X / Destiny of X,407,New Mutants: Lethal Legion,4,2023,2023,1
Dawn of X / Reign of X / Destiny of X,408,New Mutants: Lethal Legion,5,2023,2023,1
Dawn of X / Reign of X / Destiny of X,409,Bishop: War College,1,2023,2023,1
Dawn of X / Reign of X / Destiny of X,410,Bishop: War College,2,2023,2023,1
Dawn of X / Reign of X / Destiny of X,411,Bishop: War College,3,2023,2023,1
Dawn of X / Reign of X / Destiny of X,412,Bishop: War College,4,2023,2023,1
Dawn of X / Reign of X / Destiny of X,413,Bishop: War College,5,2023,2023,1
Dawn of X / Reign of X / Destiny of X,414,Betsy Braddock: Captain Britain,1,2023,2023,1
Dawn of X / Reign of X / Destiny of X,415,Betsy Braddock: Captain Britain,2,2023,2023,1
Dawn of X / Reign of X / Destiny of X,416,Betsy Braddock: Captain Britain,3,2023,2023,1
Dawn of X / Reign of X / Destiny of X,417,Betsy Braddock: Captain Britain,4,2023,2023,1
Dawn of X / Reign of X / Destiny of X,418,Betsy Braddock: Captain Britain,5,2023,2023,1
Dawn of X / Reign of X / Destiny of X,419,Wolverine,30,2020,2023,1
Dawn of X / Reign of X / Destiny of X,420,Wolverine,31,2020,2023,1
Dawn of X / Reign of X / Destiny of X,421,Wolverine,32,2020,2023,1
Dawn of X / Reign of X / Destiny of X,422,X-Force,39,2020,2023,1
Dawn of X / Reign of X / Destiny of X,423,The Invincible Iron Man,1,2022,2023,0
Dawn of X / Reign of X / Destiny of X,424,The Invincible Iron Man,2,2022,2023,0
Dawn of X / Reign of X / Destiny of X,425,The Invincible Iron Man,3,2022,2023,0
Dawn of X / Reign of X / Destiny of X,426,The Invincible Iron Man,4,2022,2023,0
Dawn of X / Reign of X / Destiny of X,427,The Invincible Iron Man,5,2022,2023,0
Dawn of X / Reign of X / Destiny of X,428,Immortal X-Men,9,2022,2023,1
Dawn of X / Reign of X / Destiny of X,429,X-Men: Red,10,2022,2023,1
Dawn of X / Reign of X / Destiny of X,430,Legion of X,9,2022,2023,1
Dawn of X / Reign of X / Destiny of X,431,Legion of X,10,2022,2023,1
Dawn of X / Reign of X / Destiny of X,432,Immortal X-Men,10,2022,2023,1
Dawn of X / Reign of X / Destiny of X,433,Sins of Sinister,1,2023,2023,1
Dawn of X / Reign of X / Destiny of X,434,Storm & The Brotherhood of Mutants,1,2023,2023,1
Dawn of X / Reign of X / Destiny of X,435,Nightcrawlers,1,2023,2023,1
Dawn of X / Reign of X / Destiny of X,436,Immoral X-Men,1,2023,2023,1
Dawn of X / Reign of X / Destiny of X,437,Nightcrawlers,2,2023,2023,1
Dawn of X / Reign of X / Destiny of X,438,Immoral X-Men,2,2023,2023,1
Dawn of X / Reign of X / Destiny of X,439,Storm & The Brotherhood of Mutants,2,2023,2023,1
Dawn of X / Reign of X / Destiny of X,440,Immoral X-Men,3,2023,2023,1
Dawn of X / Reign of X / Destiny of X,441,Storm & The Brotherhood of Mutants,3,2023,2023,1
Dawn of X / Reign of X / Destiny of X,442,Nightcrawlers,3,2023,2023,1
Dawn of X / Reign of X / Destiny of X,443,Sins of Sinister: Dominion,1,2023,2023,1
Dawn of X / Reign of X / Destiny of X,444,Immortal X-Men,11,2022,2023,1
Dawn of X / Reign of X / Destiny of X,445,X-Men: Before the Fall - Sons of X,1,2023,2023,1
Dawn of X / Reign of X / Destiny of X,446,X-Men: Red,11,2022,2023,1
Dawn of X / Reign of X / Destiny of X,447,X-Men: Red,12,2022,2023,1
Dawn of X / Reign of X / Destiny of X,448,X-Men: Before The Fall - Heralds of Apocalypse,1,2023,2023,1
Dawn of X / Reign of X / Destiny of X,449,X-Men: Red,13,2022,2023,1
Dawn of X / Reign of X / Destiny of X,450,Wolverine,33,2020,2023,1
Dawn of X / Reign of X / Destiny of X,451,Wolverine,34,2020,2023,1
Dawn of X / Reign of X / Destiny of X,452,Wolverine,35,2020,2023,1
Dawn of X / Reign of X / Destiny of X,453,X-Force,40,2020,2023,1
Dawn of X / Reign of X / Destiny of X,454,X-Force,41,2020,2023,1
Dawn of X / Reign of X / Destiny of X,455,X-Force,42,2020,2023,1
Dawn of X / Reign of X / Destiny of X,456,X-Men,22,2021,2023,1
Dawn of X / Reign of X / Destiny of X,457,X-Men,23,2021,2023,1
Dawn of X / Reign of X / Destiny of X,458,X-Men,24,2021,2023,1
Dawn of X / Reign of X / Destiny of X,459,The Invincible Iron Man,7,2022,2023,0
Dawn of X / Reign of X / Destiny of X,460,X-Men: Before the Fall – Mutant First Strike,1,2023,2023,1
Dawn of X / Reign of X / Destiny of X,461,X-Men: Before the Fall - Sinister Four,1,2023,2023,1
Dawn of X / Reign of X / Destiny of X,462,Immortal X-Men,12,2022,2023,1
Dawn of X / Reign of X / Destiny of X,463,Immortal X-Men,13,2022,2023,1
Day of Judgment,1,Day of Judgment,1,1999,1999,0
Day of Judgment,2,Anarky,7,1999,1999,0
Day of Judgment,3,Batman: Day of Judgment,1,1999,1999,0
Day of Judgment,4,Green Lantern,118,1990,1999,0
Day of Judgment,5,Martian Manhunter,12,1998,1999,0
Day of Judgment,6,Young Justice,14,1998,1999,0
Day of Judgment,7,Day of Judgment,2,1999,1999,0
Day of Judgment,8,Azrael: Agent of the Bat,58,1998,1999,0
Day of Judgment,9,Hourman,8,1999,1999,0
Day of Judgment,10,Impulse,54,1995,1999,0
Day of Judgment,11,Stars and S.T.R.I.P.E.,4,1999,1999,0
Day of Judgment,12,Day of Judgment,3,1999,1999,0
Day of Judgment,13,Aquaman,61,1994,1999,0
Day of Judgment,14,Superboy,68,1994,1999,0
Day of Judgment,15,The Titans,9,1999,1999,0
Day of Judgment,16,Day of Judgment,4,1999,1999,0
Day of Judgment,17,Supergirl,38,1996,1999,1
Day of Judgment,18,Day of Judgment,5,1999,1999,0
Day of Judgment,19,Day of Judgment: Secret Files and Origins,1,1999,1999,0
Day of Judgment,20,Superman: The Man of Tomorrow,15,1995,1999,0
Day of Judgment,21,JLA,35,1997,1999,0
DC All In Special,1,DC All In Special,1,2024,2024,0
DC K.O.,1,Justice League: The Omega Act Special,1,2025,2025,0
DC K.O.,2,DC K.O.,1,2025,2025,1
DC K.O.,3,Titans,28,2023,2025,1
DC K.O.,4,Superman,31,2023,2025,1
DC K.O.,5,The Flash,26,2023,2025,1
DC K.O.,6,Justice League Unlimited,12,2024,2025,1
DC K.O.,7,DC K.O.: Knightfight,1,2025,2025,1
DC K.O.,8,Aquaman,11,2025,2025,1
DC K.O.,9,Titans,29,2023,2025,1
DC K.O.,10,Justice League Red,4,2025,2025,1
DC K.O.,11,DC K.O.,2,2025,2025,1
DC K.O.,12,Justice League Unlimited,13,2024,2025,1
DC K.O.,13,Superman,32,2023,2025,1
DC K.O.,14,The Flash,27,2023,2025,1
DC K.O.,15,DC K.O.: Knightfight,2,2025,2025,1
DC K.O.,16,DC K.O.: Superman vs. Captain Atom,1,2025,2025,1
DC K.O.,17,Aquaman,12,2025,2025,1
DC K.O.,18,DC K.O.: Wonder Woman vs. Lobo,1,2025,2025,1
DC K.O.,19,Titans,30,2023,2025,1
DC K.O.,20,DC K.O.: Harley Quinn vs. Zatanna,1,2025,2025,0
DC K.O.,21,The Flash,28,2023,2025,1
DC K.O.,22,Justice League Unlimited,14,2024,2025,1
DC K.O.,23,Superman,33,2023,2025,1
DC K.O.,24,DC K.O.: Red Hood vs. The Joker,1,2025,2025,0
DC K.O.,25,DC K.O.: Knightfight,3,2025,2026,0
DC K.O.,26,DC K.O.,3,2025,2026,0
DC K.O.,27,Aquaman,13,2025,2026,1
DC K.O.,28,Titans,31,2023,2026,1
DC K.O.,29,DC K.O.: Green Lantern Galactic Slam,1,2026,2026,0
DC K.O.,30,Justice League Unlimited,15,2024,2026,0
DC K.O.,31,The Flash,29,2023,2026,0
DC K.O.,32,DC K.O.: The Kids Are All Fight Special,1,2026,2026,0
DC K.O.,33,Superman,34,2023,2026,1
DC K.O.,34,DC K.O.: Boss Battle,1,2026,2026,0
DC K.O.,35,DC K.O.: Knightfight,4,2025,2026,0
DC K.O.,36,DC K.O.,4,2025,2026,0
DC K.O.,37,Titans,32,2023,2026,1
DC K.O.,38,Justice League Unlimited,16,2024,2026,0
DC K.O.,39,The Flash,30,2023,2026,0
DC K.O.,40,Superman,35,2023,2026,1
DC K.O.,41,DC K.O.,5,2025,2026,0
DC Universe: Rebirth,1,DC Universe: Rebirth,1,2016,2016,0
DC x Sonic the Hedgehog,1,DC x Sonic the Hedgehog,1,2025,2025,0
DC x Sonic the Hedgehog,2,DC x Sonic the Hedgehog,2,2025,2025,1
DC x Sonic the Hedgehog,3,DC x Sonic the Hedgehog,3,2025,2025,1
DC x Sonic the Hedgehog,4,DC x Sonic the Hedgehog,4,2025,2025,1
DC x Sonic the Hedgehog,5,DC x Sonic the Hedgehog,5,2025,2025,1
DCeased,1,DCeased,1,2019,2019,0
DCeased,2,DCeased,2,2019,2019,1
DCeased,3,DCeased,3,2019,2019,1
DCeased,4,DCeased,4,2019,2019,1
DCeased,5,DCeased,5,2019,2019,0
DCeased,6,DCeased,6,2019,2019,0
DCeased,7,DCeased: A Good Day To Die,1,2019,2019,1
DCeased,8,DCeased: Unkillables,1,2020,2020,1
DCeased,9,DCeased: Unkillables,2,2020,2020,1
DCeased,10,DCeased: Unkillables,3,2020,2020,1
DCeased,11,DCeased: Hope At World's End,1,2020,2020,1
DCeased,12,DCeased: Hope At World's End,2,2020,2020,1
DCeased,13,DCeased: Hope At World's End,3,2020,2020,1
DCeased,14,DCeased: Hope At World's End,4,2020,2020,1
DCeased,15,DCeased: Hope At World's End,5,2020,2020,1
DCeased,16,DCeased: Hope At World's End,6,2020,2020,1
DCeased,17,DCeased: Hope At World's End,7,2020,2020,1
DCeased,18,DCeased: Hope At World's End,8,2020,2020,1
DCeased,19,DCeased: Hope At World's End,9,2020,2020,1
DCeased,20,DCeased: Hope At World's End,10,2020,2020,1
DCeased,21,DCeased: Hope At World's End,11,2020,2020,1
DCeased,22,DCeased: Hope At World's End,12,2020,2020,0
DCeased,23,DCeased: Hope At World's End,13,2020,2020,1
DCeased,24,DCeased: Hope At World's End,14,2020,2020,1
DCeased,25,DCeased: Hope At World's End,15,2020,2020,1
DCeased,26,DCeased: Dead Planet,1,2020,2020,1
DCeased,27,DCeased: Dead Planet,2,2020,2020,1
DCeased,28,DCeased: Dead Planet,3,2020,2020,1
DCeased,29,DCeased: Dead Planet,4,2020,2020,1
DCeased,30,DCeased: Dead Planet,5,2020,2021,1
DCeased,31,DCeased: Dead Planet,6,2020,2021,1
DCeased,32,DCeased: Dead Planet,7,2020,2021,0
DCeased,33,DCeased: War of the Undead Gods,1,2022,2022,0
DCeased,34,DCeased: War of the Undead Gods,2,2022,2022,0
DCeased,35,DCeased: War of the Undead Gods,3,2022,2022,0
DCeased,36,DCeased: War of the Undead Gods,4,2022,2023,0
DCeased,37,DCeased: War of the Undead Gods,5,2022,2023,0
DCeased,38,DCeased: War of the Undead Gods,6,2022,2023,0
DCeased,39,DCeased: War of the Undead Gods,7,2022,2023,0
DCeased,40,DCeased: War of the Undead Gods,8,2022,2023,0
Dead No More The Clone Conspiracy,1,The Amazing Spider-Man,16,2015,2016,1
Dead No More The Clone Conspiracy,2,The Amazing Spider-Man,17,2015,2016,1
Dead No More The Clone Conspiracy,3,The Amazing Spider-Man,18,2015,2016,1
Dead No More The Clone Conspiracy,4,The Amazing Spider-Man,19,2015,2016,1
Dead No More The Clone Conspiracy,5,Free Comic Book Day 2016 (Captain America),1,2016,2016,0
Dead No More The Clone Conspiracy,6,The Clone Conspiracy,1,2016,2016,0
Dead No More The Clone Conspiracy,7,The Amazing Spider-Man,20,2015,2016,1
Dead No More The Clone Conspiracy,8,The Clone Conspiracy,2,2016,2017,0
Dead No More The Clone Conspiracy,9,The Amazing Spider-Man,21,2015,2017,1
Dead No More The Clone Conspiracy,10,Prowler,1,2016,2016,0
Dead No More The Clone Conspiracy,11,Prowler,2,2016,2017,0
Dead No More The Clone Conspiracy,12,Prowler,3,2016,2017,0
Dead No More The Clone Conspiracy,13,Silk,14,2015,2017,0
Dead No More The Clone Conspiracy,14,Silk,15,2015,2017,0
Dead No More The Clone Conspiracy,15,The Clone Conspiracy,3,2016,2017,0
Dead No More The Clone Conspiracy,16,The Amazing Spider-Man,22,2015,2017,1
Dead No More The Clone Conspiracy,17,The Clone Conspiracy,4,2016,2017,0
Dead No More The Clone Conspiracy,18,The Amazing Spider-Man,23,2015,2017,1
Dead No More The Clone Conspiracy,19,Silk,16,2015,2017,0
Dead No More The Clone Conspiracy,20,Prowler,4,2016,2017,0
Dead No More The Clone Conspiracy,21,Prowler,5,2016,2017,0
Dead No More The Clone Conspiracy,22,The Clone Conspiracy,5,2016,2017,0
Dead No More The Clone Conspiracy,23,Silk,17,2015,2017,0
Dead No More The Clone Conspiracy,24,The Amazing Spider-Man,24,2015,2017,1
Dead No More The Clone Conspiracy,25,The Clone Conspiracy Omega,1,2017,2017,0
Deadpool/Batman,1,Marvel/DC: Deadpool/Batman,1,2025,2025,1
Deadpool/Batman,2,DC/Marvel: Batman/Deadpool,1,2025,2025,0
Death of Doctor Strange,1,Death of Doctor Strange,1,2021,2021,1
Death of Doctor Strange,2,Death of Doctor Strange,2,2021,2021,1
Death of Doctor Strange,3,Death of Doctor Strange: The Avengers,1,2021,2022,1
Death of Doctor Strange,4,Strange Academy Presents: The Death of Doctor Strange,1,2021,2022,1
Death of Doctor Strange,5,Death of Doctor Strange,3,2021,2022,1
Death of Doctor Strange,6,Death of Doctor Strange: Spider-Man,1,2021,2022,1
Death of Doctor Strange,7,Death of Doctor Strange: White Fox,1,2021,2022,1
Death of Doctor Strange,8,Death of Doctor Strange: Blade,1,2021,2022,1
Death of Doctor Strange,9,Death of Doctor Strange,4,2021,2022,1
Death of Doctor Strange,10,Death of Doctor Strange: Bloodstone,1,2022,2022,1
Death of Doctor Strange,11,Death of Doctor Strange: X-Men/Black Knight,1,2022,2022,1
Death of Doctor Strange,12,Death of Doctor Strange,5,2021,2022,1
Death of the Family,1,Batgirl,13,2011,2012,1
Death of the Family,2,Catwoman,13,2011,2012,1
Death of the Family,3,Catwoman,14,2011,2013,1
Death of the Family,4,Batman,13,2011,2012,1
Death of the Family,5,Batman and Robin,13,2011,2012,1
Death of the Family,6,Batman and Robin,14,2011,2013,1
Death of the Family,7,Suicide Squad,14,2011,2013,1
Death of the Family,8,Suicide Squad,15,2011,2013,0
Death of the Family,9,Batman,14,2011,2013,1
Death of the Family,10,Detective Comics,15,2011,2013,0
Death of the Family,11,Batgirl,14,2011,2013,1
Death of the Family,12,Nightwing,13,2011,2012,1
Death of the Family,13,Nightwing,14,2011,2013,1
Death of the Family,14,Batgirl,15,2011,2013,1
Death of the Family,15,Batgirl,16,2011,2013,1
Death of the Family,16,Batman,15,2011,2013,1
Death of the Family,17,Batman and Robin,15,2011,2013,1
Death of the Family,18,Batman and Robin,16,2011,2013,0
Death of the Family,19,Detective Comics,16,2011,2013,0
Death of the Family,20,Detective Comics,17,2011,2013,0
Death of the Family,21,Nightwing,15,2011,2013,1
Death of the Family,22,Nightwing,16,2011,2013,1
Death of the Family,23,Red Hood and the Outlaws,15,2011,2013,1
Death of the Family,24,Teen Titans,15,2011,2013,1
Death of the Family,25,Red Hood and the Outlaws,16,2011,2013,0
Death of the Family,26,Teen Titans,16,2011,2013,0
Death of the Family,27,Batman,16,2011,2013,1
Death of the Family,28,Batman,17,2011,2013,1
Death of the Family,29,Batman and Robin,17,2011,2013,0
Death of the Family,30,Red Hood and the Outlaws,17,2011,2013,0
Death of Wolverine,1,Wolverine,1,2013,2013,1
Death of Wolverine,2,Wolverine,2,2013,2013,1
Death of Wolverine,3,Wolverine,3,2013,2013,1
Death of Wolverine,4,Wolverine,4,2013,2013,1
Death of Wolverine,5,Wolverine,5,2013,2013,1
Death of Wolverine,6,Wolverine,6,2013,2013,1
Death of Wolverine,7,Wolverine,7,2013,2013,1
Death of Wolverine,8,Wolverine,8,2013,2013,1
Death of Wolverine,9,Wolverine,9,2013,2013,1
Death of Wolverine,10,Wolverine,10,2013,2013,1
Death of Wolverine,11,Wolverine,11,2013,2014,1
Death of Wolverine,12,Wolverine,12,2013,2014,1
Death of Wolverine,13,Wolverine,13,2013,2014,1
Death of Wolverine,14,Death of Wolverine,1,2014,2014,0
Death of Wolverine,15,Death of Wolverine,2,2014,2014,0
Death of Wolverine,16,Death of Wolverine,3,2014,2014,0
Death of Wolverine,17,Death of Wolverine,4,2014,2014,0
Death of Wolverine,18,Death of Wolverine: Life After Logan,1,2014,2015,0
Death of Wolverine,19,Death of Wolverine: Deadpool & Captain America,1,2014,2014,0
Death of Wolverine,20,Storm,4,2014,2014,0
Death of Wolverine,21,Storm,5,2014,2015,1
Death of Wolverine,22,Nightcrawler,7,2014,2014,0
Death of Wolverine,23,Wolverine & the X-Men,10,2014,2014,1
Death of Wolverine,24,Wolverine & the X-Men,11,2014,2014,1
Death of Wolverine,25,Death of Wolverine: The Weapon X Program,1,2014,2015,0
Death of Wolverine,26,Death of Wolverine: The Weapon X Program,2,2014,2015,0
Death of Wolverine,27,Death of Wolverine: The Weapon X Program,3,2014,2015,0
Death of Wolverine,28,Death of Wolverine: The Weapon X Program,4,2014,2015,0
Death of Wolverine,29,Death of Wolverine: The Weapon X Program,5,2014,2015,0
Death of Wolverine,30,Death of Wolverine: The Logan Legacy,1,2014,2014,0
Death of Wolverine,31,Death of Wolverine: The Logan Legacy,2,2014,2014,0
Death of Wolverine,32,Death of Wolverine: The Logan Legacy,3,2014,2014,0
Death of Wolverine,33,Death of Wolverine: The Logan Legacy,4,2014,2015,0
Death of Wolverine,34,Death of Wolverine: The Logan Legacy,5,2014,2015,0
Death of Wolverine,35,Death of Wolverine: The Logan Legacy,6,2014,2015,0
Death of Wolverine,36,Death of Wolverine: The Logan Legacy,7,2014,2015,0
Death of Wolverine,37,Wolverines,1,2015,2015,0
Death of Wolverine,38,Wolverines,2,2015,2015,0
Death of Wolverine,39,Wolverines,3,2015,2015,0
Death of Wolverine,40,Wolverines,4,2015,2015,0
Death of Wolverine,41,Wolverines,5,2015,2015,0
Death of Wolverine,42,Wolverines,6,2015,2015,0
Death of Wolverine,43,Wolverines,7,2015,2015,0
Death of Wolverine,44,Wolverines,8,2015,2015,0
Death of Wolverine,45,Wolverines,9,2015,2015,0
Death of Wolverine,46,Wolverines,10,2015,2015,0
Death of Wolverine,47,Wolverines,11,2015,2015,0
Death of Wolverine,48,Wolverines,12,2015,2015,0
Death of Wolverine,49,Wolverines,13,2015,2015,0
Death of Wolverine,50,Wolverines,14,2015,2015,0
Death of Wolverine,51,Wolverines,15,2015,2015,0
Death of Wolverine,52,Wolverines,16,2015,2015,0
Death of Wolverine,53,Wolverines,17,2015,2015,0
Death of Wolverine,54,Wolverines,18,2015,2015,0
Death of Wolverine,55,Wolverines,19,2015,2015,0
Death of Wolverine,56,Wolverines,20,2015,2015,0
Death of X,1,Death of X,1,2016,2016,0
Death of X,2,Death of X,2,2016,2016,0
Death of X,3,Death of X,3,2016,2017,0
Death of X,4,Death of X,4,2016,2017,0
Decimation,1,Decimation: House of M - The Day After,1,2006,2006,0
Decimation,2,Mutopia X,5,2005,2006,0
Decimation,3,X-Men: The 198 Files,1,2006,2006,0
Decimation,4,Sentinel Squad O*N*E,1,2006,2006,0
Decimation,5,Sentinel Squad O*N*E,2,2006,2006,0
Decimation,6,Sentinel Squad O*N*E,3,2006,2006,0
Decimation,7,Sentinel Squad O*N*E,4,2006,2006,0
Decimation,8,Sentinel Squad O*N*E,5,2006,2006,0
Decimation,9,New Excalibur,1,2006,2006,0
Decimation,10,New Excalibur,2,2006,2006,0
Decimation,11,New Excalibur,3,2006,2006,0
Decimation,12,X-Men,177,2004,2006,0
Decimation,13,X-Men,178,2004,2006,0
Decimation,14,X-Men,179,2004,2006,0
Decimation,15,New X-Men,20,2004,2006,0
Decimation,16,New X-Men,21,2004,2006,0
Decimation,17,New X-Men,22,2004,2006,0
Decimation,18,New X-Men,23,2004,2006,0
Decimation,19,Generation M,1,2006,2006,0
Decimation,20,Generation M,2,2006,2006,0
Decimation,21,Generation M,3,2006,2006,0
Decimation,22,Generation M,4,2006,2006,0
Decimation,23,Generation M,5,2006,2006,0
Decimation,24,Son of M,1,2006,2006,0
Decimation,25,Son of M,2,2006,2006,0
Decimation,26,Son of M,3,2006,2006,0
Decimation,27,Son of M,4,2006,2006,0
Decimation,28,Son of M,5,2006,2006,0
Decimation,29,Son of M,6,2006,2006,0
Decimation,30,X-Men: The 198,1,2006,2006,0
Decimation,31,X-Men: The 198,2,2006,2006,0
Decimation,32,X-Men: The 198,3,2006,2006,0
Decimation,33,X-Men: The 198,4,2006,2006,0
Decimation,34,X-Men: The 198,5,2006,2006,0
Decimation,35,X-Men: Deadly Genesis,1,2006,2006,0
Decimation,36,X-Men: Deadly Genesis,2,2006,2006,0
Decimation,37,X-Men: Deadly Genesis,3,2006,2006,0
Decimation,38,X-Men: Deadly Genesis,4,2006,2006,0
Decimation,39,X-Men: Deadly Genesis,5,2006,2006,0
Decimation,40,X-Men: Deadly Genesis,6,2006,2006,0
Decimation,41,Wolverine,36,2003,2006,1
Decimation,42,Wolverine,37,2003,2006,1
Decimation,43,Wolverine,38,2003,2006,1
Decimation,44,Wolverine,39,2003,2006,1
Decimation,45,Wolverine,40,2003,2006,1
Decimation,46,The Uncanny X-Men,466,1981,2006,0
Decimation,47,The Uncanny X-Men,467,1981,2006,0
Decimation,48,The Uncanny X-Men,468,1981,2006,0
Decimation,49,X-Factor,1,2006,2006,1
Decimation,50,X-Factor,2,2006,2006,0
Decimation,51,X-Factor,3,2006,2006,0
Decimation,52,X-Factor,4,2006,2006,0
Decimation,53,X-Men Unlimited,13,2004,2006,0
Devil's Reign,1,Devil's Reign,1,2021,2022,1
Devil's Reign,2,Devil's Reign,2,2021,2022,1
Devil's Reign,3,Spider-Woman,18,2020,2022,1
Devil's Reign,4,Devil's Reign,3,2021,2022,1
Devil's Reign,5,Daredevil: Woman Without Fear,1,2022,2022,1
Devil's Reign,6,Devil's Reign: Superior Four,1,2022,2022,1
Devil's Reign,7,Devil's Reign: Villains for Hire,1,2022,2022,1
Devil's Reign,8,Devil's Reign: Winter Soldier,1,2022,2022,1
Devil's Reign,9,Devil's Reign: X-Men,1,2022,2022,1
Devil's Reign,10,Spider-Woman,19,2020,2022,1
Devil's Reign,11,Devil's Reign,4,2021,2022,1
Devil's Reign,12,Daredevil: Woman Without Fear,2,2022,2022,1
Devil's Reign,13,Devil's Reign: Spider-Man,1,2022,2022,1
Devil's Reign,14,Devil's Reign: Superior Four,2,2022,2022,1
Devil's Reign,15,Devil's Reign: Villains for Hire,2,2022,2022,1
Devil's Reign,16,Devil's Reign: X-Men,2,2022,2022,1
Devil's Reign,17,Moon Knight,8,2021,2022,1
Devil's Reign,18,Devil's Reign,5,2021,2022,1
Devil's Reign,19,Devil's Reign,6,2021,2022,1
Devil's Reign,20,Daredevil: Woman Without Fear,3,2022,2022,1
Devil's Reign,21,Devil's Reign: Moon Knight,1,2022,2022,1
Devil's Reign,22,Devil's Reign: Villains for Hire,3,2022,2022,1
Devil's Reign,23,Devil's Reign: Superior Four,3,2022,2022,1
Devil's Reign,24,Devil's Reign: X-Men,3,2022,2022,1
Devil's Reign,25,Devil's Reign: Omega,1,2022,2022,1
DNX,1,Comics Giveaway Day 2026: Armageddon/X-Men,1,2026,2026,0
DNX,2,DNX,1,2026,2026,0
DNX,3,Fantastic Four,17,2025,2026,0
DNX,4,DNX,2,2026,2026,0
DNX,5,DNX,3,2026,2026,0
DNX,6,DNX,4,2026,2026,0
DNX,7,DNX,5,2026,2027,0
Doctor Strange: Damnation,1,Doctor Strange: Damnation,1,2018,2018,0
Doctor Strange: Damnation,2,Doctor Strange,386,2015,2018,0
Doctor Strange: Damnation,3,Doctor Strange: Damnation,2,2018,2018,0
Doctor Strange: Damnation,4,Doctor Strange,387,2015,2018,0
Doctor Strange: Damnation,5,Ben Reilly: Scarlet Spider,15,2017,2018,0
Doctor Strange: Damnation,6,Doctor Strange: Damnation,3,2018,2018,0
Doctor Strange: Damnation,7,Iron Fist,78,2017,2018,0
Doctor Strange: Damnation,8,Ben Reilly: Scarlet Spider,16,2017,2018,0
Doctor Strange: Damnation,9,Damnation: Johnny Blaze - Ghost Rider,1,2018,2018,0
Doctor Strange: Damnation,10,Doctor Strange,388,2015,2018,0
Doctor Strange: Damnation,11,Iron Fist,79,2017,2018,0
Doctor Strange: Damnation,12,Iron Fist,80,2017,2018,0
Doctor Strange: Damnation,13,Ben Reilly: Scarlet Spider,17,2017,2018,0
Doctor Strange: Damnation,14,Doctor Strange: Damnation,4,2018,2018,0
Doctor Strange: Damnation,15,Doctor Strange,389,2015,2018,0
Doomsday Clock,1,Doomsday Clock,1,2017,2018,1
Doomsday Clock,2,Doomsday Clock,2,2017,2018,0
Doomsday Clock,3,Doomsday Clock,3,2017,2018,1
Doomsday Clock,4,Doomsday Clock,4,2017,2018,1
Doomsday Clock,5,Doomsday Clock,5,2017,2018,1
Doomsday Clock,6,Doomsday Clock,6,2017,2018,1
Doomsday Clock,7,Doomsday Clock,7,2017,2018,1
Doomsday Clock,8,Doomsday Clock,8,2017,2019,1
Doomsday Clock,9,Doomsday Clock,9,2017,2019,1
Doomsday Clock,10,Doomsday Clock,10,2017,2019,1
Doomsday Clock,11,Doomsday Clock,11,2017,2019,1
Doomsday Clock,12,Doomsday Clock,12,2017,2020,1
Drowned Earth,1,Justice League,10,2018,2018,1
Drowned Earth,2,Aquaman,41,2016,2018,0
Drowned Earth,3,Titans,28,2016,2018,1
Drowned Earth,4,Justice League/Aquaman: Drowned Earth,1,2018,2018,0
Drowned Earth,5,Justice League,11,2018,2019,1
Drowned Earth,6,Aquaman,42,2016,2019,0
Drowned Earth,7,Justice League,12,2018,2019,1
Drowned Earth,8,Aquaman/Justice League: Drowned Earth Special,1,2018,2019,0
Earth 2: World's End,1,Earth 2: World's End,1,2014,2014,0
Earth 2: World's End,2,Earth 2: World's End,2,2014,2014,0
Earth 2: World's End,3,Earth 2: World's End,3,2014,2014,0
Earth 2: World's End,4,Earth 2: World's End,4,2014,2014,0
Earth 2: World's End,5,Earth 2: World's End,5,2014,2015,0
Earth 2: World's End,6,Earth 2: World's End,6,2014,2015,0
Earth 2: World's End,7,Earth 2: World's End,7,2014,2015,0
Earth 2: World's End,8,Earth 2: World's End,8,2014,2015,0
Earth 2: World's End,9,Earth 2: World's End,9,2014,2015,0
Earth 2: World's End,10,Earth 2: World's End,10,2014,2015,0
Earth 2: World's End,11,Earth 2: World's End,11,2014,2015,0
Earth 2: World's End,12,Earth 2: World's End,12,2014,2015,0
Earth 2: World's End,13,Earth 2: World's End,13,2014,2015,0
Earth 2: World's End,14,Earth 2: World's End,14,2014,2015,0
Earth 2: World's End,15,Earth 2: World's End,15,2014,2015,0
Earth 2: World's End,16,Earth 2: World's End,16,2014,2015,0
Earth 2: World's End,17,Earth 2: World's End,17,2014,2015,0
Earth 2: World's End,18,Earth 2: World's End,18,2014,2015,0
Earth 2: World's End,19,Earth 2: World's End,19,2014,2015,0
Earth 2: World's End,20,Earth 2: World's End,20,2014,2015,0
Earth 2: World's End,21,Earth 2: World's End,21,2014,2015,0
Earth 2: World's End,22,Earth 2: World's End,22,2014,2015,0
Earth 2: World's End,23,Earth 2: World's End,23,2014,2015,0
Earth 2: World's End,24,Earth 2: World's End,24,2014,2015,0
Earth 2: World's End,25,Earth 2: World's End,25,2014,2015,0
Earth 2: World's End,26,Earth 2: World's End,26,2014,2015,0
Earth X,1,Marvels X,1,2020,2020,0
Earth X,2,Marvels X,2,2020,2020,0
Earth X,3,Marvels X,3,2020,2020,0
Earth X,4,Marvels X,4,2020,2020,0
Earth X,5,Marvels X,5,2020,2020,0
Earth X,6,Marvels X,6,2020,2020,0
Earth X,7,Earth X,0,1999,1999,0
Earth X,8,Earth X,½,1999,2000,0
Earth X,9,Earth X,1,1999,1999,0
Earth X,10,Earth X,2,1999,1999,0
Earth X,11,Earth X,3,1999,1999,0
Earth X,12,Earth X,4,1999,1999,0
Earth X,13,Earth X,5,1999,1999,0
Earth X,14,Earth X,6,1999,1999,0
Earth X,15,Earth X,7,1999,1999,0
Earth X,16,Earth X,8,1999,1999,0
Earth X,17,Earth X,9,1999,1999,0
Earth X,18,Earth X,10,1999,2000,0
Earth X,19,Earth X,11,1999,2000,0
Earth X,20,Earth X,12,1999,2000,0
Earth X,21,Earth X,X,1999,2000,0
Earth X,22,Universe X,0,2000,2000,0
Earth X,23,Universe X Special: 4,1,2000,2000,0
Earth X,24,Universe X,1,2000,2000,0
Earth X,25,Universe X,2,2000,2000,0
Earth X,26,Universe X,3,2000,2000,0
Earth X,27,Universe X Special: Spidey,1,2000,2000,0
Earth X,28,Universe X,4,2000,2001,0
Earth X,29,Universe X Special: Cap,1,2001,2001,0
Earth X,30,Universe X,5,2000,2001,0
Earth X,31,Universe X,6,2000,2001,0
Earth X,32,Universe X,7,2000,2001,0
Earth X,33,Universe X,8,2000,2001,0
Earth X,34,Universe X Special: Beasts,1,2001,2001,0
Earth X,35,Universe X,9,2000,2001,0
Earth X,36,Universe X,10,2000,2001,0
Earth X,37,Universe X,11,2000,2001,0
Earth X,38,Universe X Special: Iron Men,1,2001,2001,0
Earth X,39,Universe X,12,2000,2001,0
Earth X,40,Universe X,X,2000,2001,0
Earth X,41,Paradise X: Heralds,1,2001,2001,0
Earth X,42,Paradise X: Heralds,2,2001,2002,0
Earth X,43,Paradise X: Heralds,3,2001,2002,0
Earth X,44,Paradise X,0,2002,2002,0
Earth X,45,Paradise X,1,2002,2002,0
Earth X,46,Paradise X,2,2002,2002,0
Earth X,47,Paradise X Special: Xen,1,2002,2002,0
Earth X,48,Paradise X,3,2002,2002,0
Earth X,49,Paradise X,4,2002,2002,0
Earth X,50,Paradise X,5,2002,2002,0
Earth X,51,Paradise X Special: Devils,1,2002,2002,0
Earth X,52,Paradise X,6,2002,2002,0
Earth X,53,Paradise X,7,2002,2003,0
Earth X,54,Paradise X,8,2002,2003,0
Earth X,55,Paradise X Special: Ragnarok,1,2003,2003,0
Earth X,56,Paradise X Special: Ragnarok,2,2003,2003,0
Earth X,57,Paradise X,9,2002,2003,0
Earth X,58,Paradise X,10,2002,2003,0
Earth X,59,Paradise X,11,2002,2003,0
Earth X,60,Paradise X,12,2002,2003,0
Earth X,61,Paradise X Special: A,1,2003,2003,0
Earth X,62,Paradise X: X,1,2003,2003,0
Edge of Spider-Verse,1,Superior Spider-Man,32,2013,2014,0
Edge of Spider-Verse,2,Edge of Spider-Verse,1,2014,2014,1
Edge of Spider-Verse,3,Edge of Spider-Verse,2,2014,2014,1
Edge of Spider-Verse,4,Superior Spider-Man,33,2013,2014,0
Edge of Spider-Verse,5,Edge of Spider-Verse,3,2014,2014,1
Edge of Spider-Verse,6,Edge of Spider-Verse,4,2014,2014,1
Edge of Spider-Verse,7,The Amazing Spider-Man,7,2014,2014,1
Edge of Spider-Verse,8,Edge of Spider-Verse,5,2014,2014,1
Edge of Spider-Verse,9,Spider-Man 2099,5,2014,2014,0
Edge of Spider-Verse,10,The Amazing Spider-Man,8,2014,2014,1
Empyre,1,Empyre: Avengers,0,2020,2020,0
Empyre,2,Empyre: Fantastic Four,0,2020,2020,0
Empyre,3,Lords of Empyre: Emperor Hulkling,1,2020,2020,0
Empyre,4,Empyre,1,2020,2020,0
Empyre,5,Empyre,2,2020,2020,0
Empyre,6,Fantastic Four,21,2018,2020,1
Empyre,7,Fantastic Four,22,2018,2020,1
Empyre,8,Lords of Empyre: Swordsman,1,2020,2020,0
Empyre,9,Lords of Empyre: Celestial Messiah,1,2020,2020,0
Empyre,10,Captain Marvel,18,2019,2020,1
Empyre,11,Captain Marvel,19,2019,2020,1
Empyre,12,Captain Marvel,20,2019,2020,0
Empyre,13,Empyre,3,2020,2020,0
Empyre,14,X-Men,10,2019,2020,1
Empyre,15,Empyre: Savage Avengers,1,2020,2020,0
Empyre,16,Empyre: Avengers,1,2020,2020,0
Empyre,17,Empyre: Captain America,1,2020,2020,0
Empyre,18,Empyre: X-Men,1,2020,2020,0
Empyre,19,Empyre: X-Men,2,2020,2020,0
Empyre,20,Empyre: X-Men,3,2020,2020,0
Empyre,21,Empyre: X-Men,4,2020,2020,0
Empyre,22,Empyre: Captain America,2,2020,2020,0
Empyre,23,Empyre,4,2020,2020,0
Empyre,24,Empyre,5,2020,2020,0
Empyre,25,Empyre: Captain America,3,2020,2020,0
Empyre,26,Empyre: Avengers,2,2020,2020,0
Empyre,27,Empyre: Avengers,3,2020,2020,0
Empyre,28,Empyre,6,2020,2020,0
Empyre,29,Fantastic Four,23,2018,2020,0
Empyre,30,X-Men,11,2019,2020,1
Empyre,31,Captain Marvel,21,2019,2020,0
Empyre,32,Guardians of the Galaxy,6,2020,2020,1
Empyre,33,Guardians of the Galaxy,7,2020,2020,1
Empyre,34,Guardians of the Galaxy,8,2020,2021,1
Empyre,35,Empyre: Aftermath Avengers,1,2020,2020,0
Empyre,36,Empyre: Fallout Fantastic Four,1,2020,2020,0
Empyre,37,Immortal She-Hulk,1,2020,2020,0
Empyre,38,Web of Venom: Empyre's End,1,2020,2021,0
End of the Spider-Verse,1,Silk,1,2022,2022,1
End of the Spider-Verse,2,Silk,2,2022,2022,1
End of the Spider-Verse,3,Silk,3,2022,2022,1
End of the Spider-Verse,4,Silk,4,2022,2022,1
End of the Spider-Verse,5,Silk,5,2022,2022,1
End of the Spider-Verse,6,Deadly Neighborhood Spider-Man,1,2022,2022,1
End of the Spider-Verse,7,Deadly Neighborhood Spider-Man,2,2022,2023,1
End of the Spider-Verse,8,Deadly Neighborhood Spider-Man,3,2022,2023,1
End of the Spider-Verse,9,Deadly Neighborhood Spider-Man,4,2022,2023,1
End of the Spider-Verse,10,Deadly Neighborhood Spider-Man,5,2022,2023,1
End of the Spider-Verse,11,Spider-Gwen: Gwenverse,1,2022,2022,1
End of the Spider-Verse,12,Spider-Gwen: Gwenverse,2,2022,2022,1
End of the Spider-Verse,13,Spider-Gwen: Gwenverse,3,2022,2022,1
End of the Spider-Verse,14,Spider-Gwen: Gwenverse,4,2022,2022,1
End of the Spider-Verse,15,Spider-Gwen: Gwenverse,5,2022,2022,1
End of the Spider-Verse,16,Spider-Gwen: Shadow Clones,1,2023,2023,1
End of the Spider-Verse,17,Spider-Gwen: Shadow Clones,2,2023,2023,1
End of the Spider-Verse,18,Spider-Gwen: Shadow Clones,3,2023,2023,1
End of the Spider-Verse,19,Spider-Gwen: Shadow Clones,4,2023,2023,1
End of the Spider-Verse,20,Spider-Gwen: Shadow Clones,5,2023,2023,1
End of the Spider-Verse,21,Spider-Punk,1,2022,2022,1
End of the Spider-Verse,22,Spider-Punk,2,2022,2022,1
End of the Spider-Verse,23,Spider-Punk,3,2022,2022,1
End of the Spider-Verse,24,Spider-Punk,4,2022,2022,1
End of the Spider-Verse,25,Spider-Punk,5,2022,2022,1
End of the Spider-Verse,26,Spider-Man 2099: Dark Genesis,1,2023,2023,1
End of the Spider-Verse,27,Spider-Man 2099: Dark Genesis,2,2023,2023,1
End of the Spider-Verse,28,Spider-Man 2099: Dark Genesis,3,2023,2023,1
End of the Spider-Verse,29,Spider-Man 2099: Dark Genesis,4,2023,2023,1
End of the Spider-Verse,30,Spider-Man 2099: Dark Genesis,5,2023,2023,1
End of the Spider-Verse,31,Edge of Spider-Verse,1,2022,2022,1
End of the Spider-Verse,32,Edge of Spider-Verse,2,2022,2022,1
End of the Spider-Verse,33,Edge of Spider-Verse,3,2022,2022,1
End of the Spider-Verse,34,Edge of Spider-Verse,4,2022,2022,1
End of the Spider-Verse,35,Edge of Spider-Verse,5,2022,2022,1
End of the Spider-Verse,36,Spider-Man,1,2022,2022,1
End of the Spider-Verse,37,Spider-Man,2,2022,2023,1
End of the Spider-Verse,38,Spider-Man,3,2022,2023,1
End of the Spider-Verse,39,Spider-Man,4,2022,2023,1
End of the Spider-Verse,40,Spider-Man,5,2022,2023,1
End of the Spider-Verse,41,Spider-Man,6,2022,2023,1
End of the Spider-Verse,42,Spider-Man,7,2022,2023,1
End of the Spider-Verse,43,Spider-Man: India,1,2023,2023,1
End of the Spider-Verse,44,Spider-Man: India,2,2023,2023,1
End of the Spider-Verse,45,Spider-Man: India,3,2023,2023,1
End of the Spider-Verse,46,Spider-Man: India,4,2023,2023,1
End of the Spider-Verse,47,Spider-Man: India,5,2023,2023,1
End of the Spider-Verse,48,Edge of Spider-Verse,1,2023,2023,1
End of the Spider-Verse,49,Edge of Spider-Verse,2,2023,2023,1
End of the Spider-Verse,50,Edge of Spider-Verse,3,2023,2023,1
End of the Spider-Verse,51,Edge of Spider-Verse,4,2023,2023,1
Endless Winter,1,Justice League: Endless Winter,1,2020,2021,1
Endless Winter,2,The Flash,767,2016,2021,1
Endless Winter,3,Superman: Endless Winter Special,1,2020,2021,1
Endless Winter,4,Aquaman,66,2016,2021,0
Endless Winter,5,Justice League,58,2018,2021,1
Endless Winter,6,Teen Titans: Endless Winter Special,1,2020,2021,1
Endless Winter,7,Justice League Dark,29,2018,2021,1
Endless Winter,8,Black Adam: Endless Winter Special,1,2020,2021,1
Endless Winter,9,Justice League: Endless Winter,2,2020,2021,1
Eve of Destruction,1,X-Men: The Search For Cyclops,1,2000,2000,0
Eve of Destruction,2,The Uncanny X-Men,388,1981,2000,0
Eve of Destruction,3,Cable,87,1993,2001,0
Eve of Destruction,4,Bishop: The Last X-Man,16,1999,2001,0
Eve of Destruction,5,X-Men,108,1991,2001,0
Eve of Destruction,6,The Uncanny X-Men,389,1981,2001,0
Eve of Destruction,7,Cable,88,1993,2001,0
Eve of Destruction,8,X-Men,109,1991,2001,0
Eve of Destruction,9,The Uncanny X-Men,390,1981,2001,0
Eve of Destruction,10,X-Men,110,1991,2001,0
Eve of Destruction,11,X-Men: The Search For Cyclops,2,2000,2001,0
Eve of Destruction,12,X-Men: The Search For Cyclops,3,2000,2001,0
Eve of Destruction,13,X-Men: The Search For Cyclops,4,2000,2001,0
Eve of Destruction,14,The Uncanny X-Men,391,1981,2001,0
Eve of Destruction,15,X-Men,111,1991,2001,0
Eve of Destruction,16,The Uncanny X-Men,392,1981,2001,0
Eve of Destruction,17,X-Men,112,1991,2001,0
Eve of Destruction,18,The Uncanny X-Men,393,1981,2001,0
Eve of Destruction,19,X-Men,113,1991,2001,0
Event Leviathan,1,Event Leviathan,1,2019,2019,1
Event Leviathan,2,Event Leviathan,2,2019,2019,1
Event Leviathan,3,Action Comics,1013,2016,2019,1
Event Leviathan,4,Event Leviathan,3,2019,2019,1
Event Leviathan,5,Action Comics,1014,2016,2019,1
Event Leviathan,6,Event Leviathan,4,2019,2019,1
Event Leviathan,7,Supergirl,34,2016,2019,1
Event Leviathan,8,Supergirl,35,2016,2019,1
Event Leviathan,9,Event Leviathan,5,2019,2019,1
Event Leviathan,10,Wonder Woman Annual,3,2016,2019,1
Event Leviathan,11,Event Leviathan,6,2019,2020,1
Faces of Evil,1,Birds of Prey,126,1999,2009,0
Faces of Evil,2,Booster Gold,16,2007,2009,0
Faces of Evil,3,Faces of Evil: Deathstroke,1,2009,2009,0
Faces of Evil,4,Faces of Evil: Kobra,1,2009,2009,0
Faces of Evil,5,Faces of Evil: Prometheus,1,2009,2009,0
Faces of Evil,6,Faces of Evil: Solomon Grundy,1,2009,2009,0
Faces of Evil,7,Green Arrow/Black Canary,16,2007,2009,0
Faces of Evil,8,Green Lantern Corps,32,2006,2009,0
Faces of Evil,9,Justice Society of America,23,2007,2009,0
Faces of Evil,10,Secret Six,5,2008,2009,0
Faces of Evil,11,Supergirl,37,2005,2009,1
Faces of Evil,12,Vigilante,2,2009,2009,0
Fall of the House of X,1,The Invincible Iron Man,13,2022,2023,0
Fall of the House of X,2,Fall of the House of X,1,2024,2024,0
Fall of the House of X,3,Rise of the Powers of X,1,2024,2024,0
Fall of the House of X,4,Cable,1,2024,2024,1
Fall of the House of X,5,X-Men,30,2021,2024,1
Fall of the House of X,6,The Invincible Iron Man,14,2022,2024,0
Fall of the House of X,7,Resurrection of Magneto,1,2024,2024,0
Fall of the House of X,8,Dead X-Men,1,2024,2024,0
Fall of the House of X,9,X-Men,31,2021,2024,1
Fall of the House of X,10,Fall of the House of X,2,2024,2024,0
Fall of the House of X,11,Ms. Marvel: Mutant Menace,2,2024,2024,0
Fall of the House of X,12,Rise of the Powers of X,2,2024,2024,0
Fall of the House of X,13,Cable,2,2024,2024,1
Fall of the House of X,14,Dead X-Men,2,2024,2024,0
Fall of the House of X,15,Resurrection of Magneto,2,2024,2024,0
Fall of the House of X,16,The Invincible Iron Man,15,2022,2024,0
Fall of the House of X,17,X-Men,32,2021,2024,1
Fall of the House of X,18,Ms. Marvel: Mutant Menace,1,2024,2024,0
Fall of the House of X,19,Fall of the House of X,3,2024,2024,0
Fall of the House of X,20,Dead X-Men,3,2024,2024,0
Fall of the House of X,21,X-Men Forever,1,2024,2024,1
Fall of the House of X,22,Resurrection of Magneto,3,2024,2024,0
Fall of the House of X,23,The Invincible Iron Man,16,2022,2024,0
Fall of the House of X,24,Rise of the Powers of X,3,2024,2024,0
Fall of the House of X,25,X-Men,33,2021,2024,1
Fall of the House of X,26,Avengers,12,2023,2024,1
Fall of the House of X,27,Fall of the House of X,4,2024,2024,0
Fall of the House of X,28,X-Men,34,2021,2024,1
Fall of the House of X,29,Rise of the Powers of X,4,2024,2024,0
Fall of the House of X,30,Avengers,13,2023,2024,1
Fall of the House of X,31,Resurrection of Magneto,4,2024,2024,0
Fall of the House of X,32,The Invincible Iron Man,17,2022,2024,0
Fall of the House of X,33,Ms. Marvel: Mutant Menace,3,2024,2024,0
Fall of the House of X,34,Dead X-Men,4,2024,2024,0
Fall of the House of X,35,X-Men Forever,2,2024,2024,1
Fall of the House of X,36,Cable,3,2024,2024,0
Fall of the House of X,37,Cable,4,2024,2024,0
Fall of the House of X,38,X-Men Forever,3,2024,2024,1
Fall of the House of X,39,The Invincible Iron Man,18,2022,2024,0
Fall of the House of X,40,The Invincible Iron Man,19,2022,2024,0
Fall of the House of X,41,The Invincible Iron Man,20,2022,2024,0
Fall of the House of X,42,Ms. Marvel: Mutant Menace,4,2024,2024,0
Fall of the House of X,43,X-Men Forever,4,2024,2024,1
Fall of the House of X,44,Fall of the House of X,5,2024,2024,0
Fall of the House of X,45,Rise of the Powers of X,5,2024,2024,0
Fall of the House of X,46,X-Men,35,2021,2024,1
Fall of the Hulks,1,Fall of the Hulks: Alpha,1,2010,2010,0
Fall of the Hulks,2,Fall of the Hulks: Gamma,1,2010,2010,0
Fall of the Hulks,3,Hulk,19,2008,2010,0
Fall of the Hulks,4,Incredible Hulk,606,2009,2010,0
Fall of the Hulks,5,Hulk,20,2008,2010,0
Fall of the Hulks,6,Fall of the Hulks: Red Hulk,1,2010,2010,0
Fall of the Hulks,7,Fall of the Hulks: Red Hulk,2,2010,2010,0
Fall of the Hulks,8,Fall of the Hulks: Red Hulk,3,2010,2010,0
Fall of the Hulks,9,Fall of the Hulks: Red Hulk,4,2010,2010,0
Fall of the Hulks,10,Fall of the Hulks: The Savage She-Hulks,1,2010,2010,0
Fall of the Hulks,11,Incredible Hulk,607,2009,2010,0
Fall of the Hulks,12,Incredible Hulk,608,2009,2010,0
Fall of the Hulks,13,Fall of the Hulks: The Savage She-Hulks,2,2010,2010,0
Fall of the Hulks,14,Hulk,21,2008,2010,0
Fall of the Hulks,15,Fall of the Hulks: The Savage She-Hulks,3,2010,2010,0
Fall of X,1,X-Men,25,2021,2023,1
Fall of X,2,Astonishing Iceman,1,2023,2023,1
Fall of X,3,Children of the Vault,1,2023,2023,1
Fall of X,4,Immortal X-Men,14,2022,2023,1
Fall of X,5,Alpha Flight,1,2023,2023,1
Fall of X,6,Dark X-Men,1,2023,2023,1
Fall of X,7,Ghost Rider / Wolverine: Weapons of Vengeance – Alpha,1,2023,2023,1
Fall of X,8,Ghost Rider,17,2022,2023,1
Fall of X,9,Wolverine,36,2020,2023,1
Fall of X,10,Ghost Rider/Wolverine: Weapons of Vengeance Omega,1,2023,2023,1
Fall of X,11,Uncanny Avengers,1,2023,2023,1
Fall of X,12,X-Men: Red,14,2022,2023,1
Fall of X,13,Jean Grey,1,2023,2023,1
Fall of X,14,Realm of X,1,2023,2023,1
Fall of X,15,The Invincible Iron Man,9,2022,2023,0
Fall of X,16,Ms. Marvel: The New Mutant,1,2023,2023,1
Fall of X,17,Ms. Marvel: The New Mutant,2,2023,2023,0
Fall of X,18,Ms. Marvel: The New Mutant,3,2023,2023,1
Fall of X,19,Ms. Marvel: The New Mutant,4,2023,2024,1
Fall of X,20,X-Force,43,2020,2023,1
Fall of X,21,Immortal X-Men,15,2022,2023,1
Fall of X,22,Uncanny Spider-Man,1,2023,2023,1
Fall of X,23,Astonishing Iceman,2,2023,2023,1
Fall of X,24,Children of the Vault,2,2023,2023,1
Fall of X,25,X-Force,44,2020,2023,1
Fall of X,26,X-Men: Red,15,2022,2023,1
Fall of X,27,Alpha Flight,2,2023,2023,1
Fall of X,28,Dark X-Men,2,2023,2023,1
Fall of X,29,Uncanny Avengers,2,2023,2023,1
Fall of X,30,Wolverine,37,2020,2023,1
Fall of X,31,Realm of X,2,2023,2023,0
Fall of X,32,Jean Grey,2,2023,2023,0
Fall of X,33,X-Men,26,2021,2023,1
Fall of X,34,The Invincible Iron Man,10,2022,2023,0
Fall of X,35,X-Men,27,2021,2023,1
Fall of X,36,Uncanny Spider-Man,2,2023,2023,1
Fall of X,37,Children of the Vault,3,2023,2023,1
Fall of X,38,Astonishing Iceman,3,2023,2023,1
Fall of X,39,Alpha Flight,3,2023,2023,1
Fall of X,40,X-Men: Red,16,2022,2023,1
Fall of X,41,Immortal X-Men,16,2022,2023,1
Fall of X,42,X-Force,45,2020,2023,1
Fall of X,43,The Invincible Iron Man,11,2022,2023,0
Fall of X,44,Dark X-Men,3,2023,2023,1
Fall of X,45,Wolverine,38,2020,2023,1
Fall of X,46,Uncanny Avengers,3,2023,2023,1
Fall of X,47,Jean Grey,3,2023,2023,1
Fall of X,48,Realm of X,3,2023,2023,1
Fall of X,49,X-Men,28,2021,2024,1
Fall of X,50,Uncanny Spider-Man,3,2023,2024,1
Fall of X,51,Uncanny Avengers,4,2023,2024,1
Fall of X,52,X-Men: Red,17,2022,2024,1
Fall of X,53,Jean Grey,4,2023,2024,1
Fall of X,54,Astonishing Iceman,4,2023,2024,1
Fall of X,55,Uncanny Spider-Man,4,2023,2024,1
Fall of X,56,The Invincible Iron Man,12,2022,2024,0
Fall of X,57,X-Force,46,2020,2024,1
Fall of X,58,Children of the Vault,4,2023,2024,1
Fall of X,59,Alpha Flight,4,2023,2024,1
Fall of X,60,Dark X-Men,4,2023,2024,1
Fall of X,61,Immortal X-Men,17,2022,2024,1
Fall of X,62,Wolverine,39,2020,2024,1
Fall of X,63,X-Men Blue: Origins,1,2024,2024,1
Fall of X,64,Realm of X,4,2023,2024,1
Fall of X,65,X-Men,29,2021,2024,1
Fall of X,66,Alpha Flight,5,2023,2024,1
Fall of X,67,The Invincible Iron Man,13,2022,2024,0
Fall of X,68,Dark X-Men,5,2023,2024,1
Fall of X,69,X-Men: Red,18,2022,2024,1
Fall of X,70,Wolverine,40,2020,2024,1
Fall of X,71,Astonishing Iceman,5,2023,2024,1
Fall of X,72,Uncanny Avengers,5,2023,2024,1
Fall of X,73,Uncanny Spider-Man,5,2023,2024,1
Fall of X,74,X-Force,47,2020,2024,1
Fall of X,75,Immortal X-Men,18,2022,2024,1
Fantastic Four: Reckoning War,1,Fantastic Four: Reckoning War Alpha,1,2022,2022,1
Fantastic Four: Reckoning War,2,Fantastic Four,40,2018,2022,1
Fantastic Four: Reckoning War,3,Fantastic Four,41,2018,2022,1
Fantastic Four: Reckoning War,4,Reckoning War: Trial of the Watcher,1,2022,2022,1
Fantastic Four: Reckoning War,5,Fantastic Four,42,2018,2022,1
Fantastic Four: Reckoning War,6,Fantastic Four,43,2018,2022,1
Fantastic Four: Reckoning War,7,Fantastic Four,44,2018,2022,1
Fantastic Four: Reckoning War,8,Fantastic Four,45,2018,2022,1
Fear Itself,1,The Mighty Thor,7,2011,2011,0
Fear Itself,2,Fear Itself: Book of the Skull,1,2011,2011,0
Fear Itself,3,Fear Itself: Sin's Past,1,2011,2011,0
Fear Itself,4,Invincible Iron Man,503,2008,2011,0
Fear Itself,5,Fear Itself,1,2011,2011,0
Fear Itself,6,Journey into Mystery,622,2011,2011,0
Fear Itself,7,Journey into Mystery,626.1,2011,2011,0
Fear Itself,8,Fear Itself: The Home Front,1,2011,2011,0
Fear Itself,9,Fear Itself,2,2011,2011,0
Fear Itself,10,Thunderbolts,158,2006,2011,0
Fear Itself,11,Thunderbolts,159,2006,2011,0
Fear Itself,12,Invincible Iron Man,504,2008,2011,0
Fear Itself,13,Invincible Iron Man,505,2008,2011,0
Fear Itself,14,Alpha Flight,1,2011,2011,1
Fear Itself,15,Thunderbolts,160,2006,2011,0
Fear Itself,16,Thunderbolts,161,2006,2011,0
Fear Itself,17,Thunderbolts,162,2006,2011,0
Fear Itself,18,Fear Itself: The Home Front,2,2011,2011,0
Fear Itself,19,Fear Itself: The Home Front,3,2011,2011,0
Fear Itself,20,Fear Itself: The Home Front,4,2011,2011,0
Fear Itself,21,Journey into Mystery,623,2011,2011,0
Fear Itself,22,Fear Itself: Spider-Man,1,2011,2011,0
Fear Itself,23,Fear Itself: Spider-Man,2,2011,2011,0
Fear Itself,24,Avengers,13,2010,2011,1
Fear Itself,25,Fear Itself: Youth in Revolt,1,2011,2011,0
Fear Itself,26,Fear Itself: Fearsome Four,1,2011,2011,0
Fear Itself,27,Fear Itself: Fearsome Four,2,2011,2011,0
Fear Itself,28,Fear Itself: Fearsome Four,3,2011,2011,0
Fear Itself,29,Fear Itself: Fearsome Four,4,2011,2011,0
Fear Itself,30,Secret Avengers,13,2010,2011,0
Fear Itself,31,Iron Man 2.0,5,2011,2011,0
Fear Itself,32,Iron Man 2.0,6,2011,2011,0
Fear Itself,33,Iron Man 2.0,7,2011,2011,0
Fear Itself,34,Fear Itself: The Monkey King,1,2011,2011,0
Fear Itself,35,Fear Itself,3,2011,2011,0
Fear Itself,36,Fear Itself: The Worthy,1,2011,2011,0
Fear Itself,37,Fear Itself: Uncanny X-Force,1,2011,2011,0
Fear Itself,38,Fear Itself: Uncanny X-Force,2,2011,2011,0
Fear Itself,39,Fear Itself: Uncanny X-Force,3,2011,2011,0
Fear Itself,40,Avengers Academy,15,2010,2011,0
Fear Itself,41,Avengers Academy,16,2010,2011,0
Fear Itself,42,Avengers Academy,17,2010,2011,0
Fear Itself,43,Avengers Academy,18,2010,2011,0
Fear Itself,44,Avengers Academy,19,2010,2011,0
Fear Itself,45,Fear Itself: Deadpool,1,2011,2011,0
Fear Itself,46,Fear Itself: Deadpool,2,2011,2011,0
Fear Itself,47,Fear Itself: Deadpool,3,2011,2011,0
Fear Itself,48,Fear Itself: Youth in Revolt,2,2011,2011,0
Fear Itself,49,Fear Itself: Youth in Revolt,3,2011,2011,0
Fear Itself,50,Fear Itself: FF,1,2011,2011,0
Fear Itself,51,Fear Itself: Wolverine,1,2011,2011,0
Fear Itself,52,Fear Itself: Wolverine,2,2011,2011,0
Fear Itself,53,Avengers,14,2010,2011,1
Fear Itself,54,Avengers,15,2010,2011,1
Fear Itself,55,Avengers,16,2010,2011,1
Fear Itself,56,Hulk,37,2008,2011,0
Fear Itself,57,Hulk,38,2008,2011,0
Fear Itself,58,Fear Itself: Wolverine,3,2011,2011,0
Fear Itself,59,Black Panther: The Man Without Fear,521,2011,2011,0
Fear Itself,60,Black Panther: The Man Without Fear,522,2011,2011,0
Fear Itself,61,Black Panther: The Man Without Fear,523,2011,2011,0
Fear Itself,62,Heroes for Hire,9,2011,2011,0
Fear Itself,63,Heroes for Hire,10,2011,2011,0
Fear Itself,64,Heroes for Hire,11,2011,2011,0
Fear Itself,65,Journey into Mystery,624,2011,2011,0
Fear Itself,66,Journey into Mystery,625,2011,2011,0
Fear Itself,67,Fear Itself,4,2011,2011,0
Fear Itself,68,Fear Itself,5,2011,2011,0
Fear Itself,69,Herc,3,2011,2011,0
Fear Itself,70,Herc,4,2011,2011,0
Fear Itself,71,Herc,5,2011,2011,0
Fear Itself,72,Herc,6,2011,2011,0
Fear Itself,73,Ghost Rider,0.1,2011,2011,0
Fear Itself,74,Ghost Rider,1,2011,2011,1
Fear Itself,75,Ghost Rider,2,2011,2011,1
Fear Itself,76,Ghost Rider,3,2011,2011,1
Fear Itself,77,New Avengers,14,2010,2011,0
Fear Itself,78,New Avengers,15,2010,2011,0
Fear Itself,79,New Avengers,16,2010,2011,0
Fear Itself,80,Secret Avengers,14,2010,2011,0
Fear Itself,81,Secret Avengers,15,2010,2011,0
Fear Itself,82,Avengers,17,2010,2011,0
Fear Itself,83,Fear Itself: Youth in Revolt,4,2011,2011,0
Fear Itself,84,Fear Itself: Youth in Revolt,5,2011,2011,0
Fear Itself,85,Invincible Iron Man,506,2008,2011,0
Fear Itself,86,The Uncanny X-Men,540,1981,2011,0
Fear Itself,87,The Uncanny X-Men,541,1981,2011,0
Fear Itself,88,Fear Itself: The Deep,1,2011,2011,0
Fear Itself,89,Fear Itself: The Deep,2,2011,2011,0
Fear Itself,90,Fear Itself: The Deep,3,2011,2011,0
Fear Itself,91,Fear Itself: The Home Front,5,2011,2011,0
Fear Itself,92,Ghost Rider,4,2011,2011,1
Fear Itself,93,New Mutants,29,2009,2011,1
Fear Itself,94,Journey into Mystery,626,2011,2011,0
Fear Itself,95,New Mutants,30,2009,2011,1
Fear Itself,96,New Mutants,31,2009,2011,1
Fear Itself,97,The Uncanny X-Men,542,1981,2011,0
Fear Itself,98,The Uncanny X-Men,543,1981,2011,0
Fear Itself,99,New Mutants,32,2009,2011,1
Fear Itself,100,Journey into Mystery,627,2011,2011,0
Fear Itself,101,Alpha Flight,2,2011,2011,1
Fear Itself,102,Alpha Flight,3,2011,2011,1
Fear Itself,103,Fear Itself: The Deep,4,2011,2011,0
Fear Itself,104,Fear Itself: Spider-Man,3,2011,2011,0
Fear Itself,105,Invincible Iron Man,507,2008,2011,0
Fear Itself,106,Fear Itself: The Black Widow,1,2011,2011,0
Fear Itself,107,Alpha Flight,4,2011,2011,1
Fear Itself,108,Tomb of Dracula Presents: Throne of Blood,1,2011,2011,0
Fear Itself,109,Fear Itself: Hulk vs. Dracula,1,2011,2011,0
Fear Itself,110,Fear Itself,6,2011,2011,0
Fear Itself,111,Fear Itself: The Home Front,6,2011,2011,0
Fear Itself,112,Fear Itself: The Home Front,7,2011,2011,0
Fear Itself,113,Fear Itself: Hulk vs. Dracula,2,2011,2011,0
Fear Itself,114,Invincible Iron Man,508,2008,2011,0
Fear Itself,115,Invincible Iron Man,509,2008,2011,0
Fear Itself,116,Fear Itself,7,2011,2011,0
Fear Itself,117,Journey into Mystery,628,2011,2011,0
Fear Itself,118,Journey into Mystery,629,2011,2011,0
Fear Itself,119,Fear Itself: Hulk vs. Dracula,3,2011,2011,0
Fear Itself,120,Journey into Mystery,630,2011,2011,0
Fear Itself,121,Avengers Academy,20,2010,2011,0
Fear Itself,122,Fear Itself: Youth in Revolt,6,2011,2011,0
Fear Itself,123,Fear Itself,7.1,2011,2012,0
Fear Itself,124,Fear Itself,7.2,2011,2012,0
Fear Itself,125,Fear Itself,7.3,2011,2012,0
Fear State,1,Detective Comics,1043,2016,2021,1
Fear State,2,Detective Comics,1044,2016,2021,1
Fear State,3,Detective Comics,1045,2016,2022,0
Fear State,4,Harley Quinn,7,2021,2021,1
Fear State,5,Batman Secret Files: The Gardener,1,2021,2022,0
Fear State,6,Batman Secret Files: Miracle Molly,1,2021,2021,0
Fear State,7,Batman: Fear State: Alpha,1,2021,2021,0
Fear State,8,Batman,112,2016,2021,0
Fear State,9,Batman: Urban Legends,8,2021,2021,1
Fear State,10,Batman Secret Files: Peacekeeper-01,1,2021,2021,0
Fear State,11,Batman,113,2016,2021,1
Fear State,12,Catwoman,35,2018,2021,1
Fear State,13,I Am Batman,2,2021,2021,0
Fear State,14,Nightwing,84,2016,2021,1
Fear State,15,Batman,114,2016,2021,1
Fear State,16,Batman,115,2016,2021,1
Fear State,17,Catwoman,36,2018,2021,1
Fear State,18,Nightwing,85,2016,2021,1
Fear State,19,Harley Quinn,8,2021,2021,1
Fear State,20,Batman,116,2016,2022,1
Fear State,21,Batman: Urban Legends,9,2021,2022,0
Fear State,22,Nightwing,86,2016,2022,1
Fear State,23,I Am Batman,3,2021,2022,0
Fear State,24,Catwoman,37,2018,2022,1
Fear State,25,Harley Quinn,9,2021,2022,1
Fear State,26,Batman,117,2016,2022,1
Fear State,27,Batman: Fear State: Omega,1,2021,2022,0
Fear State,28,Detective Comics,1046,2016,2022,1
Final Crisis,1,Final Crisis: Rage of the Red Lanterns,1,2008,2008,0
Final Crisis,2,DC Universe,0,2008,2008,0
Final Crisis,3,Final Crisis Sketchbook,1,2008,2008,0
Final Crisis,4,Birds of Prey,118,1999,2008,0
Final Crisis,5,The Flash,240,1987,2008,0
Final Crisis,6,Teen Titans,59,2003,2008,0
Final Crisis,7,The Flash,241,1987,2008,0
Final Crisis,8,Teen Titans,60,2003,2008,0
Final Crisis,9,Final Crisis,1,2008,2008,0
Final Crisis,10,Final Crisis: Requiem,1,2008,2008,0
Final Crisis,11,Final Crisis,2,2008,2008,0
Final Crisis,12,Final Crisis: Rogues' Revenge,1,2008,2008,0
Final Crisis,13,Final Crisis: Rogues' Revenge,2,2008,2008,0
Final Crisis,14,Final Crisis: Rogues' Revenge,3,2008,2008,0
Final Crisis,15,Final Crisis,3,2008,2008,0
Final Crisis,16,DC Universe: Last Will And Testament,1,2008,2008,0
Final Crisis,17,Final Crisis: Superman Beyond,1,2008,2008,0
Final Crisis,18,Final Crisis: Superman Beyond,2,2008,2009,0
Final Crisis,19,Final Crisis: Legion of Three Worlds,1,2008,2008,0
Final Crisis,20,Final Crisis: Legion of Three Worlds,2,2008,2008,0
Final Crisis,21,Final Crisis: Legion of Three Worlds,3,2008,2009,0
Final Crisis,22,Terror Titans,5,2008,2009,0
Final Crisis,23,Terror Titans,6,2008,2009,0
Final Crisis,24,Final Crisis: Legion of Three Worlds,4,2008,2009,0
Final Crisis,25,Final Crisis: Legion of Three Worlds,5,2008,2009,0
Final Crisis,26,Final Crisis: Revelations,1,2008,2008,0
Final Crisis,27,Final Crisis: Revelations,2,2008,2008,0
Final Crisis,28,Terror Titans,1,2008,2008,0
Final Crisis,29,Final Crisis: Revelations,3,2008,2008,0
Final Crisis,30,Final Crisis: Revelations,4,2008,2009,0
Final Crisis,31,Final Crisis: Revelations,5,2008,2009,0
Final Crisis,32,Final Crisis: Secret Files,1,2009,2009,0
Final Crisis,33,Final Crisis: Resist,1,2008,2008,0
Final Crisis,34,Final Crisis: Submit,1,2008,2008,0
Final Crisis,35,Terror Titans,2,2008,2009,0
Final Crisis,36,Terror Titans,3,2008,2009,0
Final Crisis,37,Final Crisis,4,2008,2008,0
Final Crisis,38,Terror Titans,4,2008,2009,0
Final Crisis,39,Final Crisis,5,2008,2008,0
Final Crisis,40,Batman,682,1940,2009,1
Final Crisis,41,Batman,683,1940,2009,1
Final Crisis,42,Final Crisis,6,2008,2009,0
Final Crisis,43,Final Crisis,7,2008,2009,0
Final Days of Superman,1,Superman,51,2011,2016,0
Final Days of Superman,2,Batman/Superman,31,2013,2016,0
Final Days of Superman,3,Action Comics,51,2011,2016,0
Final Days of Superman,4,Superman/Wonder Woman,28,2013,2016,0
Final Days of Superman,5,Batman/Superman,32,2013,2016,0
Final Days of Superman,6,Action Comics,52,2011,2016,0
Final Days of Superman,7,Superman/Wonder Woman,29,2013,2016,0
Final Days of Superman,8,Superman,52,2011,2016,0
Flashpoint,1,The Flash,8,2010,2011,1
Flashpoint,2,The Flash,9,2010,2011,1
Flashpoint,3,The Flash,10,2010,2011,1
Flashpoint,4,The Flash,11,2010,2011,1
Flashpoint,5,The Flash,12,2010,2011,1
Flashpoint,6,Flashpoint: Reverse Flash,1,2011,2011,0
Flashpoint,7,Flashpoint: Project Superman,1,2011,2011,0
Flashpoint,8,Flashpoint: Project Superman,2,2011,2011,0
Flashpoint,9,Flashpoint: Wonder Woman and the Furies,1,2011,2011,0
Flashpoint,10,Flashpoint: Green Arrow Industries,1,2011,2011,0
Flashpoint,11,Flashpoint: Wonder Woman and the Furies,2,2011,2011,0
Flashpoint,12,Flashpoint: Lois Lane and the Resistance,1,2011,2011,0
Flashpoint,13,Flashpoint: The Canterbury Cricket,1,2011,2011,0
Flashpoint,14,Flashpoint: Deadman and the Flying Graysons,1,2011,2011,0
Flashpoint,15,Flashpoint: Deadman and the Flying Graysons,2,2011,2011,0
Flashpoint,16,Flashpoint: Deadman and the Flying Graysons,3,2011,2011,0
Flashpoint,17,Flashpoint: Grodd of War,1,2011,2011,0
Flashpoint,18,Flashpoint: The Legion of Doom,1,2011,2011,0
Flashpoint,19,Flashpoint: The Legion of Doom,2,2011,2011,0
Flashpoint,20,Flashpoint: The Legion of Doom,3,2011,2011,0
Flashpoint,21,Flashpoint: Abin Sur - The Green Lantern,1,2011,2011,0
Flashpoint,22,Flashpoint: Hal Jordan,1,2011,2011,0
Flashpoint,23,Flashpoint: Abin Sur - The Green Lantern,2,2011,2011,0
Flashpoint,24,Flashpoint: Hal Jordan,2,2011,2011,0
Flashpoint,25,Flashpoint,1,2011,2011,0
Flashpoint,26,Flashpoint: The Outsider,1,2011,2011,0
Flashpoint,27,Flashpoint: Secret Seven,1,2011,2011,0
Flashpoint,28,Flashpoint: Citizen Cold,1,2011,2011,0
Flashpoint,29,Flashpoint: Secret Seven,2,2011,2011,0
Flashpoint,30,Flashpoint: Secret Seven,3,2011,2011,0
Flashpoint,31,Flashpoint: Citizen Cold,2,2011,2011,0
Flashpoint,32,Flashpoint: Citizen Cold,3,2011,2011,0
Flashpoint,33,Flashpoint: Deathstroke and the Curse of the Ravager,1,2011,2011,0
Flashpoint,34,Flashpoint,2,2011,2011,0
Flashpoint,35,Flashpoint: Deathstroke and the Curse of the Ravager,2,2011,2011,0
Flashpoint,36,Flashpoint: The Outsider,2,2011,2011,0
Flashpoint,37,Flashpoint: Batman Knight of Vengeance,1,2011,2011,0
Flashpoint,38,Flashpoint: Batman Knight of Vengeance,2,2011,2011,0
Flashpoint,39,Flashpoint: Batman Knight of Vengeance,3,2011,2011,0
Flashpoint,40,Flashpoint: Deathstroke and the Curse of the Ravager,3,2011,2011,0
Flashpoint,41,Flashpoint,3,2011,2011,0
Flashpoint,42,Flashpoint: Lois Lane and the Resistance,2,2011,2011,0
Flashpoint,43,Booster Gold,44,2007,2011,0
Flashpoint,44,Booster Gold,45,2007,2011,0
Flashpoint,45,Booster Gold,46,2007,2011,0
Flashpoint,46,Flashpoint: Frankenstein and the Creatures of the Unknown,1,2011,2011,0
Flashpoint,47,Flashpoint: Frankenstein and the Creatures of the Unknown,2,2011,2011,0
Flashpoint,48,Flashpoint: Frankenstein and the Creatures of the Unknown,3,2011,2011,0
Flashpoint,49,Flashpoint: The Outsider,3,2011,2011,0
Flashpoint,50,Flashpoint: The World of Flashpoint,1,2011,2011,0
Flashpoint,51,Flashpoint: The World of Flashpoint,2,2011,2011,0
Flashpoint,52,Flashpoint: Hal Jordan,3,2011,2011,0
Flashpoint,53,Flashpoint: Emperor Aquaman,1,2011,2011,0
Flashpoint,54,Flashpoint: Emperor Aquaman,2,2011,2011,0
Flashpoint,55,Flashpoint: Wonder Woman and the Furies,3,2011,2011,0
Flashpoint,56,Flashpoint: Emperor Aquaman,3,2011,2011,0
Flashpoint,57,Flashpoint: Abin Sur - The Green Lantern,3,2011,2011,0
Flashpoint,58,Flashpoint,4,2011,2011,0
Flashpoint,59,Booster Gold,47,2007,2011,0
Flashpoint,60,Flashpoint: The World of Flashpoint,3,2011,2011,0
Flashpoint,61,Flashpoint: Lois Lane and the Resistance,3,2011,2011,0
Flashpoint,62,Flashpoint: Project Superman,3,2011,2011,0
Flashpoint,63,Flashpoint: Kid Flash Lost,1,2011,2011,0
Flashpoint,64,Flashpoint: Kid Flash Lost,2,2011,2011,0
Flashpoint,65,Flashpoint: Kid Flash Lost,3,2011,2011,0
Flashpoint,66,Flashpoint,5,2011,2011,0
Forever Evil- Blight,1,Justice League Dark,24,2011,2013,1
Forever Evil- Blight,2,Justice League Dark,25,2011,2014,1
Forever Evil- Blight,3,The Phantom Stranger,14,2012,2014,0
Forever Evil- Blight,4,Constantine,9,2013,2014,0
Forever Evil- Blight,5,Trinity of Sin: Pandora,6,2013,2014,0
Forever Evil- Blight,6,Justice League Dark,26,2011,2014,1
Forever Evil- Blight,7,The Phantom Stranger,15,2012,2014,0
Forever Evil- Blight,8,Constantine,10,2013,2014,0
Forever Evil- Blight,9,Trinity of Sin: Pandora,7,2013,2014,0
Forever Evil- Blight,10,Justice League Dark,27,2011,2014,1
Forever Evil- Blight,11,The Phantom Stranger,16,2012,2014,0
Forever Evil- Blight,12,Constantine,11,2013,2014,0
Forever Evil- Blight,13,Trinity of Sin: Pandora,8,2013,2014,0
Forever Evil- Blight,14,Justice League Dark,28,2011,2014,1
Forever Evil- Blight,15,The Phantom Stranger,17,2012,2014,0
Forever Evil- Blight,16,Constantine,12,2013,2014,0
Forever Evil- Blight,17,Trinity of Sin: Pandora,9,2013,2014,0
Forever Evil- Blight,18,Justice League Dark,29,2011,2014,1
Forever Evil,1,Action Comics,23.3,2011,2013,1
Forever Evil,2,Forever Evil,1,2013,2013,0
Forever Evil,3,Aquaman,23.1,2011,2013,0
Forever Evil,4,Aquaman,23.2,2011,2013,1
Forever Evil,5,Batman and Robin,23.1,2011,2013,0
Forever Evil,6,Batman: The Dark Knight,23.1,2011,2013,0
Forever Evil,7,Detective Comics,23.1,2011,2013,0
Forever Evil,8,The Flash,23.3,2011,2013,0
Forever Evil,9,Justice League of America,7.1,2013,2013,0
Forever Evil,10,Superman,23.1,2011,2013,0
Forever Evil,11,Wonder Woman,23.1,2011,2013,0
Forever Evil,12,Trinity of Sin: Pandora,4,2013,2013,0
Forever Evil,13,Trinity of Sin: Pandora,5,2013,2014,0
Forever Evil,14,Green Lantern,23.3,2011,2013,0
Forever Evil,15,Justice League of America,7.2,2013,2013,0
Forever Evil,16,The Phantom Stranger,12,2012,2013,0
Forever Evil,17,The Phantom Stranger,13,2012,2014,0
Forever Evil,18,Justice League,23.4,2011,2013,0
Forever Evil,19,Forever Evil,2,2013,2013,0
Forever Evil,20,Batman,23.2,2011,2013,1
Forever Evil,21,Detective Comics,23.4,2011,2013,0
Forever Evil,22,Batman: The Dark Knight,23.3,2011,2013,0
Forever Evil,23,Batman and Robin,23.2,2011,2013,0
Forever Evil,24,Batman: The Dark Knight,23.2,2011,2013,0
Forever Evil,25,Detective Comics,23.2,2011,2013,0
Forever Evil,26,Suicide Squad,24,2011,2013,0
Forever Evil,27,Suicide Squad,25,2011,2014,0
Forever Evil,28,Suicide Squad,26,2011,2014,0
Forever Evil,29,The Flash,23.1,2011,2013,0
Forever Evil,30,Forever Evil: Rogues Rebellion,1,2013,2013,0
Forever Evil,31,Justice League of America,7.4,2013,2013,0
Forever Evil,32,Justice League,24,2011,2013,1
Forever Evil,33,Justice League of America,8,2013,2013,0
Forever Evil,34,Justice League of America,9,2013,2014,0
Forever Evil,35,Forever Evil: A.R.G.U.S.,1,2013,2013,0
Forever Evil,36,Forever Evil: A.R.G.U.S.,2,2013,2014,0
Forever Evil,37,Justice League of America,10,2013,2014,0
Forever Evil,38,Suicide Squad,27,2011,2014,0
Forever Evil,39,Suicide Squad,28,2011,2014,0
Forever Evil,40,Suicide Squad,29,2011,2014,0
Forever Evil,41,Justice League Dark,24,2011,2013,1
Forever Evil,42,Justice League Dark,25,2011,2014,1
Forever Evil,43,The Phantom Stranger,14,2012,2014,0
Forever Evil,44,Constantine,9,2013,2014,0
Forever Evil,45,Trinity of Sin: Pandora,6,2013,2014,0
Forever Evil,46,Justice League Dark,26,2011,2014,1
Forever Evil,47,The Phantom Stranger,15,2012,2014,0
Forever Evil,48,Constantine,10,2013,2014,0
Forever Evil,49,Trinity of Sin: Pandora,7,2013,2014,0
Forever Evil,50,Justice League Dark,27,2011,2014,1
Forever Evil,51,The Phantom Stranger,16,2012,2014,0
Forever Evil,52,Constantine,11,2013,2014,0
Forever Evil,53,Trinity of Sin: Pandora,8,2013,2014,0
Forever Evil,54,Justice League Dark,28,2011,2014,1
Forever Evil,55,The Phantom Stranger,17,2012,2014,0
Forever Evil,56,Constantine,12,2013,2014,0
Forever Evil,57,Trinity of Sin: Pandora,9,2013,2014,0
Forever Evil,58,Justice League Dark,29,2011,2014,1
Forever Evil,59,Forever Evil,3,2013,2014,0
Forever Evil,60,Forever Evil: Rogues Rebellion,2,2013,2014,0
Forever Evil,61,Forever Evil: Rogues Rebellion,3,2013,2014,0
Forever Evil,62,Forever Evil: Rogues Rebellion,4,2013,2014,0
Forever Evil,63,Justice League,25,2011,2014,1
Forever Evil,64,Justice League of America,11,2013,2014,0
Forever Evil,65,Batman and Robin,23.4,2011,2013,0
Forever Evil,66,Batman and Robin,23.3,2011,2013,0
Forever Evil,67,Batman,23.4,2011,2013,1
Forever Evil,68,Detective Comics,23.3,2011,2013,0
Forever Evil,69,Forever Evil: Arkham War,1,2013,2013,0
Forever Evil,70,Forever Evil,4,2013,2014,0
Forever Evil,71,Justice League,26,2011,2014,1
Forever Evil,72,Justice League,27,2011,2014,1
Forever Evil,73,Justice League,28,2011,2014,1
Forever Evil,74,Justice League of America,12,2013,2014,0
Forever Evil,75,Forever Evil: Rogues Rebellion,5,2013,2014,0
Forever Evil,76,Forever Evil: Rogues Rebellion,6,2013,2014,0
Forever Evil,77,Forever Evil: A.R.G.U.S.,3,2013,2014,0
Forever Evil,78,Forever Evil: A.R.G.U.S.,4,2013,2014,0
Forever Evil,79,Forever Evil,5,2013,2014,0
Forever Evil,80,Forever Evil: Arkham War,2,2013,2014,0
Forever Evil,81,Forever Evil: Arkham War,3,2013,2014,0
Forever Evil,82,Forever Evil: Arkham War,4,2013,2014,0
Forever Evil,83,Forever Evil: Arkham War,5,2013,2014,0
Forever Evil,84,Forever Evil: A.R.G.U.S.,5,2013,2014,0
Forever Evil,85,Forever Evil,6,2013,2014,0
Forever Evil,86,Justice League of America,13,2013,2014,0
Forever Evil,87,Forever Evil: A.R.G.U.S.,6,2013,2014,0
Forever Evil,88,Forever Evil: Arkham War,6,2013,2014,0
Forever Evil,89,Justice League,29,2011,2014,1
Forever Evil,90,Forever Evil,7,2013,2014,0
Forever Evil,91,Justice League of America,14,2013,2014,0
Forever Evil,92,Justice League,30,2011,2014,1
Forever Evil,93,Suicide Squad,30,2011,2014,0
Forever Evil,94,Forever Evil Aftermath: Batman vs. Bane,1,2014,2014,0
Forever Evil,95,Nightwing,30,2011,2014,0
Future State,1,Future State: Batman/Superman,1,2021,2021,0
Future State,2,Future State: Batman/Superman,2,2021,2021,0
Future State,3,Future State: The Next Batman,1,2021,2021,0
Future State,4,Future State: The Next Batman,2,2021,2021,0
Future State,5,Future State: The Next Batman,3,2021,2021,0
Future State,6,Future State: The Next Batman,4,2021,2021,0
Future State,7,Future State: Robin Eternal,1,2021,2021,0
Future State,8,Future State: Robin Eternal,2,2021,2021,0
Future State,9,Future State: Harley Quinn,1,2021,2021,0
Future State,10,Future State: Harley Quinn,2,2021,2021,0
Future State,11,Future State: Nightwing,1,2021,2021,0
Future State,12,Future State: Nightwing,2,2021,2021,0
Future State,13,Future State: Catwoman,1,2021,2021,0
Future State,14,Future State: Catwoman,2,2021,2021,0
Future State,15,Future State: Dark Detective,1,2021,2021,0
Future State,16,Future State: Dark Detective,2,2021,2021,0
Future State,17,Future State: Dark Detective,3,2021,2021,0
Future State,18,Future State: Dark Detective,4,2021,2021,0
Future State,19,Future State: The Flash,1,2021,2021,0
Future State,20,Future State: The Flash,2,2021,2021,0
Future State,21,Future State: Teen Titans,1,2021,2021,0
Future State,22,Future State: Teen Titans,2,2021,2021,0
Future State,23,Future State: Shazam!,1,2021,2021,0
Future State,24,Future State: Shazam!,2,2021,2021,0
Future State,25,Future State: Suicide Squad,1,2021,2021,0
Future State,26,Future State: Suicide Squad,2,2021,2021,0
Future State,27,Future State: Aquaman,1,2021,2021,0
Future State,28,Future State: Aquaman,2,2021,2021,0
Future State,29,Future State: Superman of Metropolis,1,2021,2021,0
Future State,30,Future State: Superman of Metropolis,2,2021,2021,0
Future State,31,Future State: Superman: Worlds of War,1,2021,2021,0
Future State,32,Future State: Superman: Worlds of War,2,2021,2021,0
Future State,33,Future State: Green Lantern,1,2021,2021,1
Future State,34,Future State: Green Lantern,2,2021,2021,1
Future State,35,Future State: Justice League,1,2021,2021,0
Future State,36,Future State: Justice League,2,2021,2021,0
Future State,37,"Future State: Kara Zor-El, Superwoman",1,2021,2021,0
Future State,38,"Future State: Kara Zor-El, Superwoman",2,2021,2021,0
Future State,39,Future State: Wonder Woman,1,2021,2021,0
Future State,40,Future State: Wonder Woman,2,2021,2021,0
Future State,41,Future State: Superman vs. Imperious Lex,1,2021,2021,0
Future State,42,Future State: Superman vs. Imperious Lex,2,2021,2021,0
Future State,43,Future State: Superman vs. Imperious Lex,3,2021,2021,0
Future State,44,Future State: Superman/Wonder Woman,1,2021,2021,0
Future State,45,Future State: Superman/Wonder Woman,2,2021,2021,0
Future State,46,Future State: Legion of Super-Heroes,1,2021,2021,0
Future State,47,Future State: Legion of Super-Heroes,2,2021,2021,0
Future State,48,Future State: Superman: House of El,1,2021,2021,0
Future State,49,Future State: Swamp Thing,1,2021,2021,0
Future State,50,Future State: Swamp Thing,2,2021,2021,0
Future State,51,Future State: Immortal Wonder Woman,1,2021,2021,0
Future State,52,Future State: Immortal Wonder Woman,2,2021,2021,0
Gang War,1,The Amazing Spider-Man,37,2022,2024,1
Gang War,2,The Amazing Spider-Man,38,2022,2024,1
Gang War,3,Miles Morales: Spider-Man,12,2022,2024,1
Gang War,4,Luke Cage: Gang War,1,2024,2024,1
Gang War,5,Spider-Woman,1,2024,2024,1
Gang War,6,The Amazing Spider-Man: Gang War: First Strike,1,2024,2024,1
Gang War,7,The Amazing Spider-Man,39,2022,2024,1
Gang War,8,Luke Cage: Gang War,2,2024,2024,0
Gang War,9,Luke Cage: Gang War,3,2024,2024,0
Gang War,10,Luke Cage: Gang War,4,2024,2024,0
Gang War,11,Daredevil: Gang War,1,2024,2024,0
Gang War,12,Daredevil: Gang War,2,2024,2024,0
Gang War,13,Deadly Hands of Kung Fu: Gang War,1,2024,2024,1
Gang War,14,Deadly Hands of Kung Fu: Gang War,2,2024,2024,0
Gang War,15,Deadly Hands of Kung Fu: Gang War,3,2024,2024,0
Gang War,16,Spider-Man Unlimited Infinity Comic,19,2023,2024,0
Gang War,17,Miles Morales: Spider-Man,13,2022,2024,1
Gang War,18,Miles Morales: Spider-Man,14,2022,2024,1
Gang War,19,The Amazing Spider-Man,40,2022,2024,1
Gang War,20,The Amazing Spider-Man,41,2022,2024,1
Gang War,21,Spider-Man Unlimited Infinity Comic,22,2023,2024,0
Gang War,22,Miles Morales: Spider-Man,15,2022,2024,0
Gang War,23,Miles Morales: Spider-Man,16,2022,2024,1
Gang War,24,Spider-Man Unlimited Infinity Comic,20,2023,2024,0
Gang War,25,Spider-Woman,2,2024,2024,1
Gang War,26,The Amazing Spider-Man,42,2022,2024,1
Gang War,27,Spider-Man Unlimited Infinity Comic,21,2023,2024,0
Gang War,28,Spider-Woman,3,2024,2024,1
Gang War,29,Spider-Woman,4,2024,2024,1
Gang War,30,Jackpot,1,2024,2024,0
Gang War,31,Spider-Man Unlimited Infinity Comic,23,2023,2024,0
Gang War,32,Daredevil: Gang War,3,2024,2024,0
Gang War,33,Spider-Man Unlimited Infinity Comic,24,2023,2024,0
Gang War,34,The Amazing Spider-Man,43,2022,2024,1
Gang War,35,The Amazing Spider-Man,44,2022,2024,1
Gang War,36,Daredevil: Gang War,4,2024,2024,0
Gang War,37,The Amazing Spider-Man,45,2022,2024,1
Gang War,38,Miles Morales: Spider-Man,17,2022,2024,1
Generations,1,Generations: Banner Hulk & Totally Awesome Hulk,1,2017,2017,0
Generations,2,Generations: Phoenix & Jean Grey,1,2017,2017,0
Generations,3,Generations: Wolverine & All-New Wolverine,1,2017,2017,0
Generations,4,Generations: The Unworthy Thor & The Mighty Thor,1,2017,2017,0
Generations,5,Generations: Hawkeye & Hawkeye,1,2017,2017,0
Generations,6,Generations: Iron Man & Ironheart,1,2017,2017,0
Generations,7,Generations: Captain Marvel & Captain Mar-vell,1,2017,2017,0
Generations,8,Generations: Ms. Marvel & Ms. Marvel,1,2017,2017,0
Generations,9,Generations: Miles Morales: Spider-Man & Peter Parker: Spider-Man,1,2017,2017,0
Generations,10,Generations: Sam Wilson: Captain America & Steve Rogers: Captain America,1,2017,2017,0
Giant-Size X-Men,1,Free Comic Book Day 2025: Fantastic Four/Giant-Size X-Men,1,2025,2025,0
Giant-Size X-Men,2,Giant-Size X-Men,1,2025,2025,0
Giant-Size X-Men,3,Giant-Size Dark Phoenix Saga,1,2025,2025,0
Giant-Size X-Men,4,Giant-Size Age of Apocalypse,1,2025,2025,0
Giant-Size X-Men,5,Giant-Size House of M,1,2025,2025,1
Giant-Size X-Men,6,Giant-Size X-Men,2,2025,2025,1
Goblin Nation,1,Superior Spider-Man,26,2013,2014,0
Goblin Nation,2,Superior Spider-Man Team-Up,9,2013,2014,0
Goblin Nation,3,Superior Spider-Man Team-Up,10,2013,2014,0
Goblin Nation,4,Superior Spider-Man,27,2013,2014,0
Goblin Nation,5,Superior Spider-Man,28,2013,2014,0
Goblin Nation,6,Superior Spider-Man,29,2013,2014,0
Goblin Nation,7,Superior Spider-Man Annual,2,2013,2014,0
Goblin Nation,8,Superior Spider-Man Team-Up,11,2013,2014,0
Goblin Nation,9,Superior Spider-Man,30,2013,2014,0
Goblin Nation,10,Superior Spider-Man,31,2013,2014,0
Goblin Nation,11,Superior Spider-Man Team-Up,12,2013,2014,0
Gothtopia,1,Detective Comics,27,2011,2014,0
Gothtopia,2,Batwing,27,2011,2014,0
Gothtopia,3,Batgirl,27,2011,2014,1
Gothtopia,4,Birds of Prey,27,2011,2014,0
Gothtopia,5,Catwoman,27,2011,2014,1
Gothtopia,6,Detective Comics,28,2011,2014,0
Gothtopia,7,Batwing,28,2011,2014,0
Gothtopia,8,Birds of Prey,28,2011,2014,0
Gothtopia,9,Catwoman,28,2011,2014,1
Gothtopia,10,Detective Comics,29,2011,2014,0
Green Lantern Godhead,1,Green Lantern/New Gods: Godhead,1,2014,2014,0
Green Lantern Godhead,2,Green Lantern,35,2011,2014,0
Green Lantern Godhead,3,Green Lantern Corps,35,2011,2014,0
Green Lantern Godhead,4,Green Lantern: New Guardians,35,2011,2014,0
Green Lantern Godhead,5,Infinity Man and the Forever People,4,2014,2014,0
Green Lantern Godhead,6,Red Lanterns,35,2011,2014,0
Green Lantern Godhead,7,Sinestro,6,2014,2014,0
Green Lantern Godhead,8,Green Lantern,36,2011,2015,0
Green Lantern Godhead,9,Green Lantern Corps,36,2011,2015,0
Green Lantern Godhead,10,Infinity Man and the Forever People,5,2014,2015,0
Green Lantern Godhead,11,Green Lantern: New Guardians,36,2011,2015,0
Green Lantern Godhead,12,Red Lanterns,36,2011,2015,0
Green Lantern Godhead,13,Sinestro,7,2014,2015,0
Green Lantern Godhead,14,Green Lantern,37,2011,2015,0
Green Lantern Godhead,15,Green Lantern Corps,37,2011,2015,0
Green Lantern Godhead,16,Infinity Man and the Forever People,6,2014,2015,0
Green Lantern Godhead,17,Green Lantern: New Guardians,37,2011,2015,0
Green Lantern Godhead,18,Red Lanterns,37,2011,2015,0
Green Lantern Godhead,19,Sinestro,8,2014,2015,0
Green Lantern Godhead,20,Green Lantern Annual,3,2012,2015,0
Green Lantern Lights Out,1,Green Lantern,24,2011,2013,1
Green Lantern Lights Out,2,Green Lantern Corps,24,2011,2013,0
Green Lantern Lights Out,3,Green Lantern: New Guardians,24,2011,2013,0
Green Lantern Lights Out,4,Red Lanterns,24,2011,2013,0
Green Lantern Lights Out,5,Green Lantern Annual,2,2012,2013,0
Green Lantern- Uprising,1,Green Lantern,31,2011,2014,0
Green Lantern- Uprising,2,Green Lantern Corps,31,2011,2014,0
Green Lantern- Uprising,3,Green Lantern,32,2011,2014,0
Green Lantern- Uprising,4,Green Lantern Corps,32,2011,2014,0
Green Lantern- Uprising,5,Green Lantern,33,2011,2014,0
Green Lantern- Uprising,6,Green Lantern Corps,33,2011,2014,0
Hellfire Gala,1,Marauders,21,2019,2021,1
Hellfire Gala,2,X-Force,20,2020,2021,1
Hellfire Gala,3,Hellions,12,2020,2021,1
Hellfire Gala,4,Excalibur,21,2019,2021,1
Hellfire Gala,5,X-Men,21,2019,2021,1
Hellfire Gala,6,Children of the Atom,4,2021,2021,1
Hellfire Gala,7,Planet-Size X-Men,1,2021,2021,1
Hellfire Gala,8,New Mutants,19,2020,2021,1
Hellfire Gala,9,X-Corp,2,2021,2021,1
Hellfire Gala,10,Wolverine,13,2020,2021,1
Hellfire Gala,11,S.W.O.R.D.,6,2020,2021,1
Hellfire Gala,12,Way of X,3,2021,2021,1
Hellfire Gala,13,X-Factor,10,2020,2021,1
Hellfire Gala,14,Cable,11,2020,2021,1
Heroes in Crisis,1,Batman,41,2016,2018,1
Heroes in Crisis,2,Batman,42,2016,2018,1
Heroes in Crisis,3,Batman,43,2016,2018,1
Heroes in Crisis,4,Batman,45,2016,2018,1
Heroes in Crisis,5,Batman,46,2016,2018,1
Heroes in Crisis,6,Batman,47,2016,2018,1
Heroes in Crisis,7,The Flash,51,2016,2018,1
Heroes in Crisis,8,Red Hood and the Outlaws Annual,2,2016,2018,0
Heroes in Crisis,9,Heroes In Crisis,1,2018,2018,1
Heroes in Crisis,10,Green Arrow,45,2016,2018,1
Heroes in Crisis,11,Heroes In Crisis,2,2018,2018,1
Heroes in Crisis,12,Heroes In Crisis,3,2018,2019,1
Heroes in Crisis,13,Heroes In Crisis,4,2018,2019,1
Heroes in Crisis,14,The Flash Annual,2,2016,2019,1
Heroes in Crisis,15,Batman,64,2016,2019,1
Heroes in Crisis,16,The Flash,64,2016,2019,1
Heroes in Crisis,17,Green Arrow,48,2016,2019,1
Heroes in Crisis,18,Green Arrow,49,2016,2019,1
Heroes in Crisis,19,Batman,65,2016,2019,1
Heroes in Crisis,20,The Flash,65,2016,2019,1
Heroes in Crisis,21,Heroes In Crisis,5,2018,2019,1
Heroes in Crisis,22,Heroes In Crisis,6,2018,2019,1
Heroes in Crisis,23,Green Arrow,50,2016,2019,1
Heroes in Crisis,24,Heroes In Crisis,7,2018,2019,1
Heroes in Crisis,25,Heroes In Crisis,8,2018,2019,1
Heroes in Crisis,26,Heroes In Crisis,9,2018,2019,1
Heroes Reborn,1,Heroes Reborn,1,2021,2021,1
Heroes Reborn,2,Heroes Reborn: Hyperion & the Imperial Guard,1,2021,2021,1
Heroes Reborn,3,"Heroes Reborn: Peter Parker, The Amazing Shutterbug",1,2021,2021,1
Heroes Reborn,4,Heroes Reborn,2,2021,2021,1
Heroes Reborn,5,Heroes Reborn,3,2021,2021,1
Heroes Reborn,6,Heroes Reborn,4,2021,2021,1
Heroes Reborn,7,Heroes Reborn: Magneto & the Mutant Force,1,2021,2021,1
Heroes Reborn,8,Heroes Reborn: Siege Society,1,2021,2021,1
Heroes Reborn,9,Heroes Reborn: Young Squadron,1,2021,2021,1
Heroes Reborn,10,Heroes Reborn,5,2021,2021,1
Heroes Reborn,11,Heroes Reborn: American Knights,1,2021,2021,1
Heroes Reborn,12,Heroes Reborn: Marvel Double Action,1,2021,2021,1
Heroes Reborn,13,Heroes Reborn,6,2021,2021,1
Heroes Reborn,14,Heroes Reborn: Squadron Savage,1,2021,2021,1
Heroes Reborn,15,Heroes Reborn: Night-Gwen,1,2021,2021,1
Heroes Reborn,16,Heroes Reborn,7,2021,2021,1
Heroes Reborn,17,Heroes Reborn: Weapon X & Final Flight,1,2021,2021,1
Heroes Reborn,18,Heroes Return,1,2021,2021,1
Heroic Age,1,Avengers: Prime,1,2010,2010,0
Heroic Age,2,Avengers: Prime,2,2010,2010,0
Heroic Age,3,Avengers: Prime,3,2010,2010,0
Heroic Age,4,Avengers: Prime,4,2010,2011,0
Heroic Age,5,Avengers: Prime,5,2010,2011,0
Heroic Age,6,Enter The Heroic Age,1,2010,2010,0
Heroic Age,7,The Heroic Age: Super Heroes,1,2010,2010,0
Heroic Age,8,The Heroic Age: Villains,1,2010,2011,0
Heroic Age,9,Heroic Age: One Month to Live,1,2010,2010,0
Heroic Age,10,Heroic Age: One Month to Live,2,2010,2010,0
Heroic Age,11,Heroic Age: One Month to Live,3,2010,2010,0
Heroic Age,12,Heroic Age: One Month to Live,4,2010,2010,0
Heroic Age,13,Heroic Age: One Month to Live,5,2010,2010,0
Heroic Age,14,Heroic Age: Prince of Power,1,2010,2010,0
Heroic Age,15,Heroic Age: Prince of Power,2,2010,2010,0
Heroic Age,16,Heroic Age: Prince of Power,3,2010,2010,0
Heroic Age,17,Heroic Age: Prince of Power,4,2010,2010,0
Heroic Age,18,Avengers,1,2010,2010,1
Heroic Age,19,Avengers,2,2010,2010,1
Heroic Age,20,Avengers,3,2010,2010,1
Heroic Age,21,Avengers,4,2010,2010,1
Heroic Age,22,Avengers,5,2010,2010,1
Heroic Age,23,Avengers,6,2010,2010,1
Heroic Age,24,Avengers Academy,1,2010,2010,0
Heroic Age,25,Avengers Academy,2,2010,2010,0
Heroic Age,26,New Avengers,1,2010,2010,1
Heroic Age,27,New Avengers,2,2010,2010,1
Heroic Age,28,New Avengers,3,2010,2010,1
Heroic Age,29,New Avengers,4,2010,2010,1
Heroic Age,30,New Avengers,5,2010,2010,1
Heroic Age,31,New Avengers,6,2010,2011,1
Heroic Age,32,Vengeance of the Moon Knight,9,2009,2010,0
Heroic Age,33,Vengeance of the Moon Knight,10,2009,2010,0
Heroic Age,34,Secret Avengers,1,2010,2010,0
Heroic Age,35,Secret Avengers,2,2010,2010,0
Heroic Age,36,Secret Avengers,3,2010,2010,0
Heroic Age,37,Secret Avengers,4,2010,2010,0
Heroic Age,38,Secret Avengers,5,2010,2010,0
Heroic Age,39,Age of Heroes,1,2010,2010,0
Heroic Age,40,Age of Heroes,2,2010,2010,0
Heroic Age,41,Age of Heroes,3,2010,2010,0
Heroic Age,42,Age of Heroes,4,2010,2010,0
Heroic Age,43,Hawkeye & Mockingbird,1,2010,2010,0
Heroic Age,44,Hawkeye & Mockingbird,2,2010,2010,0
Heroic Age,45,Hawkeye & Mockingbird,3,2010,2010,0
Heroic Age,46,Hawkeye & Mockingbird,4,2010,2010,0
Heroic Age,47,Hawkeye & Mockingbird,5,2010,2010,0
Heroic Age,48,Hawkeye & Mockingbird,6,2010,2011,0
Heroic Age,49,Young Allies,1,2010,2010,0
Heroic Age,50,Young Allies,2,2010,2010,0
Heroic Age,51,Young Allies,3,2010,2010,0
Heroic Age,52,Young Allies,4,2010,2010,0
Heroic Age,53,Young Allies,5,2010,2010,0
Heroic Age,54,Young Allies,6,2010,2011,0
Heroic Age,55,Astonishing Spider-Man & Wolverine,1,2010,2010,0
Heroic Age,56,Astonishing Spider-Man & Wolverine,2,2010,2010,0
Heroic Age,57,Astonishing Spider-Man & Wolverine,3,2010,2010,0
Heroic Age,58,Astonishing Spider-Man & Wolverine,4,2010,2011,0
Heroic Age,59,Astonishing Spider-Man & Wolverine,5,2010,2011,0
Heroic Age,60,Astonishing Spider-Man & Wolverine,6,2010,2011,0
Heroic Age,61,Captain America,606,2004,2010,0
Heroic Age,62,Captain America,607,2004,2010,0
Heroic Age,63,Captain America,608,2004,2010,0
Heroic Age,64,Captain America,609,2004,2010,0
Heroic Age,65,Captain America,610,2004,2010,0
Heroic Age,66,Steve Rogers: Super Soldier,1,2010,2010,0
Heroic Age,67,Steve Rogers: Super Soldier,2,2010,2010,0
Heroic Age,68,Steve Rogers: Super Soldier,3,2010,2010,0
Heroic Age,69,Steve Rogers: Super Soldier,4,2010,2010,0
Heroic Age,70,Death of Dracula,1,2010,2010,0
Heroic Age,71,Uncanny X-Men: The Heroic Age,1,2010,2010,0
Heroic Age,72,The Uncanny X-Men,526,1981,2010,0
Heroic Age,73,The Uncanny X-Men,527,1981,2010,0
Heroic Age,74,The Uncanny X-Men,528,1981,2010,0
Heroic Age,75,The Uncanny X-Men,529,1981,2010,0
Heroic Age,76,New Mutants,15,2009,2010,1
Heroic Age,77,New Mutants,16,2009,2010,1
Heroic Age,78,New Mutants,17,2009,2010,1
Heroic Age,79,New Mutants,18,2009,2010,1
Heroic Age,80,New Mutants,19,2009,2011,1
Heroic Age,81,New Mutants,20,2009,2011,1
Heroic Age,82,New Mutants,21,2009,2011,1
Heroic Age,83,Deadpool,23,2008,2010,0
Heroic Age,84,Deadpool,24,2008,2010,0
Heroic Age,85,Deadpool,25,2008,2010,0
Heroic Age,86,Fantastic Four,579,1998,2010,0
Heroic Age,87,Fantastic Four,580,1998,2010,0
Heroic Age,88,Fantastic Four,581,1998,2010,0
Heroic Age,89,Fantastic Four,582,1998,2010,0
Heroic Age,90,Secret Warriors,17,2009,2010,0
Heroic Age,91,Secret Warriors,18,2009,2010,0
Heroic Age,92,Secret Warriors,19,2009,2010,0
Heroic Age,93,Thunderbolts,144,2006,2010,0
Heroic Age,94,Thunderbolts,145,2006,2010,0
Heroic Age,95,Thunderbolts,146,2006,2010,0
Heroic Age,96,Thunderbolts,147,2006,2010,0
Heroic Age,97,Avengers Academy,3,2010,2010,0
Heroic Age,98,Avengers Academy,4,2010,2010,0
Heroic Age,99,Invincible Iron Man,25,2008,2010,0
Heroic Age,100,Invincible Iron Man,26,2008,2010,0
Heroic Age,101,Invincible Iron Man,27,2008,2010,0
Heroic Age,102,Invincible Iron Man,28,2008,2010,0
Heroic Age,103,Invincible Iron Man,29,2008,2010,0
Heroic Age,104,Invincible Iron Man,30,2008,2010,0
Heroic Age,105,Invincible Iron Man,31,2008,2010,0
Heroic Age,106,Invincible Iron Man,32,2008,2011,0
Heroic Age,107,Invincible Iron Man,33,2008,2011,0
Heroic Age,108,X-Men: Legacy,238,2008,2010,0
Heroic Age,109,X-Men: Legacy,239,2008,2010,0
Heroic Age,110,X-Men: Legacy,240,2008,2010,0
Heroic Age,111,X-Men: Legacy,241,2008,2010,0
Heroic Age,112,Atlas,1,2010,2010,0
Heroic Age,113,Atlas,2,2010,2010,0
Heroic Age,114,Atlas,3,2010,2010,0
Heroic Age,115,Atlas,4,2010,2010,0
Heroic Age,116,Atlas,5,2010,2010,0
House of Brainiac,1,Green Lantern,10,2023,2024,0
House of Brainiac,2,Green Lantern,11,2023,2024,1
House of Brainiac,3,Green Lantern,12,2023,2024,0
House of Brainiac,4,Action Comics,1064,1938,2024,1
House of Brainiac,5,Power Girl,8,2023,2024,0
House of Brainiac,6,Superman,13,2023,2024,1
House of Brainiac,7,Superman: House of Brainiac Special,1,2024,2024,0
House of Brainiac,8,Action Comics,1065,1938,2024,0
House of Brainiac,9,Superman,14,2023,2024,1
House of Brainiac,10,Action Comics,1066,1938,2024,1
House of Brainiac,11,Superman,15,2023,2024,1
House of Brainiac,12,Power Girl,9,2023,2024,0
House of Brainiac,13,Power Girl,10,2023,2024,0
House of M,1,Excalibur,13,2004,2005,0
House of M,2,Excalibur,14,2004,2005,0
House of M,3,House of M,1,2005,2005,0
House of M,4,House of M,2,2005,2005,0
House of M,5,House of M: Civil War,1,2008,2008,0
House of M,6,House of M: Civil War,2,2008,2008,0
House of M,7,House of M: Civil War,3,2008,2009,0
House of M,8,House of M: Civil War,4,2008,2009,0
House of M,9,House of M: Civil War,5,2008,2009,0
House of M,10,House of M: Masters of Evil,1,2009,2009,0
House of M,11,House of M: Masters of Evil,2,2009,2009,0
House of M,12,House of M: Masters of Evil,3,2009,2009,0
House of M,13,House of M: Masters of Evil,4,2009,2010,0
House of M,14,House of M: Avengers,1,2008,2008,0
House of M,15,House of M: Avengers,2,2008,2008,0
House of M,16,House of M: Avengers,3,2008,2008,0
House of M,17,House of M: Avengers,4,2008,2008,0
House of M,18,House of M: Avengers,5,2008,2008,0
House of M,19,Incredible Hulk,83,2000,2005,0
House of M,20,The Pulse: House of M Special,1,2005,2005,0
House of M,21,Fantastic Four: House of M,1,2005,2005,0
House of M,22,Fantastic Four: House of M,2,2005,2005,0
House of M,23,Fantastic Four: House of M,3,2005,2005,0
House of M,24,Spider-Man: House of M,1,2005,2005,0
House of M,25,Spider-Man: House of M,2,2005,2005,0
House of M,26,Spider-Man: House of M,3,2005,2005,0
House of M,27,Spider-Man: House of M,4,2005,2005,0
House of M,28,Spider-Man: House of M,5,2005,2005,0
House of M,29,Incredible Hulk,84,2000,2005,0
House of M,30,Incredible Hulk,85,2000,2005,0
House of M,31,Incredible Hulk,86,2000,2005,0
House of M,32,Iron Man: House of M,1,2005,2005,0
House of M,33,Iron Man: House of M,2,2005,2005,0
House of M,34,Iron Man: House of M,3,2005,2005,0
House of M,35,Mutopia X,1,2005,2005,0
House of M,36,Mutopia X,2,2005,2005,0
House of M,37,Mutopia X,3,2005,2005,0
House of M,38,New Thunderbolts,11,2005,2005,0
House of M,39,The Uncanny X-Men,462,1981,2005,0
House of M,40,The Uncanny X-Men,463,1981,2005,0
House of M,41,The Uncanny X-Men,464,1981,2005,0
House of M,42,The Uncanny X-Men,465,1981,2005,0
House of M,43,House of M,3,2005,2005,0
House of M,44,New X-Men,16,2004,2005,0
House of M,45,New X-Men,17,2004,2005,0
House of M,46,New X-Men,18,2004,2005,0
House of M,47,New X-Men,19,2004,2005,0
House of M,48,Wolverine,33,2003,2005,1
House of M,49,Wolverine,34,2003,2005,1
House of M,50,Wolverine,35,2003,2005,1
House of M,51,House of M,4,2005,2005,0
House of M,52,House of M,5,2005,2005,0
House of M,53,The Pulse,10,2004,2005,0
House of M,54,Captain America,10,2004,2005,1
House of M,55,Black Panther,7,2005,2005,0
House of M,56,Exiles,69,2001,2005,0
House of M,57,Exiles,70,2001,2005,0
House of M,58,Exiles,71,2001,2005,0
House of M,59,Cable & Deadpool,17,2004,2005,0
House of M,60,House of M,6,2005,2005,0
House of M,61,House of M,7,2005,2005,0
House of M,62,Mutopia X,4,2005,2005,0
House of M,63,House of M,8,2005,2005,0
House of M,64,Giant-Size Ms. Marvel,1,2006,2006,0
Hulk vs. Thor: Banner of War,1,Hulk vs. Thor: Banner of War Alpha,1,2022,2022,1
Hulk vs. Thor: Banner of War,2,Thor,25,2020,2022,1
Hulk vs. Thor: Banner of War,3,Hulk,7,2022,2022,1
Hulk vs. Thor: Banner of War,4,Thor,26,2020,2022,1
Hulk vs. Thor: Banner of War,5,Hulk,8,2022,2022,1
Hunted,1,The Amazing Spider-Man,8,2018,2018,1
Hunted,2,The Amazing Spider-Man,9,2018,2019,1
Hunted,3,The Amazing Spider-Man,10,2018,2019,1
Hunted,4,The Amazing Spider-Man,11,2018,2019,1
Hunted,5,The Amazing Spider-Man,12,2018,2019,1
Hunted,6,The Amazing Spider-Man,13,2018,2019,1
Hunted,7,Friendly Neighborhood Spider-Man,1,2019,2019,0
Hunted,8,Friendly Neighborhood Spider-Man,2,2019,2019,0
Hunted,9,Friendly Neighborhood Spider-Man,3,2019,2019,0
Hunted,10,Friendly Neighborhood Spider-Man,4,2019,2019,0
Hunted,11,Friendly Neighborhood Spider-Man,5,2019,2019,0
Hunted,12,The Amazing Spider-Man,14,2018,2019,1
Hunted,13,The Amazing Spider-Man,15,2018,2019,1
Hunted,14,The Amazing Spider-Man,16,2018,2019,1
Hunted,15,The Amazing Spider-Man,17,2018,2019,1
Hunted,16,The Amazing Spider-Man,18,2018,2019,1
Hunted,17,The Amazing Spider-Man,19,2018,2019,1
Hunted,18,The Amazing Spider-Man,20,2018,2019,1
Hunted,19,The Amazing Spider-Man,21,2018,2019,1
Hunted,20,The Amazing Spider-Man,22,2018,2019,1
Hunted,21,The Amazing Spider-Man,23,2018,2019,1
Hunted,22,The Amazing Spider-Man,24,2018,2019,1
Hunted,23,The Amazing Spider-Man,25,2018,2019,1
Identity Crisis,1,Identity Crisis,1,2004,2004,0
Identity Crisis,2,Identity Crisis,2,2004,2004,0
Identity Crisis,3,Identity Crisis,3,2004,2004,0
Identity Crisis,4,The Flash,214,1987,2004,0
Identity Crisis,5,Identity Crisis,4,2004,2004,0
Identity Crisis,6,The Flash,215,1987,2004,0
Identity Crisis,7,Identity Crisis,5,2004,2004,0
Identity Crisis,8,Firestorm,6,2004,2004,0
Identity Crisis,9,The Flash,216,1987,2005,0
Identity Crisis,10,JSA,67,1999,2005,0
Identity Crisis,11,The Flash,217,1987,2005,0
Identity Crisis,12,Identity Crisis,6,2004,2005,0
Identity Crisis,13,Identity Crisis,7,2004,2005,0
Identity Crisis,14,Teen Titans,20,2003,2005,0
Identity Crisis,15,Teen Titans,21,2003,2005,0
Identity Crisis,16,Teen Titans,22,2003,2005,0
Identity Crisis,17,Teen Titans,23,2003,2005,0
Identity Crisis,18,JLA,115,1997,2005,0
Identity Crisis,19,JLA,116,1997,2005,0
Identity Crisis,20,JLA,117,1997,2005,0
Identity Crisis,21,JLA,118,1997,2005,0
Identity Crisis,22,JLA,119,1997,2005,0
Identity Crisis,23,Manhunter,5,2004,2005,0
Imperial,1,Imperial,1,2025,2025,0
Imperial,2,Imperial,2,2025,2025,1
Imperial,3,Imperial,3,2025,2025,1
Imperial,4,Imperial War: Black Panther,1,2025,2025,1
Imperial,5,Imperial War: Planet She-Hulk,1,2025,2025,1
Imperial,6,Imperial War: Exiles,1,2025,2025,1
Imperial,7,Imperial War: Nova Centurion,1,2025,2025,1
Imperial,8,Imperial War: Imperial Guardians,1,2025,2025,1
Imperial,9,Imperial,4,2025,2025,1
Infinite Crisis,1,Countdown to Infinite Crisis,1,2005,2005,0
Infinite Crisis,2,The OMAC Project,1,2005,2005,0
Infinite Crisis,3,Day of Vengeance,1,2005,2005,0
Infinite Crisis,4,Superman,216,1987,2005,0
Infinite Crisis,5,Villains United,1,2005,2005,0
Infinite Crisis,6,Rann/Thanagar War,1,2005,2005,0
Infinite Crisis,7,Day of Vengeance,2,2005,2005,0
Infinite Crisis,8,The OMAC Project,2,2005,2005,0
Infinite Crisis,9,Action Comics,826,1938,2005,0
Infinite Crisis,10,Adventures of Superman,639,1987,2005,0
Infinite Crisis,11,Villains United,2,2005,2005,0
Infinite Crisis,12,JLA,115,1997,2005,0
Infinite Crisis,13,Rann/Thanagar War,2,2005,2005,0
Infinite Crisis,14,Day of Vengeance,3,2005,2005,0
Infinite Crisis,15,The OMAC Project,3,2005,2005,0
Infinite Crisis,16,Superman,219,1987,2005,0
Infinite Crisis,17,Villains United,3,2005,2005,0
Infinite Crisis,18,Action Comics,829,1938,2005,0
Infinite Crisis,19,JLA,116,1997,2005,0
Infinite Crisis,20,Rann/Thanagar War,3,2005,2005,0
Infinite Crisis,21,Day of Vengeance,4,2005,2005,0
Infinite Crisis,22,The OMAC Project,4,2005,2005,0
Infinite Crisis,23,Wonder Woman,219,1987,2005,0
Infinite Crisis,24,JLA,117,1997,2005,0
Infinite Crisis,25,Rann/Thanagar War,4,2005,2005,0
Infinite Crisis,26,Villains United,4,2005,2005,0
Infinite Crisis,27,Day of Vengeance,5,2005,2005,0
Infinite Crisis,28,The OMAC Project,5,2005,2005,0
Infinite Crisis,29,Adventures of Superman,642,1987,2005,0
Infinite Crisis,30,Villains United,5,2005,2005,0
Infinite Crisis,31,JLA,118,1997,2005,0
Infinite Crisis,32,Rann/Thanagar War,5,2005,2005,0
Infinite Crisis,33,Day of Vengeance,6,2005,2005,0
Infinite Crisis,34,JLA,119,1997,2005,0
Infinite Crisis,35,The OMAC Project,6,2005,2005,0
Infinite Crisis,36,Rann/Thanagar War,6,2005,2005,0
Infinite Crisis,37,Villains United,6,2005,2005,0
Infinite Crisis,38,Infinite Crisis,1,2005,2005,0
Infinite Crisis,39,Gotham Central,37,2003,2006,0
Infinite Crisis,40,JLA,124,1997,2006,0
Infinite Crisis,41,JLA,125,1997,2006,0
Infinite Crisis,42,Outsiders,29,2003,2005,0
Infinite Crisis,43,Outsiders,30,2003,2006,0
Infinite Crisis,44,Teen Titans,29,2003,2005,1
Infinite Crisis,45,Wonder Woman,222,1987,2005,0
Infinite Crisis,46,Superman,223,1987,2006,0
Infinite Crisis,47,Firestorm,19,2004,2006,0
Infinite Crisis,48,Teen Titans,30,2003,2006,1
Infinite Crisis,49,Teen Titans,31,2003,2006,1
Infinite Crisis,50,Green Lantern,7,2005,2006,0
Infinite Crisis,51,Green Lantern,8,2005,2006,0
Infinite Crisis,52,Birds of Prey,86,1999,2005,0
Infinite Crisis,53,Birds of Prey,87,1999,2005,0
Infinite Crisis,54,Birds of Prey,88,1999,2006,0
Infinite Crisis,55,Birds of Prey,89,1999,2006,0
Infinite Crisis,56,Birds of Prey,90,1999,2006,0
Infinite Crisis,57,Aquaman,32,2003,2005,0
Infinite Crisis,58,Aquaman,33,2003,2005,0
Infinite Crisis,59,Aquaman,34,2003,2005,0
Infinite Crisis,60,Aquaman,35,2003,2005,0
Infinite Crisis,61,Aquaman,36,2003,2006,0
Infinite Crisis,62,Gotham Central,38,2003,2006,0
Infinite Crisis,63,Gotham Central,39,2003,2006,0
Infinite Crisis,64,Gotham Central,40,2003,2006,0
Infinite Crisis,65,Superman,224,1987,2006,0
Infinite Crisis,66,Wonder Woman,223,1987,2006,0
Infinite Crisis,67,JSA: Classified,4,2005,2005,0
Infinite Crisis,68,Infinite Crisis,2,2005,2006,0
Infinite Crisis,69,Firestorm,20,2004,2006,0
Infinite Crisis,70,Outsiders,31,2003,2006,0
Infinite Crisis,71,Outsiders,32,2003,2006,0
Infinite Crisis,72,Outsiders,33,2003,2006,0
Infinite Crisis,73,Hawkman,47,2002,2006,0
Infinite Crisis,74,Hawkman,48,2002,2006,0
Infinite Crisis,75,Hawkman,49,2002,2006,0
Infinite Crisis,76,Superman,225,1987,2006,0
Infinite Crisis,77,JSA,81,1999,2006,0
Infinite Crisis,78,Aquaman,37,2003,2006,0
Infinite Crisis,79,Wonder Woman,224,1987,2006,0
Infinite Crisis,80,Infinite Crisis,3,2005,2006,0
Infinite Crisis,81,JSA,82,1999,2006,0
Infinite Crisis,82,Aquaman,38,2003,2006,0
Infinite Crisis,83,Aquaman,39,2003,2006,0
Infinite Crisis,84,Robin,143,1993,2005,0
Infinite Crisis,85,Robin,144,1993,2006,0
Infinite Crisis,86,Robin,145,1993,2006,0
Infinite Crisis,87,Day of Vengeance: Infinite Crisis Special,1,2006,2006,0
Infinite Crisis,88,JSA: Classified,8,2005,2006,0
Infinite Crisis,89,JSA: Classified,9,2005,2006,0
Infinite Crisis,90,Batman,648,1940,2006,0
Infinite Crisis,91,Batman,649,1940,2006,0
Infinite Crisis,92,Batman,650,1940,2006,0
Infinite Crisis,93,Infinite Crisis,4,2005,2006,0
Infinite Crisis,94,Nightwing,116,1996,2006,1
Infinite Crisis,95,Teen Titans,32,2003,2006,0
Infinite Crisis,96,Wonder Woman,225,1987,2006,0
Infinite Crisis,97,Robin,146,1993,2006,0
Infinite Crisis,98,Robin,147,1993,2006,0
Infinite Crisis,99,Firestorm,21,2004,2006,0
Infinite Crisis,100,Firestorm,22,2004,2006,0
Infinite Crisis,101,Rann/Thanagar War: Infinite Crisis Special,1,2006,2006,0
Infinite Crisis,102,Manhunter,16,2004,2006,0
Infinite Crisis,103,Manhunter,17,2004,2006,0
Infinite Crisis,104,Manhunter,18,2004,2006,0
Infinite Crisis,105,Manhunter,19,2004,2006,0
Infinite Crisis,106,Catwoman,52,2002,2006,0
Infinite Crisis,107,Birds of Prey,91,1999,2006,0
Infinite Crisis,108,Wonder Woman,226,1987,2006,0
Infinite Crisis,109,Nightwing,117,1996,2006,1
Infinite Crisis,110,Infinite Crisis,5,2005,2006,0
Infinite Crisis,111,Superman,226,1987,2006,0
Infinite Crisis,112,Action Comics,836,1938,2006,0
Infinite Crisis,113,Teen Titans,33,2003,2006,1
Infinite Crisis,114,Infinite Crisis Secret Files 2006,1,2006,2006,0
Infinite Crisis,115,Infinite Crisis,6,2005,2006,0
Infinite Crisis,116,The OMAC Project: Infinite Crisis Special,1,2006,2006,0
Infinite Crisis,117,Villains United: Infinite Crisis Special,1,2006,2006,0
Infinite Crisis,118,Infinite Crisis,7,2005,2006,0
Infinite Crisis,119,Green Arrow,54,2001,2005,0
Infinite Crisis,120,Green Arrow,55,2001,2005,0
Infinite Crisis,121,Green Arrow,56,2001,2006,0
Infinite Crisis,122,Green Arrow,57,2001,2006,0
Infinite Crisis,123,Green Arrow,58,2001,2006,0
Infinite Crisis,124,Green Arrow,59,2001,2006,0
Infinite Frontier,1,Infinite Frontier,0,2021,2021,0
Infinite Frontier,2,Infinite Frontier,1,2021,2021,0
Infinite Frontier,3,Infinite Frontier: Secret Files,1,2021,2021,0
Infinite Frontier,4,Infinite Frontier,2,2021,2021,0
Infinite Frontier,5,Infinite Frontier,3,2021,2021,0
Infinite Frontier,6,Infinite Frontier,4,2021,2021,0
Infinite Frontier,7,Infinite Frontier,5,2021,2021,0
Infinite Frontier,8,Infinite Frontier,6,2021,2021,0
Infinity Countdown,1,Infinity Countdown: Adam Warlock,1,2018,2018,0
Infinity Countdown,2,Infinity Countdown Prime,1,2018,2018,0
Infinity Countdown,3,Infinity Countdown,1,2018,2018,1
Infinity Countdown,4,Infinity Countdown,2,2018,2018,1
Infinity Countdown,5,Infinity Countdown,3,2018,2018,1
Infinity Countdown,6,Infinity Countdown: Captain Marvel,1,2018,2018,0
Infinity Countdown,7,Infinity Countdown: Daredevil,1,2018,2018,0
Infinity Countdown,8,Infinity Countdown: Darkhawk,1,2018,2018,0
Infinity Countdown,9,Infinity Countdown: Darkhawk,2,2018,2018,0
Infinity Countdown,10,Infinity Countdown: Darkhawk,3,2018,2018,0
Infinity Countdown,11,Infinity Countdown: Darkhawk,4,2018,2018,0
Infinity Countdown,12,Infinity Countdown: Black Widow,1,2018,2018,0
Infinity Countdown,13,Infinity Countdown: Champions,1,2018,2018,0
Infinity Countdown,14,Infinity Countdown: Champions,2,2018,2018,0
Infinity Countdown,15,Infinity Countdown,4,2018,2018,1
Infinity Countdown,16,Infinity Countdown,5,2018,2018,1
Infinity Wars,1,Guardians of the Galaxy,150,2017,2018,0
Infinity Wars,2,Infinity Countdown: Adam Warlock,1,2018,2018,0
Infinity Wars,3,Infinity Countdown Prime,1,2018,2018,0
Infinity Wars,4,Infinity Countdown,1,2018,2018,1
Infinity Wars,5,Infinity Countdown,2,2018,2018,1
Infinity Wars,6,Infinity Countdown,3,2018,2018,1
Infinity Wars,7,Infinity Countdown: Daredevil,1,2018,2018,0
Infinity Wars,8,Infinity Countdown: Captain Marvel,1,2018,2018,0
Infinity Wars,9,Infinity Countdown,4,2018,2018,1
Infinity Wars,10,Infinity Countdown: Black Widow,1,2018,2018,0
Infinity Wars,11,Infinity Countdown: Darkhawk,1,2018,2018,0
Infinity Wars,12,Infinity Countdown: Darkhawk,2,2018,2018,0
Infinity Wars,13,Infinity Countdown: Darkhawk,3,2018,2018,0
Infinity Wars,14,Infinity Countdown: Darkhawk,4,2018,2018,0
Infinity Wars,15,Infinity Countdown: Champions,1,2018,2018,0
Infinity Wars,16,Infinity Countdown: Champions,2,2018,2018,0
Infinity Wars,17,Infinity Countdown,5,2018,2018,1
Infinity Wars,18,Thanos Legacy,1,2018,2018,0
Infinity Wars,19,Infinity Wars Prime,1,2018,2018,0
Infinity Wars,20,Infinity Wars,1,2018,2018,0
Infinity Wars,21,Infinity Wars,2,2018,2018,0
Infinity Wars,22,Asgardians of the Galaxy,1,2018,2018,1
Infinity Wars,23,Infinity Wars,3,2018,2018,0
Infinity Wars,24,Asgardians of the Galaxy,2,2018,2018,1
Infinity Wars,25,Infinity Wars,4,2018,2018,0
Infinity Wars,26,Infinity Wars: Sleepwalker,1,2018,2018,0
Infinity Wars,27,Infinity Wars: Sleepwalker,2,2018,2018,0
Infinity Wars,28,Asgardians of the Galaxy,3,2018,2019,1
Infinity Wars,29,Infinity Wars,5,2018,2019,0
Infinity Wars,30,Infinity Wars: Sleepwalker,3,2018,2019,0
Infinity Wars,31,Infinity Wars: Sleepwalker,4,2018,2019,0
Infinity Wars,32,Asgardians of the Galaxy,4,2018,2019,1
Infinity Wars,33,Infinity Wars,6,2018,2019,0
Infinity Wars,34,Infinity Wars: Fallen Guardian,1,2018,2019,0
Infinity Wars,35,Infinity Wars: Infinity,1,2019,2019,0
Infinity Wars,36,Infinity Wars: Soldier Supreme,1,2018,2018,0
Infinity Wars,37,Infinity Wars: Soldier Supreme,2,2018,2018,0
Infinity Wars,38,Infinity Wars: Iron Hammer,1,2018,2018,0
Infinity Wars,39,Infinity Wars: Iron Hammer,2,2018,2018,0
Infinity Wars,40,Infinity Wars: Arachknight,1,2018,2018,0
Infinity Wars,41,Infinity Wars: Arachknight,2,2018,2019,0
Infinity Wars,42,Infinity Wars: Weapon Hex,1,2018,2018,0
Infinity Wars,43,Infinity Wars: Weapon Hex,2,2018,2019,0
Infinity Wars,44,Infinity Wars: Ghost Panther,1,2018,2019,0
Infinity Wars,45,Infinity Wars: Ghost Panther,2,2018,2019,0
Infinity Wars,46,Infinity Wars: Infinity Warps,1,2018,2019,0
Infinity Wars,47,Infinity Wars: Infinity Warps,2,2018,2019,0
Infinity Watch,1,Thanos Annual,1,2024,2024,0
Infinity Watch,2,The Amazing Spider-Man Annual,1,2024,2024,0
Infinity Watch,3,Immortal Thor Annual,1,2024,2024,0
Infinity Watch,4,Ms. Marvel Annual,1,2024,2024,0
Infinity Watch,5,Wolverine Annual,1,2024,2024,0
Infinity Watch,6,The Incredible Hulk Annual,1,2024,2024,0
Infinity Watch,7,Moon Knight Annual,1,2024,2024,1
Infinity Watch,8,Spider-Boy Annual,1,2024,2024,0
Infinity Watch,9,Avengers Annual,1,2024,2024,1
Infinity,1,Avengers,14,2012,2013,1
Infinity,2,New Avengers,7,2013,2013,1
Infinity,3,Avengers,15,2012,2013,1
Infinity,4,Avengers,16,2012,2013,1
Infinity,5,Avengers,17,2012,2013,0
Infinity,6,Infinity,1,2013,2013,0
Infinity,7,Infinity: Against the Tide,1,2013,2013,0
Infinity,8,Infinity: Against the Tide,2,2013,2013,0
Infinity,9,Thunderbolts,14,2013,2013,0
Infinity,10,Nova,8,2013,2013,0
Infinity,11,Nova,9,2013,2013,0
Infinity,12,Infinity: The Hunt,1,2013,2013,0
Infinity,13,Infinity: The Hunt,2,2013,2013,0
Infinity,14,New Avengers,8,2013,2013,1
Infinity,15,New Avengers,9,2013,2013,1
Infinity,16,Thunderbolts,15,2013,2013,0
Infinity,17,Thunderbolts,16,2013,2013,0
Infinity,18,Mighty Avengers,1,2013,2013,0
Infinity,19,Mighty Avengers,2,2013,2013,0
Infinity,20,Mighty Avengers,3,2013,2014,0
Infinity,21,Avengers,18,2012,2013,1
Infinity,22,Thunderbolts,13,2013,2013,0
Infinity,23,Avengers Assemble,18,2012,2013,0
Infinity,24,Captain Marvel,15,2012,2013,1
Infinity,25,Infinity,2,2013,2013,0
Infinity,26,New Avengers,10,2013,2013,1
Infinity,27,Avengers,19,2012,2013,1
Infinity,28,Infinity,3,2013,2013,0
Infinity,29,Infinity: Heist,1,2013,2013,0
Infinity,30,Infinity: The Hunt,3,2013,2013,0
Infinity,31,Captain Marvel,16,2012,2013,1
Infinity,32,Avengers Assemble,19,2012,2013,0
Infinity,33,Avengers,20,2012,2013,1
Infinity,34,Infinity,4,2013,2013,0
Infinity,35,Avengers,21,2012,2013,0
Infinity,36,New Avengers,11,2013,2013,0
Infinity,37,Infinity: Heist,2,2013,2013,0
Infinity,38,Superior Spider-Man Team-Up,3,2013,2013,0
Infinity,39,Superior Spider-Man Team-Up,4,2013,2013,0
Infinity,40,Fearless Defenders,10,2013,2013,0
Infinity,41,Infinity,5,2013,2013,0
Infinity,42,Avengers,22,2012,2013,1
Infinity,43,Infinity: Heist,3,2013,2014,0
Infinity,44,Infinity: Heist,4,2013,2014,0
Infinity,45,Secret Avengers,10,2013,2013,0
Infinity,46,Secret Avengers,11,2013,2014,0
Infinity,47,Avengers Assemble,20,2012,2013,0
Infinity,48,Thunderbolts,17,2013,2013,0
Infinity,49,Thunderbolts,18,2013,2014,0
Infinity,50,Infinity: The Hunt,4,2013,2014,0
Infinity,51,Avengers,23,2012,2014,0
Infinity,52,Guardians of the Galaxy,8,2013,2013,1
Infinity,53,Guardians of the Galaxy,9,2013,2014,1
Infinity,54,Infinity,6,2013,2014,0
Infinity,55,New Avengers,12,2013,2014,0
Infinity,56,Wolverine & the X-Men Annual,1,2013,2014,0
Inhumanity,1,Inhumanity,1,2013,2014,0
Inhumanity,2,Inhumanity: The Awakening,1,2013,2014,0
Inhumanity,3,Inhumanity: The Awakening,2,2013,2014,0
Inhumanity,4,Uncanny X-Men,15,2013,2014,1
Inhumanity,5,Inhumanity,2,2013,2014,0
Inhumanity,6,Avengers Assemble,21,2012,2014,0
Inhumanity,7,Avengers Assemble,22,2012,2014,0
Inhumanity,8,Avengers A.I.,7,2013,2014,0
Inhumanity,9,Inhumanity: Superior Spider-Man,1,2014,2014,0
Inhumanity,10,Avengers Assemble,23,2012,2014,0
Inhumanity,11,Mighty Avengers,4,2013,2014,0
Inhumanity,12,Mighty Avengers,5,2013,2014,0
Inhumanity,13,Avengers Assemble,24,2012,2014,0
Inhumanity,14,Avengers Assemble,25,2012,2014,0
Inhumanity,15,Iron Man,20,2013,2014,1
Inhumanity,16,Indestructible Hulk,16,2012,2014,0
Inhumanity,17,Indestructible Hulk,17,2012,2014,0
Inhumanity,18,Indestructible Hulk,18,2012,2014,0
Inhumanity,19,Indestructible Hulk,19,2012,2014,0
Inhumanity,20,Indestructible Hulk,20,2012,2014,0
Inhumanity,21,New Avengers,13,2013,2014,0
Inhumans vs. X-Men,1,Death of X,1,2016,2016,0
Inhumans vs. X-Men,2,Death of X,2,2016,2016,0
Inhumans vs. X-Men,3,Death of X,3,2016,2017,0
Inhumans vs. X-Men,4,Death of X,4,2016,2017,0
Inhumans vs. X-Men,5,IvX,0,2016,2017,0
Inhumans vs. X-Men,6,IvX,1,2016,2017,0
Inhumans vs. X-Men,7,Uncanny X-Men,16,2016,2017,1
Inhumans vs. X-Men,8,Extraordinary X-Men,17,2015,2017,0
Inhumans vs. X-Men,9,IvX,2,2016,2017,0
Inhumans vs. X-Men,10,Uncanny X-Men,17,2016,2017,1
Inhumans vs. X-Men,11,Uncanny Inhumans,18,2015,2017,0
Inhumans vs. X-Men,12,Deadpool & The Mercs For Money,7,2016,2017,0
Inhumans vs. X-Men,13,All-New X-Men,17,2015,2017,1
Inhumans vs. X-Men,14,Extraordinary X-Men,18,2015,2017,0
Inhumans vs. X-Men,15,IvX,3,2016,2017,0
Inhumans vs. X-Men,16,Deadpool & The Mercs For Money,8,2016,2017,0
Inhumans vs. X-Men,17,All-New X-Men,18,2015,2017,1
Inhumans vs. X-Men,18,IvX,4,2016,2017,0
Inhumans vs. X-Men,19,Uncanny Inhumans,19,2015,2017,0
Inhumans vs. X-Men,20,Uncanny X-Men,18,2016,2017,1
Inhumans vs. X-Men,21,IvX,5,2016,2017,0
Inhumans vs. X-Men,22,Extraordinary X-Men,19,2015,2017,0
Inhumans vs. X-Men,23,IvX,6,2016,2017,0
Inhumans vs. X-Men,24,Uncanny Inhumans,20,2015,2017,0
Injustice,1,Injustice: Year Zero,1,2020,2020,1
Injustice,2,Injustice: Year Zero,2,2020,2020,1
Injustice,3,Injustice: Year Zero,3,2020,2020,1
Injustice,4,Injustice: Year Zero,4,2020,2020,1
Injustice,5,Injustice: Year Zero,5,2020,2020,1
Injustice,6,Injustice: Year Zero,6,2020,2020,1
Injustice,7,Injustice: Year Zero,7,2020,2020,1
Injustice,8,Injustice: Year Zero,8,2020,2020,1
Injustice,9,Injustice: Year Zero,9,2020,2020,1
Injustice,10,Injustice: Year Zero,10,2020,2020,1
Injustice,11,Injustice: Year Zero,11,2020,2020,1
Injustice,12,Injustice: Year Zero,12,2020,2020,1
Injustice,13,Injustice: Year Zero,13,2020,2020,1
Injustice,14,Injustice: Year Zero,14,2020,2021,0
Injustice,15,Injustice: Gods Among Us,1,2013,2013,0
Injustice,16,Injustice: Gods Among Us,2,2013,2013,0
Injustice,17,Injustice: Gods Among Us,3,2013,2013,0
Injustice,18,Injustice: Gods Among Us,4,2013,2013,0
Injustice,19,Injustice: Gods Among Us,5,2013,2013,0
Injustice,20,Injustice: Gods Among Us,6,2013,2013,0
Injustice,21,Injustice: Gods Among Us,7,2013,2013,0
Injustice,22,Injustice: Gods Among Us,8,2013,2013,0
Injustice,23,Injustice: Gods Among Us,9,2013,2013,0
Injustice,24,Injustice: Gods Among Us,10,2013,2013,0
Injustice,25,Injustice: Gods Among Us,11,2013,2013,0
Injustice,26,Injustice: Gods Among Us,12,2013,2013,0
Injustice,27,Injustice: Gods Among Us,13,2013,2013,0
Injustice,28,Injustice: Gods Among Us,14,2013,2013,0
Injustice,29,Injustice: Gods Among Us,15,2013,2013,0
Injustice,30,Injustice: Gods Among Us,16,2013,2013,0
Injustice,31,Injustice: Gods Among Us,17,2013,2013,0
Injustice,32,Injustice: Gods Among Us,18,2013,2013,0
Injustice,33,Injustice: Gods Among Us,19,2013,2013,0
Injustice,34,Injustice: Gods Among Us,20,2013,2013,0
Injustice,35,Injustice: Gods Among Us,21,2013,2013,0
Injustice,36,Injustice: Gods Among Us,22,2013,2013,0
Injustice,37,Injustice: Gods Among Us,23,2013,2013,0
Injustice,38,Injustice: Gods Among Us,24,2013,2013,0
Injustice,39,Injustice: Gods Among Us,25,2013,2013,0
Injustice,40,Injustice: Gods Among Us Annual,1,2013,2014,0
Injustice,41,Injustice: Gods Among Us,26,2013,2013,0
Injustice,42,Injustice: Gods Among Us,27,2013,2013,0
Injustice,43,Injustice: Gods Among Us,28,2013,2013,0
Injustice,44,Injustice: Gods Among Us,29,2013,2013,0
Injustice,45,Injustice: Gods Among Us,30,2013,2013,0
Injustice,46,Injustice: Gods Among Us,31,2013,2013,0
Injustice,47,Injustice: Gods Among Us,32,2013,2013,0
Injustice,48,Injustice: Gods Among Us,33,2013,2013,0
Injustice,49,Injustice: Gods Among Us,34,2013,2013,0
Injustice,50,Injustice: Gods Among Us,35,2013,2013,0
Injustice,51,Injustice: Gods Among Us,36,2013,2013,0
Injustice,52,Injustice: Gods Among Us Year Two,1,2014,2014,0
Injustice,53,Injustice: Gods Among Us Year Two,2,2014,2014,0
Injustice,54,Injustice: Gods Among Us Year Two,3,2014,2014,0
Injustice,55,Injustice: Gods Among Us Year Two,4,2014,2014,0
Injustice,56,Injustice: Gods Among Us Year Two,5,2014,2014,0
Injustice,57,Injustice: Gods Among Us Year Two,6,2014,2014,0
Injustice,58,Injustice: Gods Among Us Year Two,7,2014,2014,0
Injustice,59,Injustice: Gods Among Us Year Two Annual,1,2014,2014,0
Injustice,60,Injustice: Gods Among Us Year Two,8,2014,2014,0
Injustice,61,Injustice: Gods Among Us Year Two,9,2014,2014,0
Injustice,62,Injustice: Gods Among Us Year Two,10,2014,2014,0
Injustice,63,Injustice: Gods Among Us Year Two,11,2014,2014,0
Injustice,64,Injustice: Gods Among Us Year Two,12,2014,2014,0
Injustice,65,Injustice: Gods Among Us Year Two,13,2014,2014,0
Injustice,66,Injustice: Gods Among Us Year Two,14,2014,2014,0
Injustice,67,Injustice: Gods Among Us Year Two,15,2014,2014,0
Injustice,68,Injustice: Gods Among Us Year Two,16,2014,2014,0
Injustice,69,Injustice: Gods Among Us Year Two,17,2014,2014,0
Injustice,70,Injustice: Gods Among Us Year Two,18,2014,2014,0
Injustice,71,Injustice: Gods Among Us Year Two,19,2014,2014,0
Injustice,72,Injustice: Gods Among Us Year Two,20,2014,2014,0
Injustice,73,Injustice: Gods Among Us Year Two,21,2014,2014,0
Injustice,74,Injustice: Gods Among Us Year Two,22,2014,2014,0
Injustice,75,Injustice: Gods Among Us Year Two,23,2014,2014,0
Injustice,76,Injustice: Gods Among Us Year Two,24,2014,2014,0
Injustice,77,Injustice: Gods Among Us Year Three Annual,1,2015,2015,0
Injustice,78,Injustice: Gods Among Us Year Three,1,2014,2014,0
Injustice,79,Injustice: Gods Among Us Year Three,2,2014,2014,0
Injustice,80,Injustice: Gods Among Us Year Three,3,2014,2014,0
Injustice,81,Injustice: Gods Among Us Year Three,4,2014,2014,0
Injustice,82,Injustice: Gods Among Us Year Three,5,2014,2014,0
Injustice,83,Injustice: Gods Among Us Year Three,6,2014,2014,0
Injustice,84,Injustice: Gods Among Us Year Three,7,2014,2014,0
Injustice,85,Injustice: Gods Among Us Year Three,8,2014,2014,0
Injustice,86,Injustice: Gods Among Us Year Three,9,2014,2014,0
Injustice,87,Injustice: Gods Among Us Year Three,10,2014,2014,0
Injustice,88,Injustice: Gods Among Us Year Three,11,2014,2014,0
Injustice,89,Injustice: Gods Among Us Year Three,12,2014,2014,0
Injustice,90,Injustice: Gods Among Us Year Three,13,2014,2014,0
Injustice,91,Injustice: Gods Among Us Year Three,14,2014,2014,0
Injustice,92,Injustice: Gods Among Us Year Three,15,2014,2015,0
Injustice,93,Injustice: Gods Among Us Year Three,16,2014,2015,0
Injustice,94,Injustice: Gods Among Us Year Three,17,2014,2015,0
Injustice,95,Injustice: Gods Among Us Year Three,18,2014,2015,0
Injustice,96,Injustice: Gods Among Us Year Three,19,2014,2015,0
Injustice,97,Injustice: Gods Among Us Year Three,20,2014,2015,0
Injustice,98,Injustice: Gods Among Us Year Three,21,2014,2015,0
Injustice,99,Injustice: Gods Among Us Year Three,22,2014,2015,0
Injustice,100,Injustice: Gods Among Us Year Three,23,2014,2015,0
Injustice,101,Injustice: Gods Among Us Year Three,24,2014,2015,0
Injustice,102,Injustice: Gods Among Us Year Four,1,2015,2015,0
Injustice,103,Injustice: Gods Among Us Year Four,2,2015,2015,0
Injustice,104,Injustice: Gods Among Us Year Four,3,2015,2015,0
Injustice,105,Injustice: Gods Among Us Year Four,4,2015,2015,0
Injustice,106,Injustice: Gods Among Us Year Four,5,2015,2015,0
Injustice,107,Injustice: Gods Among Us Year Four,6,2015,2015,0
Injustice,108,Injustice: Gods Among Us Year Four,7,2015,2015,0
Injustice,109,Injustice: Gods Among Us Year Four,8,2015,2015,0
Injustice,110,Injustice: Gods Among Us Year Four,9,2015,2015,0
Injustice,111,Injustice: Gods Among Us Year Four,10,2015,2015,0
Injustice,112,Injustice: Gods Among Us Year Four,11,2015,2015,0
Injustice,113,Injustice: Gods Among Us Year Four,12,2015,2015,0
Injustice,114,Injustice: Gods Among Us Year Four,13,2015,2015,0
Injustice,115,Injustice: Gods Among Us Year Four,14,2015,2015,0
Injustice,116,Injustice: Gods Among Us Year Four,15,2015,2015,0
Injustice,117,Injustice: Gods Among Us Year Four,16,2015,2015,0
Injustice,118,Injustice: Gods Among Us Year Four,17,2015,2015,0
Injustice,119,Injustice: Gods Among Us Year Four,18,2015,2015,0
Injustice,120,Injustice: Gods Among Us Year Four,19,2015,2015,0
Injustice,121,Injustice: Gods Among Us Year Four,20,2015,2015,0
Injustice,122,Injustice: Gods Among Us Year Four,21,2015,2015,0
Injustice,123,Injustice: Gods Among Us Year Four,22,2015,2015,0
Injustice,124,Injustice: Gods Among Us Year Four,23,2015,2015,0
Injustice,125,Injustice: Gods Among Us Year Four,24,2015,2015,0
Injustice,126,Injustice: Gods Among Us: Year Four Annual,1,2015,2016,0
Injustice,127,Injustice: Gods Among Us Year Five,1,2015,2015,0
Injustice,128,Injustice: Gods Among Us Year Five,2,2015,2015,0
Injustice,129,Injustice: Gods Among Us Year Five,3,2015,2016,0
Injustice,130,Injustice: Gods Among Us Year Five,4,2015,2016,0
Injustice,131,Injustice: Gods Among Us Year Five,5,2015,2016,0
Injustice,132,Injustice: Gods Among Us Year Five,6,2015,2016,0
Injustice,133,Injustice: Gods Among Us Year Five,7,2015,2016,0
Injustice,134,Injustice: Gods Among Us Year Five,8,2015,2016,0
Injustice,135,Injustice: Gods Among Us Year Five,9,2015,2016,0
Injustice,136,Injustice: Gods Among Us Year Five,10,2015,2016,0
Injustice,137,Injustice: Gods Among Us Year Five,11,2015,2016,0
Injustice,138,Injustice: Gods Among Us Year Five,12,2015,2016,0
Injustice,139,Injustice: Gods Among Us Year Five,13,2015,2016,0
Injustice,140,Injustice: Gods Among Us Year Five,14,2015,2016,0
Injustice,141,Injustice: Gods Among Us Year Five,15,2015,2016,0
Injustice,142,Injustice: Gods Among Us Year Five,16,2015,2016,0
Injustice,143,Injustice: Gods Among Us Year Five,17,2015,2016,0
Injustice,144,Injustice: Gods Among Us Year Five,18,2015,2016,0
Injustice,145,Injustice: Gods Among Us Year Five,19,2015,2016,0
Injustice,146,Injustice: Gods Among Us Year Five,20,2015,2016,0
Injustice,147,Injustice: Gods Among Us Year Five,21,2015,2016,0
Injustice,148,Injustice: Gods Among Us Year Five,22,2015,2016,0
Injustice,149,Injustice: Gods Among Us Year Five,23,2015,2016,0
Injustice,150,Injustice: Gods Among Us Year Five,24,2015,2016,0
Injustice,151,Injustice: Gods Among Us Year Five,25,2015,2016,0
Injustice,152,Injustice: Gods Among Us Year Five,26,2015,2016,0
Injustice,153,Injustice: Gods Among Us Year Five,27,2015,2016,0
Injustice,154,Injustice: Gods Among Us Year Five,28,2015,2016,0
Injustice,155,Injustice: Gods Among Us Year Five,29,2015,2016,0
Injustice,156,Injustice: Gods Among Us Year Five,30,2015,2016,0
Injustice,157,Injustice: Gods Among Us Year Five,31,2015,2016,0
Injustice,158,Injustice: Gods Among Us Year Five,32,2015,2016,0
Injustice,159,Injustice: Gods Among Us Year Five,33,2015,2016,0
Injustice,160,Injustice: Gods Among Us Year Five,34,2015,2016,0
Injustice,161,Injustice: Gods Among Us Year Five,35,2015,2016,0
Injustice,162,Injustice: Gods Among Us Year Five,36,2015,2016,0
Injustice,163,Injustice: Gods Among Us Year Five,37,2015,2016,0
Injustice,164,Injustice: Gods Among Us Year Five,38,2015,2016,0
Injustice,165,Injustice: Gods Among Us Year Five,39,2015,2016,0
Injustice,166,Injustice: Gods Among Us Year Five,40,2015,2016,0
Injustice,167,Injustice: Gods Among Us: Year Five Annual,1,2016,2017,0
Injustice,168,Injustice: Ground Zero,1,2016,2016,0
Injustice,169,Injustice: Ground Zero,2,2016,2016,0
Injustice,170,Injustice: Ground Zero,3,2016,2016,0
Injustice,171,Injustice: Ground Zero,4,2016,2016,0
Injustice,172,Injustice: Ground Zero,5,2016,2016,0
Injustice,173,Injustice: Ground Zero,6,2016,2016,0
Injustice,174,Injustice: Ground Zero,7,2016,2016,0
Injustice,175,Injustice: Ground Zero,8,2016,2016,0
Injustice,176,Injustice: Ground Zero,9,2016,2016,0
Injustice,177,Injustice: Ground Zero,10,2016,2016,0
Injustice,178,Injustice: Ground Zero,11,2016,2016,0
Injustice,179,Injustice: Ground Zero,12,2016,2016,0
Injustice,180,Injustice: Ground Zero,13,2016,2016,0
Injustice,181,Injustice: Ground Zero,14,2016,2017,0
Injustice,182,Injustice: Ground Zero,15,2016,2017,0
Injustice,183,Injustice: Ground Zero,16,2016,2017,0
Injustice,184,Injustice: Ground Zero,17,2016,2017,0
Injustice,185,Injustice: Ground Zero,18,2016,2017,0
Injustice,186,Injustice: Ground Zero,19,2016,2017,0
Injustice,187,Injustice: Ground Zero,20,2016,2017,0
Injustice,188,Injustice: Ground Zero,21,2016,2017,0
Injustice,189,Injustice: Ground Zero,22,2016,2017,0
Injustice,190,Injustice: Ground Zero,23,2016,2017,0
Injustice,191,Injustice: Ground Zero,24,2016,2017,0
Injustice,192,Injustice 2 Annual,1,2017,2018,0
Injustice,193,Injustice 2,1,2017,2017,0
Injustice,194,Injustice 2,2,2017,2017,0
Injustice,195,Injustice 2,3,2017,2017,0
Injustice,196,Injustice 2,4,2017,2017,0
Injustice,197,Injustice 2,5,2017,2017,0
Injustice,198,Injustice 2,6,2017,2017,0
Injustice,199,Injustice 2,7,2017,2017,0
Injustice,200,Injustice 2,8,2017,2017,0
Injustice,201,Injustice 2,9,2017,2017,0
Injustice,202,Injustice 2,10,2017,2017,0
Injustice,203,Injustice 2,11,2017,2017,0
Injustice,204,Injustice 2,12,2017,2017,0
Injustice,205,Injustice 2,13,2017,2017,0
Injustice,206,Injustice 2,14,2017,2017,0
Injustice,207,Injustice 2,15,2017,2017,0
Injustice,208,Injustice 2,16,2017,2017,0
Injustice,209,Injustice 2,17,2017,2017,0
Injustice,210,Injustice 2,18,2017,2017,0
Injustice,211,Injustice 2,19,2017,2017,0
Injustice,212,Injustice 2,20,2017,2017,0
Injustice,213,Injustice 2,21,2017,2017,0
Injustice,214,Injustice 2,22,2017,2017,0
Injustice,215,Injustice 2,23,2017,2017,0
Injustice,216,Injustice 2,24,2017,2017,0
Injustice,217,Injustice 2,25,2017,2017,0
Injustice,218,Injustice 2,26,2017,2017,0
Injustice,219,Injustice 2,27,2017,2017,0
Injustice,220,Injustice 2,28,2017,2017,0
Injustice,221,Injustice 2,29,2017,2017,0
Injustice,222,Injustice 2,30,2017,2017,0
Injustice,223,Injustice 2,31,2017,2017,0
Injustice,224,Injustice 2,32,2017,2017,0
Injustice,225,Injustice 2,33,2017,2017,0
Injustice,226,Injustice 2,34,2017,2017,0
Injustice,227,Injustice 2,35,2017,2017,0
Injustice,228,Injustice 2,36,2017,2017,0
Injustice,229,Injustice 2,37,2017,2017,0
Injustice,230,Injustice 2,38,2017,2017,0
Injustice,231,Injustice 2,39,2017,2018,0
Injustice,232,Injustice 2,40,2017,2018,0
Injustice,233,Injustice 2 Annual,2,2017,2019,0
Injustice,234,Injustice 2,41,2017,2018,0
Injustice,235,Injustice 2,42,2017,2018,0
Injustice,236,Injustice 2,43,2017,2018,0
Injustice,237,Injustice 2,44,2017,2018,0
Injustice,238,Injustice 2,45,2017,2018,0
Injustice,239,Injustice 2,46,2017,2018,0
Injustice,240,Injustice 2,47,2017,2018,0
Injustice,241,Injustice 2,48,2017,2018,0
Injustice,242,Injustice 2,49,2017,2018,0
Injustice,243,Injustice 2,50,2017,2018,0
Injustice,244,Injustice 2,51,2017,2018,0
Injustice,245,Injustice 2,52,2017,2018,0
Injustice,246,Injustice 2,53,2017,2018,0
Injustice,247,Injustice 2,54,2017,2018,0
Injustice,248,Injustice 2,55,2017,2018,0
Injustice,249,Injustice 2,56,2017,2018,0
Injustice,250,Injustice 2,57,2017,2018,0
Injustice,251,Injustice 2,58,2017,2018,0
Injustice,252,Injustice 2,59,2017,2018,0
Injustice,253,Injustice 2,60,2017,2018,0
Injustice,254,Injustice 2,61,2017,2018,0
Injustice,255,Injustice 2,62,2017,2018,0
Injustice,256,Injustice 2,63,2017,2018,0
Injustice,257,Injustice 2,64,2017,2018,0
Injustice,258,Injustice 2,65,2017,2018,0
Injustice,259,Injustice 2,66,2017,2018,0
Injustice,260,Injustice 2,67,2017,2018,0
Injustice,261,Injustice 2,68,2017,2018,0
Injustice,262,Injustice 2,69,2017,2018,0
Injustice,263,Injustice 2,70,2017,2018,0
Injustice,264,Injustice 2,71,2017,2018,0
Injustice,265,Injustice 2,72,2017,2018,0
Iron Man 2020,1,Iron Man 2020,1,2020,2020,0
Iron Man 2020,2,Iron Man 2020,2,2020,2020,0
Iron Man 2020,3,2020 Machine Man,1,2020,2020,0
Iron Man 2020,4,2020 Force Works,1,2020,2020,0
Iron Man 2020,5,Iron Man 2020,3,2020,2020,0
Iron Man 2020,6,2020 Machine Man,2,2020,2020,0
Iron Man 2020,7,2020 Force Works,2,2020,2020,0
Iron Man 2020,8,2020 Iron Age,1,2020,2020,0
Iron Man 2020,9,2020 Rescue,1,2020,2020,0
Iron Man 2020,10,2020 Ironheart,1,2020,2020,0
Iron Man 2020,11,Iron Man 2020,4,2020,2020,0
Iron Man 2020,12,2020 Force Works,3,2020,2020,0
Iron Man 2020,13,2020 Rescue,2,2020,2020,0
Iron Man 2020,14,2020 Ironheart,2,2020,2020,0
Iron Man 2020,15,2020 iWolverine,1,2020,2020,0
Iron Man 2020,16,Iron Man 2020,5,2020,2020,0
Iron Man 2020,17,2020 iWolverine,2,2020,2020,0
Iron Man 2020,18,Iron Man 2020,6,2020,2020,0
JLA Avengers,1,JLA/Avengers,1,2003,2003,0
JLA Avengers,2,JLA/Avengers,2,2003,2003,0
JLA Avengers,3,JLA/Avengers,3,2003,2003,0
JLA Avengers,4,JLA/Avengers,4,2003,2003,0
Joker's Last Laugh,1,Joker: Last Laugh,1,2001,2001,0
Joker's Last Laugh,2,Joker: Last Laugh,2,2001,2001,0
Joker's Last Laugh,3,Young Justice,38,1998,2001,0
Joker's Last Laugh,4,Orion,19,2000,2001,0
Joker's Last Laugh,5,Azrael: Agent of the Bat,83,1998,2001,0
Joker's Last Laugh,6,Joker: Last Laugh Secret Files,1,2001,2001,0
Joker's Last Laugh,7,Superman,175,1987,2001,0
Joker's Last Laugh,8,Batman: Gotham Knights,22,2000,2001,0
Joker's Last Laugh,9,Birds of Prey,36,1999,2001,0
Joker's Last Laugh,10,Nightwing,62,1996,2001,1
Joker's Last Laugh,11,Impulse,79,1995,2001,0
Joker's Last Laugh,12,Joker: Last Laugh,3,2001,2001,0
Joker's Last Laugh,13,Batgirl,21,2000,2001,1
Joker's Last Laugh,14,Superboy,93,1994,2001,0
Joker's Last Laugh,15,Detective Comics,763,1937,2001,0
Joker's Last Laugh,16,JSA,29,1999,2001,0
Joker's Last Laugh,17,Harley Quinn,13,2000,2001,1
Joker's Last Laugh,18,The Spectre,10,2001,2001,0
Joker's Last Laugh,19,Adventures of Superman,597,1987,2001,0
Joker's Last Laugh,20,Joker: Last Laugh,4,2001,2001,0
Joker's Last Laugh,21,The Flash,179,1987,2001,0
Joker's Last Laugh,22,Superman: The Man of Steel,119,1991,2001,0
Joker's Last Laugh,23,Supergirl,63,1996,2001,0
Joker's Last Laugh,24,Green Lantern,143,1990,2001,0
Joker's Last Laugh,25,Wonder Woman,175,1987,2001,0
Joker's Last Laugh,26,Joker: Last Laugh,5,2001,2001,0
Joker's Last Laugh,27,Robin,95,1993,2001,0
Joker's Last Laugh,28,JLA,59,1997,2001,0
Joker's Last Laugh,29,Batman,596,1940,2001,0
Joker's Last Laugh,30,Action Comics,784,1938,2001,0
Joker's Last Laugh,31,The Titans,34,1999,2001,0
Joker's Last Laugh,32,Joker: Last Laugh,6,2001,2002,0
Joker War,1,Detective Comics,1022,2016,2020,1
Joker War,2,Detective Comics,1023,2016,2020,1
Joker War,3,Detective Comics,1024,2016,2020,1
Joker War,4,Batgirl,47,2016,2020,1
Joker War,5,Batgirl,48,2016,2020,1
Joker War,6,Batgirl,49,2016,2020,1
Joker War,7,Nightwing,70,2016,2020,1
Joker War,8,Nightwing,71,2016,2020,1
Joker War,9,Nightwing,72,2016,2020,1
Joker War,10,Batman,95,2016,2020,1
Joker War,11,Harley Quinn,75,2016,2020,1
Joker War,12,Red Hood: Outlaw,48,2018,2020,1
Joker War,13,Nightwing,73,2016,2020,1
Joker War,14,Batman,96,2016,2020,1
Joker War,15,Batman,97,2016,2020,1
Joker War,16,Batman,98,2016,2020,1
Joker War,17,Detective Comics,1025,2016,2020,1
Joker War,18,Detective Comics,1026,2016,2020,1
Joker War,19,Nightwing,74,2016,2020,1
Joker War,20,Batman: The Joker War Zone,1,2020,2020,1
Joker War,21,Batman,99,2016,2020,1
Joker War,22,Catwoman,25,2018,2020,1
Joker War,23,Batman,100,2016,2020,1
Joker War,24,Catwoman,26,2018,2020,1
Joker War,25,Batgirl,50,2016,2020,1
Joker War,26,Nightwing,75,2016,2020,1
JSA- Black Reign,1,JSA,56,1999,2004,0
JSA- Black Reign,2,Hawkman,23,2002,2004,1
JSA- Black Reign,3,JSA,57,1999,2004,0
JSA- Black Reign,4,Hawkman,24,2002,2004,1
JSA- Black Reign,5,JSA,58,1999,2004,0
JSA- Black Reign,6,Hawkman,25,2002,2004,1
Justice League: Dream Girls,1,Justice League Intergalactic Special,1,2026,2026,0
Justice League: Dream Girls,2,Justice League: Dream Girls - A DC Pride Event,1,2026,2026,0
Justice League: Dream Girls,3,Justice League: Dream Girls - A DC Pride Event,2,2026,2026,0
Justice League: Dream Girls,4,Justice League: Dream Girls - A DC Pride Event,3,2026,2026,0
Justice League: Dream Girls,5,Justice League: Dream Girls - A DC Pride Event,4,2026,2026,0
Justice League Incarnate,1,Justice League Incarnate,1,2021,2022,0
Justice League Incarnate,2,Justice League Incarnate,2,2021,2022,0
Justice League Incarnate,3,Justice League Incarnate,3,2021,2022,0
Justice League Incarnate,4,Justice League Incarnate,4,2021,2022,0
Justice League Incarnate,5,Justice League Incarnate,5,2021,2022,0
Justice League vs. Suicide Squad,1,Suicide Squad,8,2016,2017,0
Justice League vs. Suicide Squad,2,Justice League,12,2016,2017,1
Justice League vs. Suicide Squad,3,Justice League vs. Suicide Squad,1,2016,2017,1
Justice League vs. Suicide Squad,4,Justice League vs. Suicide Squad,2,2016,2017,1
Justice League vs. Suicide Squad,5,Justice League vs. Suicide Squad,3,2016,2017,1
Justice League vs. Suicide Squad,6,Justice League vs. Suicide Squad,4,2016,2017,1
Justice League vs. Suicide Squad,7,Suicide Squad,9,2016,2017,1
Justice League vs. Suicide Squad,8,Justice League vs. Suicide Squad,5,2016,2017,1
Justice League vs. Suicide Squad,9,Justice League,13,2016,2017,1
Justice League vs. Suicide Squad,10,Justice League vs. Suicide Squad,6,2016,2017,1
Justice League vs. Suicide Squad,11,Suicide Squad,10,2016,2017,1
King in Black,1,Free Comic Book Day 2020 (Spider-Man/Venom),1,2020,2020,0
King in Black,2,Web of Venom: Empyre's End,1,2020,2021,0
King in Black,3,Symbiote Spider-Man: King In Black,1,2020,2021,1
King in Black,4,Symbiote Spider-Man: King In Black,2,2020,2021,1
King in Black,5,Symbiote Spider-Man: King In Black,3,2020,2021,1
King in Black,6,Symbiote Spider-Man: King In Black,4,2020,2021,1
King in Black,7,Symbiote Spider-Man: King In Black,5,2020,2021,1
King in Black,8,King In Black: Namor,1,2020,2021,0
King in Black,9,King In Black: Namor,2,2020,2021,0
King in Black,10,King In Black: Namor,3,2020,2021,1
King in Black,11,King In Black: Namor,4,2020,2021,1
King in Black,12,Atlantis Attacks,5,2020,2021,0
King in Black,13,King In Black: Wiccan and Hulking,1,2021,2021,1
King in Black,14,King In Black,1,2020,2021,0
King in Black,15,The Union,1,2020,2021,0
King in Black,16,The Union,2,2020,2021,1
King in Black,17,Black Cat,1,2019,2019,1
King in Black,18,Spider-Woman,7,2020,2021,0
King in Black,19,Spider-Woman,8,2020,2021,1
King in Black,20,King In Black Handbook,1,2021,2021,1
King in Black,21,Guardians of the Galaxy,10,2019,2019,1
King in Black,22,King In Black: Ghost Rider,1,2021,2021,1
King in Black,23,King In Black: Black Knight,1,2021,2021,1
King in Black,24,King In Black: Black Panther,1,2021,2021,1
King in Black,25,Venom,31,2018,2021,1
King in Black,26,King In Black,2,2020,2021,0
King in Black,27,Venom,32,2018,2021,1
King in Black,28,True Believers: King In Black: Iron Man/Doctor Doom,1,2020,2021,0
King in Black,29,King In Black: Return of the Valkyries,1,2021,2021,1
King in Black,30,King In Black: Planet of the Symbiotes,1,2021,2021,1
King in Black,31,King In Black: Planet of the Symbiotes,2,2021,2021,1
King in Black,32,King In Black: Thunderbolts,1,2021,2021,1
King in Black,33,King In Black: Thunderbolts,2,2021,2021,1
King in Black,34,King In Black: Thunderbolts,3,2021,2021,1
King in Black,35,King in Black: Gwenom vs. Carnage,1,2021,2021,1
King in Black,36,King in Black: Gwenom vs. Carnage,2,2021,2021,1
King in Black,37,King in Black: Gwenom vs. Carnage,3,2021,2021,1
King in Black,38,King In Black: Immortal Hulk,1,2020,2021,0
King in Black,39,S.W.O.R.D.,2,2020,2021,1
King in Black,40,S.W.O.R.D.,3,2020,2021,1
King in Black,41,King In Black,3,2020,2021,0
King in Black,42,Daredevil,26,2019,2021,0
King in Black,43,Daredevil,27,2019,2021,0
King in Black,44,Deadpool,10,2018,2019,1
King in Black,45,King In Black: Marauders,1,2021,2021,1
King in Black,46,Savage Avengers,17,2019,2021,1
King in Black,47,Savage Avengers,18,2019,2021,1
King in Black,48,Savage Avengers,19,2019,2021,1
King in Black,49,Miles Morales: Spider-Man,23,2019,2021,1
King in Black,50,King In Black: Return of the Valkyries,2,2021,2021,1
King in Black,51,King In Black: Return of the Valkyries,3,2021,2021,1
King in Black,52,King In Black: Return of the Valkyries,4,2021,2021,1
King in Black,53,Black Cat,2,2019,2019,1
King in Black,54,Black Cat,3,2019,2019,1
King in Black,55,Venom,33,2018,2021,1
King in Black,56,King In Black,4,2020,2021,0
King in Black,57,Fantastic Four,29,2018,2021,1
King in Black,58,King In Black: Captain America,1,2021,2021,1
King in Black,59,King In Black: Scream,1,2021,2021,1
King in Black,60,King In Black: Spider-Man,1,2021,2021,1
King in Black,61,S.W.O.R.D.,4,2020,2021,1
King in Black,62,Fantastic Four,30,2018,2021,1
King in Black,63,Venom,34,2018,2021,1
King in Black,64,Beta Ray Bill,1,2021,2021,1
King in Black,65,Avengers,45,2018,2021,1
King in Black,66,King In Black,5,2020,2021,0
King in Black,67,King In Black: Namor,5,2020,2021,1
King in Black,68,King In Black: Planet of the Symbiotes,3,2021,2021,1
King in Black,69,Venom,35,2018,2021,1
Kingdom of Zod,1,Supergirl,16,2025,2026,0
Kingdom of Zod,2,Action Comics,1101,1938,2026,1
Kingdom of Zod,3,Superman Unlimited,16,2025,2026,0
Kingdom of Zod,4,Superman,41,2023,2026,0
Kingdom of Zod,5,Supergirl,17,2025,2026,0
Kingdom of Zod,6,Action Comics,1102,1938,2026,0
Kingdom of Zod,7,Superman Unlimited,17,2025,2026,0
Kingdom of Zod,8,Superman,42,2023,2026,1
Kingdom of Zod,9,Superman: Kingdom of Zod Special,1,2026,2026,0
Knight Terrors,1,Dawn of DC Knight Terrors FCBD Special Edition: 2023,1,2023,2023,0
Knight Terrors,2,Knight Terrors: First Blood,1,2023,2023,0
Knight Terrors,3,Knight Terrors: Batman,1,2023,2023,0
Knight Terrors,4,Knight Terrors,1,2023,2023,0
Knight Terrors,5,Knight Terrors,2,2023,2023,0
Knight Terrors,6,Knight Terrors,3,2023,2023,0
Knight Terrors,7,Knight Terrors: Batman,2,2023,2023,0
Knight Terrors,8,Knight Terrors,4,2023,2023,0
Knight Terrors,9,Knight Terrors: Action Comics,1,2023,2023,0
Knight Terrors,10,Knight Terrors: Action Comics,2,2023,2023,0
Knight Terrors,11,Knight Terrors: Angel Breaker,1,2023,2023,0
Knight Terrors,12,Knight Terrors: Angel Breaker,2,2023,2023,0
Knight Terrors,13,Knight Terrors: Black Adam,1,2023,2023,0
Knight Terrors,14,Knight Terrors: Black Adam,2,2023,2023,0
Knight Terrors,15,Knight Terrors: Catwoman,1,2023,2023,0
Knight Terrors,16,Knight Terrors: Catwoman,2,2023,2023,0
Knight Terrors,17,Knight Terrors: Detective Comics,1,2023,2023,0
Knight Terrors,18,Knight Terrors: Detective Comics,2,2023,2023,0
Knight Terrors,19,Knight Terrors: The  Flash,1,2023,2023,0
Knight Terrors,20,Knight Terrors: The  Flash,2,2023,2023,0
Knight Terrors,21,Knight Terrors: Green Lantern,1,2023,2023,0
Knight Terrors,22,Knight Terrors: Green Lantern,2,2023,2023,0
Knight Terrors,23,Knight Terrors: Harley Quinn,1,2023,2023,0
Knight Terrors,24,Knight Terrors: Harley Quinn,2,2023,2023,0
Knight Terrors,25,Knight Terrors: The Joker,1,2023,2023,0
Knight Terrors,26,Knight Terrors: The Joker,2,2023,2023,0
Knight Terrors,27,Knight Terrors: Nightwing,1,2023,2023,0
Knight Terrors,28,Knight Terrors: Nightwing,2,2023,2023,0
Knight Terrors,29,Knight Terrors: Poison Ivy,1,2023,2023,0
Knight Terrors,30,Knight Terrors: Poison Ivy,2,2023,2023,0
Knight Terrors,31,Knight Terrors: Punchline,1,2023,2023,0
Knight Terrors,32,Knight Terrors: Punchline,2,2023,2023,0
Knight Terrors,33,Knight Terrors: Ravager,1,2023,2023,0
Knight Terrors,34,Knight Terrors: Ravager,2,2023,2023,0
Knight Terrors,35,Knight Terrors: Robin,1,2023,2023,0
Knight Terrors,36,Knight Terrors: Robin,2,2023,2023,0
Knight Terrors,37,Knight Terrors: Shazam!,1,2023,2023,0
Knight Terrors,38,Knight Terrors: Shazam!,2,2023,2023,0
Knight Terrors,39,Knight Terrors: Titans,1,2023,2023,0
Knight Terrors,40,Knight Terrors: Titans,2,2023,2023,0
Knight Terrors,41,Knight Terrors: Superman,1,2023,2023,0
Knight Terrors,42,Knight Terrors: Superman,2,2023,2023,0
Knight Terrors,43,Knight Terrors: Wonder Woman,1,2023,2023,0
Knight Terrors,44,Knight Terrors: Wonder Woman,2,2023,2023,0
Knight Terrors,45,Knight Terrors: Zatanna,1,2023,2023,0
Knight Terrors,46,Knight Terrors: Zatanna,2,2023,2023,0
Knight Terrors,47,Knight Terrors: Night's End,1,2023,2023,0
Kraven's Last Hunt,1,Web of Spider-Man,31,1985,1987,0
Kraven's Last Hunt,2,The Amazing Spider-Man,293,1963,1987,0
Kraven's Last Hunt,3,"Peter Parker, the Spectacular Spider-Man",131,1980,1987,0
Kraven's Last Hunt,4,Web of Spider-Man,32,1985,1987,0
Kraven's Last Hunt,5,The Amazing Spider-Man,294,1963,1987,0
Kraven's Last Hunt,6,"Peter Parker, the Spectacular Spider-Man",132,1980,1987,0
Krypton Returns,1,Superman,23.3,2011,2013,0
Krypton Returns,2,Action Comics Annual,2,2012,2013,0
Krypton Returns,3,Superboy,25,2011,2014,0
Krypton Returns,4,Supergirl,25,2011,2014,0
Krypton Returns,5,Superman,25,2011,2014,1
Lazarus Planet,1,Lazarus Planet: Alpha,1,2023,2023,0
Lazarus Planet,2,Lazarus Planet: Assault on Krypton,1,2023,2023,0
Lazarus Planet,3,Monkey Prince,11,2021,2023,0
Lazarus Planet,4,Lazarus Planet: Dark Fate,1,2023,2023,0
Lazarus Planet,5,Lazarus Planet: Legends Reborn,1,2023,2023,0
Lazarus Planet,6,Lazarus Planet: Next Evolution,1,2023,2023,0
Lazarus Planet,7,Lazarus Planet: We Once Were Gods,1,2023,2023,0
Lazarus Planet,8,Lazarus Planet: Omega,1,2023,2023,0
Lazarus Planet,9,Batman vs. Robin,5,2022,2023,0
Lazarus Planet,10,Monkey Prince,12,2021,2023,0
Lazarus Planet,11,Wonder Woman,794,2016,2023,1
Lazarus Planet,12,Wonder Woman,795,2016,2023,1
Lazarus Planet,13,Wonder Woman,796,2016,2023,1
Lazarus Planet,14,Lazarus Planet: Revenge of the Gods,1,2023,2023,0
Lazarus Planet,15,Wonder Woman,797,2016,2023,0
Lazarus Planet,16,Lazarus Planet: Revenge of the Gods,2,2023,2023,0
Lazarus Planet,17,Lazarus Planet: Revenge of the Gods,3,2023,2023,0
Lazarus Planet,18,Wonder Woman,798,2016,2023,1
Lazarus Planet,19,Lazarus Planet: Revenge of the Gods,4,2023,2023,0
Lightning Saga,1,Justice League of America,8,2006,2007,0
Lightning Saga,2,Justice Society of America,5,2007,2007,0
Lightning Saga,3,Justice League of America,9,2006,2007,0
Lightning Saga,4,Justice Society of America,6,2007,2007,0
Lightning Saga,5,Justice League of America,10,2006,2007,0
Lightning Saga,6,Justice Society of America,7,2007,2007,0
Magneto - Dark Seduction,1,Magneto Dark Seduction,1,2000,2000,0
Magneto - Dark Seduction,2,Magneto Dark Seduction,2,2000,2000,0
Magneto - Dark Seduction,3,Magneto Dark Seduction,3,2000,2000,0
Magneto - Dark Seduction,4,Magneto Dark Seduction,4,2000,2000,0
Magneto War,1,X-Men: Magneto War,1,1999,1999,0
Magneto War,2,The Uncanny X-Men,366,1981,1999,0
Magneto War,3,X-Men,86,1991,1999,0
Magneto War,4,The Uncanny X-Men,367,1981,1999,0
Magneto War,5,X-Men,87,1991,1999,0
Magneto War,6,Magneto Rex,1,1999,1999,0
Magneto War,7,Magneto Rex,2,1999,1999,0
Magneto War,8,Magneto Rex,3,1999,1999,0
Marvel 1602,1,1602,1,2003,2003,0
Marvel 1602,2,1602,2,2003,2003,0
Marvel 1602,3,1602,3,2003,2003,0
Marvel 1602,4,1602,4,2003,2004,0
Marvel 1602,5,1602,5,2003,2004,0
Marvel 1602,6,1602,6,2003,2004,0
Marvel 1602,7,1602,7,2003,2004,0
Marvel 1602,8,1602,8,2003,2004,0
Marvel 1602,9,Marvel 1602: New World,1,2005,2005,0
Marvel 1602,10,Marvel 1602: New World,2,2005,2005,0
Marvel 1602,11,Marvel 1602: New World,3,2005,2005,0
Marvel 1602,12,Marvel 1602: New World,4,2005,2005,0
Marvel 1602,13,Marvel 1602: New World,5,2005,2006,0
Marvel 1602,14,Marvel 1602: Fantastick Four,1,2006,2006,0
Marvel 1602,15,Marvel 1602: Fantastick Four,2,2006,2006,0
Marvel 1602,16,Marvel 1602: Fantastick Four,3,2006,2007,0
Marvel 1602,17,Marvel 1602: Fantastick Four,4,2006,2007,0
Marvel 1602,18,Marvel 1602: Fantastick Four,5,2006,2007,0
Marvel 1602,19,Spider-Man 1602,1,2009,2009,0
Marvel 1602,20,Spider-Man 1602,2,2009,2010,0
Marvel 1602,21,Spider-Man 1602,3,2009,2010,0
Marvel 1602,22,Spider-Man 1602,4,2009,2010,0
Marvel 1602,23,Spider-Man 1602,5,2009,2010,0
Marvel Zombies,1,Army of Darkness,12,2006,2006,0
Marvel Zombies,2,Army of Darkness,13,2006,2007,0
Marvel Zombies,3,Marvel Zombies/Army of Darkness,1,2007,2007,0
Marvel Zombies,4,Marvel Zombies/Army of Darkness,2,2007,2007,0
Marvel Zombies,5,Marvel Zombies: Dead Days,1,2007,2007,0
Marvel Zombies,6,Marvel Zombies/Army of Darkness,3,2007,2007,0
Marvel Zombies,7,Marvel Zombies/Army of Darkness,4,2007,2007,0
Marvel Zombies,8,Marvel Zombies/Army of Darkness,5,2007,2007,0
Marvel Zombies,9,Ultimate Fantastic Four,21,2004,2005,0
Marvel Zombies,10,Ultimate Fantastic Four,22,2004,2005,0
Marvel Zombies,11,Ultimate Fantastic Four,23,2004,2005,0
Marvel Zombies,12,Marvel Zombies,1,2005,2006,0
Marvel Zombies,13,Marvel Zombies,2,2005,2006,0
Marvel Zombies,14,Marvel Zombies,3,2005,2006,0
Marvel Zombies,15,Marvel Zombies,4,2005,2006,0
Marvel Zombies,16,Marvel Zombies,5,2005,2006,0
Marvel Zombies,17,Ultimate Fantastic Four,30,2004,2006,0
Marvel Zombies,18,Ultimate Fantastic Four,31,2004,2006,0
Marvel Zombies,19,Ultimate Fantastic Four,32,2004,2006,0
Marvel Zombies,20,Exiles,85,2001,2006,0
Marvel Zombies,21,Exiles,86,2001,2006,0
Marvel Zombies,22,Ultimate Civil War: Spider-Ham,1,2007,2007,0
Marvel Zombies,23,Black Panther,26,2005,2007,0
Marvel Zombies,24,Fantastic Four,544,1998,2007,0
Marvel Zombies,25,Fantastic Four,545,1998,2007,0
Marvel Zombies,26,Fantastic Four,546,1998,2007,0
Marvel Zombies,27,Black Panther,27,2005,2007,0
Marvel Zombies,28,Black Panther,28,2005,2007,0
Marvel Zombies,29,Black Panther,29,2005,2007,0
Marvel Zombies,30,Black Panther,30,2005,2007,0
Marvel Zombies,31,Marvel Zombies 2,1,2007,2007,0
Marvel Zombies,32,Marvel Zombies 2,2,2007,2008,0
Marvel Zombies,33,Marvel Zombies 2,3,2007,2008,0
Marvel Zombies,34,Marvel Zombies 2,4,2007,2008,0
Marvel Zombies,35,Marvel Zombies 2,5,2007,2008,0
Marvel Zombies,36,Marvel Apes,1,2008,2008,0
Marvel Zombies,37,Marvel Apes,2,2008,2008,0
Marvel Zombies,38,Marvel Apes,3,2008,2008,0
Marvel Zombies,39,Marvel Apes,4,2008,2008,0
Marvel Zombies,40,Marvel Apes,0,2008,2008,0
Marvel Zombies,41,Marvel Zombies 3,1,2008,2008,0
Marvel Zombies,42,Marvel Zombies 3,2,2008,2009,0
Marvel Zombies,43,Marvel Zombies 3,3,2008,2009,0
Marvel Zombies,44,Marvel Zombies 3,4,2008,2009,0
Marvel Zombies,45,Marvel Zombies 4,1,2009,2009,0
Marvel Zombies,46,Marvel Zombies 4,2,2009,2009,0
Marvel Zombies,47,Marvel Zombies 4,3,2009,2009,0
Marvel Zombies,48,Marvel Zombies 4,4,2009,2009,0
Marvel Zombies,49,Deadpool: Merc With a Mouth,1,2009,2009,0
Marvel Zombies,50,Deadpool: Merc With a Mouth,2,2009,2009,0
Marvel Zombies,51,Deadpool: Merc With a Mouth,3,2009,2009,0
Marvel Zombies,52,Deadpool: Merc With a Mouth,4,2009,2009,0
Marvel Zombies,53,Deadpool: Merc With a Mouth,5,2009,2010,0
Marvel Zombies,54,Deadpool: Merc With a Mouth,6,2009,2010,0
Marvel Zombies,55,Deadpool: Merc With a Mouth,7,2009,2010,0
Marvel Zombies,56,Deadpool: Merc With a Mouth,8,2009,2010,0
Marvel Zombies,57,Deadpool: Merc With a Mouth,9,2009,2010,0
Marvel Zombies,58,Deadpool: Merc With a Mouth,10,2009,2010,0
Marvel Zombies,59,Deadpool: Merc With a Mouth,11,2009,2010,0
Marvel Zombies,60,Deadpool: Merc With a Mouth,12,2009,2010,0
Marvel Zombies,61,Deadpool: Merc With a Mouth,13,2009,2010,0
Marvel Zombies,62,Marvel Apes: Speedball Special,1,2009,2009,0
Marvel Zombies,63,Marvel Apes: Amazing Spider-Monkey Special,1,2009,2009,0
Marvel Zombies,64,Marvel Apes: Grunt Line,1,2009,2009,0
Marvel Zombies,65,Marvel Apes: Prime Eight,1,2009,2009,0
Marvel Zombies,66,Marvel Apes: Prime Eight,2,2009,2009,0
Marvel Zombies,67,Marvel Apes: Prime Eight,3,2009,2009,0
Marvel Zombies,68,Marvel Zombies: Evil Evolution,1,2010,2010,0
Marvel Zombies,69,Marvel Zombies Return,1,2009,2009,0
Marvel Zombies,70,Marvel Zombies Return,2,2009,2009,0
Marvel Zombies,71,Marvel Zombies Return,3,2009,2009,0
Marvel Zombies,72,Marvel Zombies Return,4,2009,2009,0
Marvel Zombies,73,Marvel Zombies Return,5,2009,2009,0
Marvel Zombies,74,Prelude to Deadpool Corps,1,2010,2010,0
Marvel Zombies,75,Prelude to Deadpool Corps,2,2010,2010,0
Marvel Zombies,76,Prelude to Deadpool Corps,3,2010,2010,0
Marvel Zombies,77,Prelude to Deadpool Corps,4,2010,2010,0
Marvel Zombies,78,Prelude to Deadpool Corps,5,2010,2010,0
Marvel Zombies,79,Deadpool Corps,1,2010,2010,0
Marvel Zombies,80,Deadpool Corps,2,2010,2010,0
Marvel Zombies,81,Deadpool Corps,3,2010,2010,0
Marvel Zombies,82,Deadpool Corps,4,2010,2010,0
Marvel Zombies,83,Deadpool Corps,5,2010,2010,0
Marvel Zombies,84,Deadpool Corps,6,2010,2010,0
Marvel Zombies,85,Deadpool Corps,7,2010,2010,0
Marvel Zombies,86,Deadpool Corps,8,2010,2011,0
Marvel Zombies,87,Deadpool Corps,9,2010,2011,0
Marvel Zombies,88,Deadpool Corps,10,2010,2011,0
Marvel Zombies,89,Deadpool Corps,11,2010,2011,0
Marvel Zombies,90,Deadpool Corps,12,2010,2011,0
Marvel Zombies,91,The Amazing Spider-Man,622,1963,2010,0
Marvel Zombies,92,Marvel Zombies 5,1,2010,2010,0
Marvel Zombies,93,Marvel Zombies 5,2,2010,2010,0
Marvel Zombies,94,Marvel Zombies 5,3,2010,2010,0
Marvel Zombies,95,Marvel Zombies 5,4,2010,2010,0
Marvel Zombies,96,Marvel Zombies 5,5,2010,2010,0
Marvel Zombies,97,Marvel Zombies Supreme,1,2011,2011,0
Marvel Zombies,98,Marvel Zombies Supreme,2,2011,2011,0
Marvel Zombies,99,Marvel Zombies Supreme,3,2011,2011,0
Marvel Zombies,100,Marvel Zombies Supreme,4,2011,2011,0
Marvel Zombies,101,Marvel Zombies Supreme,5,2011,2011,0
Marvel Zombies,102,Zombies Christmas Carol,1,2011,2011,0
Marvel Zombies,103,Zombies Christmas Carol,2,2011,2011,0
Marvel Zombies,104,Zombies Christmas Carol,3,2011,2011,0
Marvel Zombies,105,Zombies Christmas Carol,4,2011,2011,0
Marvel Zombies,106,Zombies Christmas Carol,5,2011,2011,0
Marvel Zombies,107,Marvel Zombies Destroy,1,2012,2012,0
Marvel Zombies,108,Marvel Zombies Destroy,2,2012,2012,0
Marvel Zombies,109,Marvel Zombies Destroy,3,2012,2012,0
Marvel Zombies,110,Marvel Zombies Destroy,4,2012,2012,0
Marvel Zombies,111,Marvel Zombies Destroy,5,2012,2012,0
Marvel Zombies,112,Marvel Zombies Halloween,1,2012,2012,0
Marvel Zombies,113,Age of Ultron vs. Marvel Zombies,1,2015,2015,0
Marvel Zombies,114,Age of Ultron vs. Marvel Zombies,2,2015,2015,0
Marvel Zombies,115,Age of Ultron vs. Marvel Zombies,3,2015,2015,0
Marvel Zombies,116,Age of Ultron vs. Marvel Zombies,4,2015,2015,0
Maximum Carnage,1,Spider-Man Unlimited,1,1993,1993,0
Maximum Carnage,2,Web of Spider-Man,101,1985,1993,0
Maximum Carnage,3,The Amazing Spider-Man,378,1963,1993,0
Maximum Carnage,4,Spider-Man,35,1990,1993,0
Maximum Carnage,5,The Spectacular Spider-Man,201,1976,1993,0
Maximum Carnage,6,Web of Spider-Man,102,1985,1993,0
Maximum Carnage,7,The Amazing Spider-Man,379,1963,1993,0
Maximum Carnage,8,Spider-Man,36,1990,1993,0
Maximum Carnage,9,The Spectacular Spider-Man,202,1976,1993,0
Maximum Carnage,10,Web of Spider-Man,103,1985,1993,0
Maximum Carnage,11,The Amazing Spider-Man,380,1963,1993,0
Maximum Carnage,12,Spider-Man,37,1990,1993,0
Maximum Carnage,13,The Spectacular Spider-Man,203,1976,1993,0
Maximum Carnage,14,Spider-Man Unlimited,2,1993,1993,0
Maximum Security,1,Maximum Security Dangerous Planet,1,2000,2000,0
Maximum Security,2,The Amazing Spider-Man,22,1999,2000,1
Maximum Security,3,The Amazing Spider-Man,23,1999,2000,1
Maximum Security,4,The Amazing Spider-Man,24,1999,2000,1
Maximum Security,5,Iron Man,33,1998,2000,0
Maximum Security,6,Iron Man,34,1998,2000,0
Maximum Security,7,Peter Parker: Spider-Man,23,1999,2000,0
Maximum Security,8,Peter Parker: Spider-Man,24,1999,2000,0
Maximum Security,9,Captain America,36,1998,2000,0
Maximum Security,10,Maximum Security,1,2000,2000,0
Maximum Security,11,Thor,30,1998,2000,1
Maximum Security,12,The Uncanny X-Men,387,1981,2000,0
Maximum Security,13,Black Panther,25,1998,2000,0
Maximum Security,14,Captain Marvel,12,2000,2000,1
Maximum Security,15,Captain Marvel,13,2000,2001,1
Maximum Security,16,Incredible Hulk,21,2000,2000,0
Maximum Security,17,Iron Man,35,1998,2000,0
Maximum Security,18,Bishop: The Last X-Man,15,1999,2000,0
Maximum Security,19,Maximum Security,2,2000,2000,0
Maximum Security,20,Thunderbolts,45,1997,2000,0
Maximum Security,21,Thunderbolts,46,1997,2001,0
Maximum Security,22,Thunderbolts,47,1997,2001,0
Maximum Security,23,Marvel Knights,6,2000,2000,0
Maximum Security,24,Gambit,23,1999,2000,0
Maximum Security,25,X-Men,107,1991,2000,0
Maximum Security,26,X-Men Unlimited,29,1993,2000,0
Maximum Security,27,Avengers,35,1998,2000,0
Maximum Security,28,Maximum Security,3,2000,2001,0
Messiah War,1,X-Force/Cable: Messiah War,1,2009,2009,0
Messiah War,2,Cable,13,2008,2009,0
Messiah War,3,X-Force,14,2008,2009,0
Messiah War,4,Cable,14,2008,2009,0
Messiah War,5,X-Force,15,2008,2009,0
Messiah War,6,Cable,15,2008,2009,0
Messiah War,7,X-Force,16,2008,2009,1
Minimum Carnage,1,Minimum Carnage: Alpha,1,2012,2012,0
Minimum Carnage,2,Scarlet Spider,10,2012,2012,0
Minimum Carnage,3,Venom,26,2011,2012,1
Minimum Carnage,4,Scarlet Spider,11,2012,2013,0
Minimum Carnage,5,Venom,27,2011,2013,1
Minimum Carnage,6,Minimum Carnage: Omega,1,2013,2013,0
Monsters Unleashed,1,Monsters Unleashed!,1,2017,2017,0
Monsters Unleashed,2,Avengers,1,2016,2017,1
Monsters Unleashed,3,Spider-Man/Deadpool,1,2016,2016,0
Monsters Unleashed,4,Monsters Unleashed!,2,2017,2017,0
Monsters Unleashed,5,All-New X-Men,1,2015,2016,1
Monsters Unleashed,6,Monsters Unleashed!,3,2017,2017,0
Monsters Unleashed,7,Doctor Strange,1,2017,2017,1
Monsters Unleashed,8,Uncanny Inhumans,1,2017,2017,0
Monsters Unleashed,9,Champions,1,2016,2016,0
Monsters Unleashed,10,Monsters Unleashed!,4,2017,2017,0
Monsters Unleashed,11,The Totally Awesome Hulk,1,2015,2016,0
Monsters Unleashed,12,Guardians of the Galaxy,1,2023,2023,1
Monsters Unleashed,13,Monsters Unleashed!,5,2017,2017,0
Multiversity,1,The Multiversity,1,2014,2014,0
Multiversity,2,The Multiversity: The Society of Super-Heroes: The Conquerors of the Counter-World,1,2014,2014,0
Multiversity,3,The Multiversity: The Just,1,2014,2014,0
Multiversity,4,The Multiversity: Pax Americana,1,2014,2015,0
Multiversity,5,The Multiversity: Thunderworld Adventures,1,2014,2015,0
Multiversity,6,The Multiversity: Guidebook,1,2015,2015,0
Multiversity,7,The Multiversity: Mastermen,1,2015,2015,0
Multiversity,8,The Multiversity: Ultra Comics,1,2015,2015,0
Multiversity,9,The Multiversity,2,2014,2015,0
Necrosha,1,X Necrosha: The Gathering,1,2009,2010,0
Necrosha,2,X Necrosha,1,2009,2009,0
Necrosha,3,New Mutants,6,2009,2009,1
Necrosha,4,New Mutants,7,2009,2010,1
Necrosha,5,New Mutants,8,2009,2010,1
Necrosha,6,X-Men: Legacy,231,2008,2010,0
Necrosha,7,X-Men: Legacy,232,2008,2010,0
Necrosha,8,X-Men: Legacy,233,2008,2010,0
Necrosha,9,X-Force,21,2008,2010,1
Necrosha,10,X-Force,22,2008,2010,1
Necrosha,11,X-Force,23,2008,2010,1
Necrosha,12,X-Force,24,2008,2010,1
Necrosha,13,X-Force,25,2008,2010,1
Necrosha,14,Dazzler,1,2010,2010,0
New 52- Futures End,1,The New 52: Futures End,0,2014,2014,0
New 52- Futures End,2,The New 52: Futures End,1,2014,2014,0
New 52- Futures End,3,The New 52: Futures End,2,2014,2014,0
New 52- Futures End,4,The New 52: Futures End,3,2014,2014,0
New 52- Futures End,5,The New 52: Futures End,4,2014,2014,0
New 52- Futures End,6,The New 52: Futures End,5,2014,2014,0
New 52- Futures End,7,The New 52: Futures End,6,2014,2014,0
New 52- Futures End,8,The New 52: Futures End,7,2014,2014,0
New 52- Futures End,9,The New 52: Futures End,8,2014,2014,0
New 52- Futures End,10,The New 52: Futures End,9,2014,2014,0
New 52- Futures End,11,The New 52: Futures End,10,2014,2014,0
New 52- Futures End,12,The New 52: Futures End,11,2014,2014,0
New 52- Futures End,13,The New 52: Futures End,12,2014,2014,0
New 52- Futures End,14,The New 52: Futures End,13,2014,2014,0
New 52- Futures End,15,The New 52: Futures End,14,2014,2014,0
New 52- Futures End,16,The New 52: Futures End,15,2014,2014,0
New 52- Futures End,17,The New 52: Futures End,16,2014,2014,0
New 52- Futures End,18,The New 52: Futures End,17,2014,2014,0
New 52- Futures End,19,Green Arrow: Futures End,1,2014,2014,0
New 52- Futures End,20,The New 52: Futures End,18,2014,2014,0
New 52- Futures End,21,The New 52: Futures End,19,2014,2014,0
New 52- Futures End,22,The New 52: Futures End,20,2014,2014,0
New 52- Futures End,23,Superman: Futures End,1,2014,2014,0
New 52- Futures End,24,The New 52: Futures End,21,2014,2014,0
New 52- Futures End,25,The New 52: Futures End,22,2014,2014,0
New 52- Futures End,26,The New 52: Futures End,23,2014,2014,0
New 52- Futures End,27,The New 52: Futures End,24,2014,2014,0
New 52- Futures End,28,The New 52: Futures End,25,2014,2014,0
New 52- Futures End,29,The New 52: Futures End,26,2014,2014,0
New 52- Futures End,30,The New 52: Futures End,27,2014,2015,0
New 52- Futures End,31,Action Comics: Futures End,1,2014,2014,0
New 52- Futures End,32,Aquaman: Futures End,1,2014,2014,0
New 52- Futures End,33,Aquaman and the Others: Futures End,1,2014,2014,0
New 52- Futures End,34,Batgirl: Futures End,1,2014,2014,0
New 52- Futures End,35,Batman: Futures End,1,2014,2014,0
New 52- Futures End,36,Batman and Robin: Futures End,1,2014,2014,0
New 52- Futures End,37,Batman/Superman: Futures End,1,2014,2014,0
New 52- Futures End,38,Batwing: Futures End,1,2014,2014,0
New 52- Futures End,39,Batwoman: Futures End,1,2014,2014,0
New 52- Futures End,40,Birds of Prey: Futures End,1,2014,2014,0
New 52- Futures End,41,Booster Gold: Futures End,1,2014,2014,0
New 52- Futures End,42,Catwoman: Futures End,1,2014,2014,0
New 52- Futures End,43,Constantine: Futures End,1,2014,2014,0
New 52- Futures End,44,Detective Comics: Futures End,1,2014,2014,0
New 52- Futures End,45,Earth 2: Futures End,1,2014,2014,0
New 52- Futures End,46,Grayson: Futures End,1,2014,2014,0
New 52- Futures End,47,Green Lantern: Futures End,1,2014,2014,0
New 52- Futures End,48,Green Lantern Corps: Futures End,1,2014,2014,0
New 52- Futures End,49,Green Lantern: New Guardians: Futures End,1,2014,2014,0
New 52- Futures End,50,Harley Quinn: Futures End,1,2014,2014,0
New 52- Futures End,51,Infinity Man and the Forever People: Futures End,1,2014,2014,0
New 52- Futures End,52,Justice League Dark: Futures End,1,2014,2014,0
New 52- Futures End,53,Justice League United: Futures End,1,2014,2014,0
New 52- Futures End,54,Justice League: Futures End,1,2014,2014,0
New 52- Futures End,55,New Suicide Squad: Futures End,1,2014,2014,0
New 52- Futures End,56,Red Hood and the Outlaws: Futures End,1,2014,2014,0
New 52- Futures End,57,Red Lanterns: Futures End,1,2014,2014,0
New 52- Futures End,58,Sinestro: Futures End,1,2014,2014,0
New 52- Futures End,59,Star-Spangled War Stories: Futures End,1,2014,2014,0
New 52- Futures End,60,Superboy: Futures End,1,2014,2014,0
New 52- Futures End,61,Supergirl: Futures End,1,2014,2014,0
New 52- Futures End,62,Swamp Thing: Futures End,1,2014,2014,0
New 52- Futures End,63,Teen Titans: Futures End,1,2014,2014,0
New 52- Futures End,64,The Flash: Futures End,1,2014,2014,0
New 52- Futures End,65,Trinity of Sin: Pandora: Futures End,1,2014,2014,0
New 52- Futures End,66,Trinity of Sin: The Phantom Stranger: Futures End,1,2014,2014,0
New 52- Futures End,67,Wonder Woman: Futures End,1,2014,2014,0
New 52- Futures End,68,Superman/Wonder Woman: Futures End,1,2014,2014,0
New 52- Futures End,69,Worlds' Finest: Futures End,1,2014,2014,0
New 52- Futures End,70,The New 52: Futures End,28,2014,2015,0
New 52- Futures End,71,The New 52: Futures End,29,2014,2015,0
New 52- Futures End,72,The New 52: Futures End,30,2014,2015,0
New 52- Futures End,73,The New 52: Futures End,31,2014,2015,0
New 52- Futures End,74,The New 52: Futures End,32,2014,2015,0
New 52- Futures End,75,The New 52: Futures End,33,2014,2015,0
New 52- Futures End,76,The New 52: Futures End,34,2014,2015,0
New 52- Futures End,77,The New 52: Futures End,35,2014,2015,0
New 52- Futures End,78,The New 52: Futures End,36,2014,2015,0
New 52- Futures End,79,The New 52: Futures End,37,2014,2015,0
New 52- Futures End,80,The New 52: Futures End,38,2014,2015,0
New 52- Futures End,81,The New 52: Futures End,39,2014,2015,0
New 52- Futures End,82,The New 52: Futures End,40,2014,2015,0
New 52- Futures End,83,The New 52: Futures End,41,2014,2015,0
New 52- Futures End,84,The New 52: Futures End,42,2014,2015,0
New 52- Futures End,85,The New 52: Futures End,43,2014,2015,0
New 52- Futures End,86,The New 52: Futures End,44,2014,2015,0
New 52- Futures End,87,The New 52: Futures End,45,2014,2015,0
New 52- Futures End,88,The New 52: Futures End,46,2014,2015,0
New 52- Futures End,89,The New 52: Futures End,47,2014,2015,0
New 52- Futures End,90,The New 52: Futures End,48,2014,2015,0
Night of the Monster Men,1,Batman,7,2016,2016,1
Night of the Monster Men,2,Nightwing,5,2016,2016,1
Night of the Monster Men,3,Detective Comics,941,2016,2016,1
Night of the Monster Men,4,Batman,8,2016,2016,1
Night of the Monster Men,5,Nightwing,6,2016,2016,1
Night of the Monster Men,6,Detective Comics,942,2016,2016,1
Night of the Owls,1,Batman,7,2011,2012,1
Night of the Owls,2,Batman,8,2011,2012,1
Night of the Owls,3,Red Hood and the Outlaws,8,2011,2012,1
Night of the Owls,4,Batwing,9,2011,2012,1
Night of the Owls,5,Batman and Robin,9,2011,2012,1
Night of the Owls,6,Batgirl,9,2011,2012,1
Night of the Owls,7,Batman,9,2011,2012,1
Night of the Owls,8,Red Hood and the Outlaws,9,2011,2012,1
Night of the Owls,9,Nightwing,8,2011,2012,1
Night of the Owls,10,Nightwing,9,2011,2012,1
Night of the Owls,11,Detective Comics,9,2011,2012,0
Night of the Owls,12,Batman: The Dark Knight,9,2011,2012,1
Night of the Owls,13,Birds of Prey,9,2011,2012,1
Night of the Owls,14,Batman Annual,1,2012,2012,1
Night of the Owls,15,Catwoman,9,2011,2012,1
One Moment in Time,1,The Amazing Spider-Man,640,1963,2010,0
One Moment in Time,2,The Amazing Spider-Man,638,1963,2010,0
One Moment in Time,3,The Amazing Spider-Man,639,1963,2010,0
One Moment in Time,4,The Amazing Spider-Man,641,1963,2010,0
One More Day,1,The Amazing Spider-Man,544,1963,2007,0
One More Day,2,Friendly Neighborhood Spider-Man,24,2005,2007,0
One More Day,3,The Sensational Spider-Man,41,2006,2007,0
One More Day,4,The Amazing Spider-Man,545,1963,2008,0
One World Under Doom,1,The Amazing Spider-Man,69,2022,2025,1
One World Under Doom,2,The Amazing Spider-Man,70,2022,2025,1
One World Under Doom,3,Storm,5,2024,2025,1
One World Under Doom,4,Doctor Strange of Asgard,1,2025,2025,0
One World Under Doom,5,Doctor Strange of Asgard,2,2025,2025,0
One World Under Doom,6,Doctor Strange of Asgard,3,2025,2025,0
One World Under Doom,7,Doctor Strange of Asgard,4,2025,2025,0
One World Under Doom,8,Doctor Strange of Asgard,5,2025,2025,1
One World Under Doom,9,Fantastic Four,28,2022,2025,1
One World Under Doom,10,One World Under Doom,1,2025,2025,1
One World Under Doom,11,X-Factor,7,2024,2025,1
One World Under Doom,12,Weapon X-Men,1,2025,2025,0
One World Under Doom,13,NYX,9,2024,2025,0
One World Under Doom,14,Red Hulk,1,2025,2025,1
One World Under Doom,15,Fantastic Four,29,2022,2025,1
One World Under Doom,16,Iron Man,6,2024,2025,1
One World Under Doom,17,One World Under Doom,2,2025,2025,1
One World Under Doom,18,Fantastic Four,30,2022,2025,1
One World Under Doom,19,Fantastic Four,31,2022,2025,1
One World Under Doom,20,Fantastic Four,32,2022,2025,1
One World Under Doom,21,Fantastic Four,33,2022,2025,1
One World Under Doom,22,Thunderbolts: Doomstrike,1,2025,2025,0
One World Under Doom,23,Thunderbolts: Doomstrike,2,2025,2025,0
One World Under Doom,24,Thunderbolts: Doomstrike,3,2025,2025,0
One World Under Doom,25,Thunderbolts: Doomstrike,4,2025,2025,0
One World Under Doom,26,Thunderbolts: Doomstrike,5,2025,2025,0
One World Under Doom,27,G.O.D.S.: One World Under Doom,1,2025,2025,1
One World Under Doom,28,Doom Academy,1,2025,2025,0
One World Under Doom,29,Doom Academy,2,2025,2025,0
One World Under Doom,30,Doom Academy,3,2025,2025,0
One World Under Doom,31,Doom Academy,4,2025,2025,0
One World Under Doom,32,Doom Academy,5,2025,2025,0
One World Under Doom,33,Red Hulk,2,2025,2025,1
One World Under Doom,34,Red Hulk,3,2025,2025,1
One World Under Doom,35,Red Hulk,4,2025,2025,1
One World Under Doom,36,Red Hulk,5,2025,2025,1
One World Under Doom,37,Doom's Division,1,2025,2025,0
One World Under Doom,38,Doom's Division,2,2025,2025,0
One World Under Doom,39,Doom's Division,3,2025,2025,0
One World Under Doom,40,Doom's Division,4,2025,2025,0
One World Under Doom,41,Doom's Division,5,2025,2025,1
One World Under Doom,42,Iron Man,7,2024,2025,1
One World Under Doom,43,Avengers Academy: Marvel's Voices Infinity Comic,43,2024,2025,0
One World Under Doom,44,Avengers Academy: Marvel's Voices Infinity Comic,44,2024,2025,0
One World Under Doom,45,Avengers Academy: Marvel's Voices Infinity Comic,45,2024,2025,0
One World Under Doom,46,Superior Avengers,1,2025,2025,1
One World Under Doom,47,One World Under Doom,3,2025,2025,1
One World Under Doom,48,Avengers,25,2023,2025,1
One World Under Doom,49,Avengers,26,2023,2025,1
One World Under Doom,50,Avengers,27,2023,2025,1
One World Under Doom,51,Superior Avengers,2,2025,2025,1
One World Under Doom,52,Red Hulk,6,2025,2025,1
One World Under Doom,53,Red Hulk,7,2025,2025,1
One World Under Doom,54,Red Hulk,8,2025,2025,1
One World Under Doom,55,Fantastic Four,1,2025,2025,1
One World Under Doom,56,Fantastic Four,2,2025,2025,1
One World Under Doom,57,Fantastic Four,3,2025,2025,1
One World Under Doom,58,One World Under Doom,4,2025,2025,1
One World Under Doom,59,One World Under Doom,5,2025,2025,1
One World Under Doom,60,Avengers,28,2023,2025,1
One World Under Doom,61,Iron Man,8,2024,2025,1
One World Under Doom,62,Iron Man,9,2024,2025,1
One World Under Doom,63,Iron Man,10,2024,2025,1
One World Under Doom,64,Runaways,1,2025,2025,0
One World Under Doom,65,Runaways,2,2025,2025,1
One World Under Doom,66,Runaways,3,2025,2025,1
One World Under Doom,67,Runaways,4,2025,2025,1
One World Under Doom,68,Astonishing Avengers Infinity Comic,21,2025,2025,0
One World Under Doom,69,Astonishing Avengers Infinity Comic,22,2025,2025,0
One World Under Doom,70,Astonishing Avengers Infinity Comic,23,2025,2025,0
One World Under Doom,71,Superior Avengers,3,2025,2025,1
One World Under Doom,72,Superior Avengers,4,2025,2025,1
One World Under Doom,73,Superior Avengers,5,2025,2025,1
One World Under Doom,74,Superior Avengers,6,2025,2025,1
One World Under Doom,75,Red Hulk,9,2025,2025,1
One World Under Doom,76,One World Under Doom,6,2025,2025,1
One World Under Doom,77,Runaways,5,2025,2025,1
One World Under Doom,78,Red Hulk,10,2025,2025,1
One World Under Doom,79,One World Under Doom,7,2025,2025,1
One World Under Doom,80,One World Under Doom,8,2025,2025,1
One World Under Doom,81,Doomed 2099,1,2025,2025,0
One World Under Doom,82,One World Under Doom,9,2025,2025,1
One World Under Doom,83,The Will of Doom,1,2026,2025,1
Original Clone Saga,1,The Amazing Spider-Man,139,1963,1974,0
Original Clone Saga,2,The Amazing Spider-Man,140,1963,1975,0
Original Clone Saga,3,The Amazing Spider-Man,141,1963,1975,0
Original Clone Saga,4,The Amazing Spider-Man,142,1963,1975,0
Original Clone Saga,5,The Amazing Spider-Man,143,1963,1975,0
Original Clone Saga,6,The Amazing Spider-Man,144,1963,1975,0
Original Clone Saga,7,The Amazing Spider-Man,145,1963,1975,0
Original Clone Saga,8,The Amazing Spider-Man,146,1963,1975,0
Original Clone Saga,9,The Amazing Spider-Man,147,1963,1975,0
Original Clone Saga,10,The Amazing Spider-Man,148,1963,1975,0
Original Clone Saga,11,The Amazing Spider-Man,149,1963,1975,0
Original Clone Saga,12,The Amazing Spider-Man,150,1963,1975,0
Original Clone Saga,13,The Amazing Spider-Man,151,1963,1975,0
Original Sin,1,Original Sin,0,2014,2014,0
Original Sin,2,Original Sin,1,2014,2014,0
Original Sin,3,Mighty Avengers,10,2013,2014,0
Original Sin,4,Original Sin,2,2014,2014,0
Original Sin,5,Nova,18,2013,2014,0
Original Sin,6,Fantastic Four,6,2014,2014,1
Original Sin,7,Fantastic Four,7,2014,2014,1
Original Sin,8,Fantastic Four,8,2014,2014,1
Original Sin,9,Original Sin: Secret Avengers Infinite Comic,1,2014,2014,0
Original Sin,10,Original Sin: Secret Avengers Infinite Comic,2,2014,2014,0
Original Sin,11,The Amazing Spider-Man,4,2014,2014,1
Original Sin,12,The Amazing Spider-Man,5,2014,2014,1
Original Sin,13,The Amazing Spider-Man,6,2014,2014,1
Original Sin,14,Mighty Avengers,11,2013,2014,0
Original Sin,15,Mighty Avengers,12,2013,2014,0
Original Sin,16,Mighty Avengers,13,2013,2014,0
Original Sin,17,Mighty Avengers,14,2013,2014,0
Original Sin,18,Daredevil,6,2014,2014,1
Original Sin,19,Daredevil,7,2014,2014,0
Original Sin,20,Deadpool,29,2012,2014,0
Original Sin,21,Deadpool,30,2012,2014,0
Original Sin,22,Deadpool,31,2012,2014,0
Original Sin,23,Deadpool,32,2012,2014,0
Original Sin,24,Deadpool,33,2012,2014,0
Original Sin,25,Deadpool,34,2012,2014,0
Original Sin,26,Original Sin,3,2014,2014,0
Original Sin,27,Original Sins,1,2014,2014,0
Original Sin,28,Original Sins,2,2014,2014,0
Original Sin,29,Original Sins,3,2014,2014,0
Original Sin,30,Original Sins,4,2014,2014,0
Original Sin,31,Nova,19,2013,2014,0
Original Sin,32,Nova,20,2013,2014,1
Original Sin,33,Original Sin,4,2014,2014,0
Original Sin,34,Original Sin,5,2014,2014,0
Original Sin,35,Original Sin,6,2014,2014,0
Original Sin,36,Original Sins,5,2014,2014,0
Original Sin,37,Original Sin,7,2014,2014,0
Original Sin,38,Original Sin,8,2014,2014,0
Original Sin,39,Original Sin Annual,1,2014,2014,0
Original Sin,40,All-New Invaders,6,2014,2014,0
Original Sin,41,All-New Invaders,7,2014,2014,0
Original Sin,42,Avengers,29,2012,2014,1
Original Sin,43,Avengers,30,2012,2014,1
Original Sin,44,Avengers,31,2012,2014,1
Original Sin,45,Avengers,32,2012,2014,1
Original Sin,46,Avengers,33,2012,2014,1
Original Sin,47,Avengers,34,2012,2014,0
Original Sin,48,Guardians of the Galaxy,18,2013,2014,1
Original Sin,49,Guardians of the Galaxy,19,2013,2014,0
Original Sin,50,Guardians of the Galaxy,20,2013,2014,0
Original Sin,51,Uncanny X-Men,23,2013,2014,1
Original Sin,52,Uncanny X-Men,24,2013,2014,1
Original Sin,53,Uncanny X-Men,25,2013,2014,1
Original Sin,54,Operation: S.I.N.,1,2015,2015,0
Original Sin,55,Operation: S.I.N.,2,2015,2015,0
Original Sin,56,Operation: S.I.N.,3,2015,2015,0
Original Sin,57,Operation: S.I.N.,4,2015,2015,0
Original Sin,58,Operation: S.I.N.,5,2015,2015,0
Our Worlds at War,1,Superman,171,1987,2001,0
Our Worlds at War,2,Green Lantern: Our Worlds At War,1,2001,2001,0
Our Worlds at War,3,Adventures of Superman,593,1987,2001,0
Our Worlds at War,4,Batman: Our Worlds at War,1,2001,2001,0
Our Worlds at War,5,Superman: The Man of Steel,115,1991,2001,0
Our Worlds at War,6,Young Justice: Our Worlds at War,1,2001,2001,0
Our Worlds at War,7,Superboy,89,1994,2001,0
Our Worlds at War,8,Action Comics,780,1938,2001,0
Our Worlds at War,9,Wonder Woman,171,1987,2001,0
Our Worlds at War,10,Supergirl,59,1996,2001,0
Our Worlds at War,11,Superman: Our Worlds at War Secret Files,1,2001,2001,0
Our Worlds at War,12,Superman,172,1987,2001,0
Our Worlds at War,13,JLA: Our Worlds at War,1,2001,2001,0
Our Worlds at War,14,Young Justice,35,1998,2001,0
Our Worlds at War,15,Adventures of Superman,594,1987,2001,0
Our Worlds at War,16,Nightwing: Our Worlds at War,1,2001,2001,0
Our Worlds at War,17,Superman: The Man of Steel,116,1991,2001,0
Our Worlds at War,18,Superboy,90,1994,2001,0
Our Worlds at War,19,JSA: Our Worlds at War,1,2001,2001,0
Our Worlds at War,20,Action Comics,781,1938,2001,0
Our Worlds at War,21,Batman,593,1940,2001,0
Our Worlds at War,22,Supergirl,60,1996,2001,0
Our Worlds at War,23,Wonder Woman,172,1987,2001,0
Our Worlds at War,24,Wonder Woman: Our Worlds at War,1,2001,2001,0
Our Worlds at War,25,Superman,173,1987,2001,0
Our Worlds at War,26,Young Justice,36,1998,2001,0
Our Worlds at War,27,Adventures of Superman,595,1987,2001,0
Our Worlds at War,28,Flash: Our Worlds at War,1,2001,2001,0
Our Worlds at War,29,Impulse,77,1995,2001,0
Our Worlds at War,30,Superman: The Man of Steel,117,1991,2001,0
Our Worlds at War,31,Harley Quinn: Our Worlds at War,1,2001,2001,0
Our Worlds at War,32,Superboy,91,1994,2001,0
Our Worlds at War,33,Action Comics,782,1938,2001,0
Our Worlds at War,34,Wonder Woman,173,1987,2001,0
Our Worlds at War,35,Supergirl,61,1996,2001,0
Our Worlds at War,36,Batman,594,1940,2001,0
Our Worlds at War,37,World's Finest: Our Worlds at War,1,2001,2001,0
Our Worlds at War,38,Superman/Batman,68,2003,2010,0
Our Worlds at War,39,Superman/Batman,69,2003,2010,0
Our Worlds at War,40,Superman/Batman,70,2003,2010,0
Our Worlds at War,41,Superman/Batman,71,2003,2010,0
Outlawed,1,Miles Morales: Spider-Man,16,2019,2020,1
Outlawed,2,The Magnificent Ms. Marvel,13,2019,2020,0
Outlawed,3,Outlawed,1,2020,2020,0
Outlawed,4,Power Pack,1,2020,2021,0
Outlawed,5,Power Pack,2,2020,2021,0
Outlawed,6,The Magnificent Ms. Marvel,14,2019,2020,0
Outlawed,7,Champions,1,2020,2020,0
Outlawed,8,Miles Morales: Spider-Man,17,2019,2020,1
Outlawed,9,Miles Morales: Spider-Man,18,2019,2020,0
Outlawed,10,Miles Morales: Spider-Man,19,2019,2020,0
Outlawed,11,Miles Morales: Spider-Man,20,2019,2021,0
Outlawed,12,Miles Morales: Spider-Man,21,2019,2021,0
Outlawed,13,The Magnificent Ms. Marvel,15,2019,2020,0
Outlawed,14,The Magnificent Ms. Marvel,16,2019,2021,0
Outlawed,15,The Magnificent Ms. Marvel,17,2019,2021,0
Outlawed,16,Power Pack,3,2020,2021,1
Outlawed,17,Power Pack,4,2020,2021,1
Outlawed,18,Power Pack,5,2020,2021,1
Outlawed,19,Champions,2,2020,2021,0
Outlawed,20,Champions,3,2020,2021,0
Outlawed,21,Champions,4,2020,2021,1
Outlawed,22,Champions,5,2020,2021,1
Outlawed,23,The Magnificent Ms. Marvel,18,2019,2021,1
Outlawed,24,Reptil,1,2021,2021,1
Outlawed,25,Reptil,2,2021,2021,1
Outlawed,26,Reptil,3,2021,2021,1
Outlawed,27,Reptil,4,2021,2021,1
Outlawed,28,Ms. Marvel: Beyond the Limit,1,2021,2022,1
Outlawed,29,Ms. Marvel: Beyond the Limit,2,2021,2022,1
Outlawed,30,Ms. Marvel: Beyond the Limit,3,2021,2022,1
Outlawed,31,Ms. Marvel: Beyond the Limit,4,2021,2022,1
Outlawed,32,Ms. Marvel: Beyond the Limit,5,2021,2022,1
Planet Hulk,1,Fantastic Four,533,1998,2006,0
Planet Hulk,2,Fantastic Four,534,1998,2006,0
Planet Hulk,3,Fantastic Four,535,1998,2006,0
Planet Hulk,4,The New Avengers: Illuminati,1,2006,2006,0
Planet Hulk,5,Incredible Hulk,88,2000,2006,0
Planet Hulk,6,Incredible Hulk,89,2000,2006,0
Planet Hulk,7,Incredible Hulk,90,2000,2006,0
Planet Hulk,8,Incredible Hulk,91,2000,2006,0
Planet Hulk,9,Incredible Hulk,92,2000,2006,0
Planet Hulk,10,Incredible Hulk,93,2000,2006,0
Planet Hulk,11,Incredible Hulk,94,2000,2006,0
Planet Hulk,12,Incredible Hulk,95,2000,2006,0
Planet Hulk,13,Giant-Size Hulk,1,2006,2006,0
Planet Hulk,14,Incredible Hulk,96,2000,2006,0
Planet Hulk,15,Incredible Hulk,97,2000,2006,0
Planet Hulk,16,Incredible Hulk,98,2000,2006,0
Planet Hulk,17,Incredible Hulk,99,2000,2006,0
Planet Hulk,18,Incredible Hulk,100,2000,2007,0
Planet Hulk,19,Incredible Hulk,101,2000,2007,0
Planet Hulk,20,Incredible Hulk,102,2000,2007,0
Planet Hulk,21,Incredible Hulk,103,2000,2007,0
Planet Hulk,22,Incredible Hulk,104,2000,2007,0
Planet Hulk,23,Incredible Hulk,105,2000,2007,0
Queen in Black,1,Knull,1,2026,2026,0
Queen in Black,2,Knull,2,2026,2026,0
Queen in Black,3,Knull,3,2026,2026,0
Queen in Black,4,Knull,4,2026,2026,0
Queen in Black,5,Knull,5,2026,2026,0
Queen in Black,6,Comics Giveaway Day 2026: Amazing Spider-Man/Queen in Black,1,2026,2026,0
Queen in Black,7,Venom,259,2024,2026,1
Queen in Black,8,Queen in Black,1,2026,2026,0
Queen in Black,9,Queen in Black: Venom Unchained,1,2026,2026,0
Queen in Black,10,Queen in Black: Defenders of Light and Dark,1,2026,2026,0
Queen in Black,11,Queen in Black,2,2026,2026,0
Queen in Black,12,Venom,260,2024,2026,1
Queen in Black,13,Queen in Black: Venom Unchained,2,2026,2026,0
Queen in Black,14,Queen in Black: Defenders of Light and Dark,2,2026,2026,0
Queen in Black,15,Queen in Black: Hela,1,2026,2026,0
Queen in Black,16,Queen in Black,3,2026,2026,0
Queen in Black,17,Black Cat,14,2025,2026,0
Queen in Black,18,Venom,261,2024,2026,0
Queen in Black,19,Queen in Black: Venom Unchained,3,2026,2026,0
Queen in Black,20,Queen in Black: Defenders of Light and Dark,3,2026,2026,0
Queen in Black,21,Queen in Black: Thor,1,2026,2026,0
Queen in Black,22,Queen in Black,4,2026,2026,0
Queen in Black,23,Venom,262,2024,2026,0
Queen in Black,24,Queen in Black,5,2026,2026,0
Queen in Black,25,Amazing Venom,1,2026,2026,0
Raid on Graymalkin,1,X-Men,8,2024,2024,1
Raid on Graymalkin,2,Uncanny X-Men,7,2024,2024,1
Raid on Graymalkin,3,X-Men,9,2024,2024,1
Raid on Graymalkin,4,Uncanny X-Men,8,2024,2024,1
Raid on Graymalkin,5,X-Men,10,2024,2025,1
Raid on Graymalkin,6,Uncanny X-Men,9,2024,2025,1
Realm of Kings,1,Realm of Kings,1,2010,2010,0
Realm of Kings,2,Guardians of the Galaxy,20,2008,2010,0
Realm of Kings,3,Guardians of the Galaxy,21,2008,2010,0
Realm of Kings,4,Guardians of the Galaxy,22,2008,2010,0
Realm of Kings,5,Guardians of the Galaxy,23,2008,2010,0
Realm of Kings,6,Guardians of the Galaxy,24,2008,2010,0
Realm of Kings,7,Nova,32,2007,2010,1
Realm of Kings,8,Nova,33,2007,2010,1
Realm of Kings,9,Nova,34,2007,2010,0
Realm of Kings,10,Nova,35,2007,2010,0
Realm of Kings,11,Realm of Kings: Imperial Guard,1,2010,2010,0
Realm of Kings,12,Realm of Kings: Imperial Guard,2,2010,2010,0
Realm of Kings,13,Realm of Kings: Imperial Guard,3,2010,2010,0
Realm of Kings,14,Realm of Kings: Imperial Guard,4,2010,2010,0
Realm of Kings,15,Realm of Kings: Imperial Guard,5,2010,2010,0
Realm of Kings,16,Realm of Kings Inhumans,1,2010,2010,0
Realm of Kings,17,Realm of Kings Inhumans,2,2010,2010,0
Realm of Kings,18,Realm of Kings Inhumans,3,2010,2010,0
Realm of Kings,19,Realm of Kings Inhumans,4,2010,2010,0
Realm of Kings,20,Realm of Kings Inhumans,5,2010,2010,0
Realm of Kings,21,Realm of Kings Son of Hulk,1,2010,2010,0
Realm of Kings,22,Realm of Kings Son of Hulk,2,2010,2010,0
Realm of Kings,23,Realm of Kings Son of Hulk,3,2010,2010,0
Realm of Kings,24,Realm of Kings Son of Hulk,4,2010,2010,0
Red Daughter of Krypton,1,Supergirl,26,2011,2014,1
Red Daughter of Krypton,2,Supergirl,27,2011,2014,1
Red Daughter of Krypton,3,Supergirl,28,2011,2014,1
Red Daughter of Krypton,4,Supergirl,29,2011,2014,1
Red Daughter of Krypton,5,Green Lantern,28,2011,2014,1
Red Daughter of Krypton,6,Red Lanterns,28,2011,2014,0
Red Daughter of Krypton,7,Red Lanterns,29,2011,2014,0
Red Daughter of Krypton,8,Supergirl,30,2011,2014,1
Red Daughter of Krypton,9,Red Lanterns,30,2011,2014,0
Red Daughter of Krypton,10,Supergirl,31,2011,2014,1
Red Daughter of Krypton,11,Red Lanterns,31,2011,2014,0
Red Daughter of Krypton,12,Red Lanterns,32,2011,2014,0
Red Daughter of Krypton,13,Supergirl,32,2011,2014,1
Red Daughter of Krypton,14,Supergirl,33,2011,2014,1
Red Daughter of Krypton,15,Red Lanterns,33,2011,2014,0
Red Daughter of Krypton,16,Red Lanterns Annual,1,2014,2014,0
Red Daughter of Krypton,17,Red Lanterns,34,2011,2014,0
Reign of Doomsday,1,Steel,1,2011,2011,0
Reign of Doomsday,2,The Outsiders,37,2009,2011,0
Reign of Doomsday,3,Justice League of America,55,2006,2011,0
Reign of Doomsday,4,Superman/Batman Annual,5,2006,2011,0
Reign of Doomsday,5,Superboy,6,2010,2011,1
Reign of Doomsday,6,Action Comics,900,1938,2011,0
Reign of Doomsday,7,Action Comics,901,1938,2011,0
Reign of Doomsday,8,Action Comics,902,1938,2011,0
Reign of Doomsday,9,Action Comics,903,1938,2011,0
Reign of Doomsday,10,Action Comics,904,1938,2011,0
Reign of the Superboys,1,Action Comics,1096,1938,2026,1
Reign of the Superboys,2,Supergirl,11,2025,2026,1
Reign of the Superboys,3,Superman Unlimited,11,2025,2026,0
Reign of the Superboys,4,Superman,36,2023,2026,1
Reign of the Superboys,5,Action Comics,1097,1938,2026,1
Reign of the Superboys,6,Supergirl,12,2025,2026,1
Reign of the Superboys,7,Superman Unlimited,12,2025,2026,0
Reign of the Superboys,8,Superman,37,2023,2026,1
Reign of the Superboys,9,Action Comics,1098,1938,2026,1
Reign of the Superboys,10,Supergirl,13,2025,2026,1
Reign of the Superboys,11,Superman Unlimited,13,2025,2026,0
Reign of the Superboys,12,Superman,38,2023,2026,1
Reign of the Superboys,13,Action Comics,1099,1938,2026,1
Reign of the Superboys,14,Supergirl,14,2025,2026,1
Reign of the Superboys,15,Superman Unlimited,14,2025,2026,0
Reign of the Superboys,16,Superman,39,2023,2026,1
Reign of the Superboys,17,Supergirl,15,2025,2026,1
Reign of the Superboys,18,Superman Unlimited,15,2025,2026,0
Reign of the Superboys,19,Superman,40,2023,2026,0
Reign of the Superboys,20,Action Comics,1100,1938,2026,1
Reign of the Superboys,21,Superman 2026 Annual: Year One Thousand,1,2026,2026,0
Revolutionary War,1,Revolutionary War: Alpha,1,2014,2014,0
Revolutionary War,2,Revolutionary War: Dark Angel,1,2014,2014,0
Revolutionary War,3,Revolutionary War: Knights of Pendragon,1,2014,2014,0
Revolutionary War,4,Revolutionary War: Death's Head II,1,2014,2014,0
Revolutionary War,5,Revolutionary War: SuperSoldiers,1,2014,2014,0
Revolutionary War,6,Revolutionary War: Motormouth,1,2014,2014,0
Revolutionary War,7,Revolutionary War: Warheads,1,2014,2014,0
Revolutionary War,8,Revolutionary War: Omega,1,2014,2014,0
Rise of the Third Army,1,Green Lantern Annual,1,2012,2012,1
Rise of the Third Army,2,Green Lantern Corps,0,2011,2012,1
Rise of the Third Army,3,Red Lanterns,0,2011,2012,1
Rise of the Third Army,4,Green Lantern: New Guardians,0,2011,2012,1
Rise of the Third Army,5,Green Lantern,0,2011,2012,0
Rise of the Third Army,6,Green Lantern,13,2011,2012,0
Rise of the Third Army,7,Green Lantern Corps,13,2011,2012,1
Rise of the Third Army,8,Green Lantern: New Guardians,13,2011,2012,1
Rise of the Third Army,9,Red Lanterns,13,2011,2012,1
Rise of the Third Army,10,Green Lantern,14,2011,2013,0
Rise of the Third Army,11,Red Lanterns,14,2011,2013,1
Rise of the Third Army,12,Green Lantern Corps,14,2011,2013,1
Rise of the Third Army,13,Green Lantern: New Guardians,14,2011,2013,1
Rise of the Third Army,14,Green Lantern,15,2011,2013,0
Rise of the Third Army,15,Green Lantern Corps,15,2011,2013,1
Rise of the Third Army,16,Red Lanterns,15,2011,2013,1
Rise of the Third Army,17,Green Lantern: New Guardians,15,2011,2013,1
Rise of the Third Army,18,Green Lantern: New Guardians Annual,1,2013,2013,0
Rise of the Third Army,19,Green Lantern,16,2011,2013,0
Rise of the Third Army,20,Green Lantern Corps,16,2011,2013,0
Rise of the Third Army,21,Green Lantern: New Guardians,16,2011,2013,0
Rise of the Third Army,22,Red Lanterns,16,2011,2013,0
Rise of the Third Army,23,Green Lantern Corps Annual,1,2013,2013,0
Robin Rises,1,Batman and Robin,29,2011,2014,0
Robin Rises,2,Batman and Robin,30,2011,2014,0
Robin Rises,3,Batman and Robin,31,2011,2014,0
Robin Rises,4,Batman and Robin,32,2011,2014,0
Robin Rises,5,Robin Rises: Omega,1,2014,2014,0
Robin Rises,6,Batman and Robin,33,2011,2014,0
Robin Rises,7,Batman and Robin,34,2011,2014,0
Robin Rises,8,Batman and Robin,35,2011,2014,0
Robin Rises,9,Batman and Robin,36,2011,2015,0
Robin Rises,10,Batman and Robin,37,2011,2015,0
Robin Rises,11,Robin Rises: Alpha,1,2014,2015,0
Robin War,1,Robin War,1,2015,2016,0
Robin War,2,Grayson,15,2014,2016,0
Robin War,3,Detective Comics,47,2011,2016,0
Robin War,4,We Are Robin,7,2015,2016,0
Robin War,5,Red Hood/Arsenal,7,2015,2016,0
Robin War,6,Robin: Son of Batman,7,2015,2016,0
Robin War,7,Gotham Academy,13,2014,2016,0
Robin War,8,Teen Titans,15,2014,2016,1
Robin War,9,Robin War,2,2015,2016,0
Rotworld,1,Animal Man,12,2011,2012,1
Rotworld,2,Swamp Thing,12,2011,2012,1
Rotworld,3,Animal Man,13,2011,2012,1
Rotworld,4,Animal Man,14,2011,2013,1
Rotworld,5,Animal Man,15,2011,2013,1
Rotworld,6,Animal Man,16,2011,2013,0
Rotworld,7,Swamp Thing,13,2011,2012,1
Rotworld,8,Swamp Thing Annual,1,2012,2012,0
Rotworld,9,Swamp Thing,14,2011,2013,1
Rotworld,10,Swamp Thing,15,2011,2013,1
Rotworld,11,Swamp Thing,16,2011,2013,0
Rotworld,12,"Frankenstein, Agent of S.H.A.D.E.",13,2011,2012,1
Rotworld,13,"Frankenstein, Agent of S.H.A.D.E.",14,2011,2013,1
Rotworld,14,"Frankenstein, Agent of S.H.A.D.E.",15,2011,2013,1
Rotworld,15,Animal Man,17,2011,2013,0
Rotworld,16,Swamp Thing,17,2011,2013,0
Rotworld,17,Animal Man,18,2011,2013,0
Rotworld,18,Swamp Thing,18,2011,2013,0
Sabretooth War,1,Wolverine,41,2020,2024,1
Sabretooth War,2,Wolverine,42,2020,2024,1
Sabretooth War,3,Wolverine,43,2020,2024,1
Sabretooth War,4,Wolverine,44,2020,2024,1
Sabretooth War,5,Wolverine,45,2020,2024,1
Sabretooth War,6,Wolverine,46,2020,2024,0
Sabretooth War,7,Wolverine,47,2020,2024,1
Sabretooth War,8,Wolverine,48,2020,2024,1
Sabretooth War,9,Wolverine,49,2020,2024,1
Sabretooth War,10,Wolverine,50,2020,2024,1
Secret Empire,1,The Amazing Spider-Man,25,2015,2017,1
Secret Empire,2,Captain America: Sam Wilson,21,2015,2017,1
Secret Empire,3,Captain America: Steve Rogers,15,2016,2017,0
Secret Empire,4,Deadpool,31,2015,2017,0
Secret Empire,5,U.S.Avengers,5,2017,2017,0
Secret Empire,6,Thunderbolts,12,2016,2017,0
Secret Empire,7,Captain America: Steve Rogers,16,2016,2017,0
Secret Empire,8,Secret Empire,0,2017,2017,1
Secret Empire,9,The Mighty Captain Marvel,5,2016,2017,0
Secret Empire,10,U.S.Avengers,6,2017,2017,0
Secret Empire,11,X-Men: Gold,7,2017,2017,1
Secret Empire,12,X-Men: Gold,8,2017,2017,1
Secret Empire,13,Uncanny Avengers,24,2015,2017,0
Secret Empire,14,Uncanny Avengers,25,2015,2017,0
Secret Empire,15,Ultimates 2,7,2016,2017,0
Secret Empire,16,The Amazing Spider-Man,29,2015,2017,1
Secret Empire,17,Free Comic Book Day 2017 (Secret Empire),1,2017,2017,0
Secret Empire,18,U.S.Avengers,7,2017,2017,0
Secret Empire,19,U.S.Avengers,8,2017,2017,0
Secret Empire,20,The Amazing Spider-Man,30,2015,2017,1
Secret Empire,21,The Amazing Spider-Man,31,2015,2017,1
Secret Empire,22,Avengers,9,2016,2017,0
Secret Empire,23,The Mighty Captain Marvel,6,2016,2017,0
Secret Empire,24,The Mighty Captain Marvel,7,2016,2017,0
Secret Empire,25,Secret Empire: Brave New World,1,2017,2017,0
Secret Empire,26,Champions,10,2016,2017,1
Secret Empire,27,Occupy Avengers,8,2016,2017,0
Secret Empire,28,Occupy Avengers,9,2016,2017,0
Secret Empire,29,Secret Empire,1,2017,2017,1
Secret Empire,30,Champions,11,2016,2017,0
Secret Empire,31,U.S.Avengers,9,2017,2017,0
Secret Empire,32,Deadpool,32,2015,2017,0
Secret Empire,33,Deadpool,33,2015,2017,0
Secret Empire,34,Deadpool,34,2015,2017,0
Secret Empire,35,Secret Empire,2,2017,2017,1
Secret Empire,36,Captain America: Sam Wilson,22,2015,2017,1
Secret Empire,37,Captain America: Steve Rogers,17,2016,2017,0
Secret Empire,38,Secret Empire,3,2017,2017,1
Secret Empire,39,Secret Empire: Uprising,1,2017,2017,0
Secret Empire,40,All-New Guardians of the Galaxy Annual,1,2017,2017,0
Secret Empire,41,Avengers,10,2016,2017,0
Secret Empire,42,Doctor Strange,21,2015,2017,0
Secret Empire,43,Doctor Strange,22,2015,2017,0
Secret Empire,44,Doctor Strange,23,2015,2017,0
Secret Empire,45,Doctor Strange,24,2015,2017,0
Secret Empire,46,Captain America: Sam Wilson,23,2015,2017,1
Secret Empire,47,Secret Empire,4,2017,2017,1
Secret Empire,48,Captain America: Steve Rogers,18,2016,2017,0
Secret Empire,49,X-Men: Blue,7,2017,2017,0
Secret Empire,50,X-Men: Blue,8,2017,2017,0
Secret Empire,51,X-Men: Blue,9,2017,2017,0
Secret Empire,52,Secret Empire: United,1,2017,2017,0
Secret Empire,53,Secret Empire: Underground,1,2017,2017,0
Secret Empire,54,Secret Empire,5,2017,2017,1
Secret Empire,55,Secret Empire,6,2017,2017,1
Secret Empire,56,Secret Empire,7,2017,2017,1
Secret Empire,57,Secret Empire: Brave New World,2,2017,2017,0
Secret Empire,58,Secret Empire: Brave New World,3,2017,2017,0
Secret Empire,59,Secret Empire: Brave New World,4,2017,2017,0
Secret Empire,60,Secret Empire: Brave New World,5,2017,2017,0
Secret Empire,61,Secret Warriors,1,2017,2017,1
Secret Empire,62,Secret Warriors,2,2017,2017,1
Secret Empire,63,Secret Warriors,3,2017,2017,1
Secret Empire,64,Secret Warriors,4,2017,2017,1
Secret Empire,65,Captain America: Sam Wilson,24,2015,2017,1
Secret Empire,66,Captain America: Steve Rogers,19,2016,2017,0
Secret Empire,67,Captain America,25,2017,2017,0
Secret Empire,68,Secret Warriors,5,2017,2017,1
Secret Empire,69,Secret Empire,8,2017,2017,0
Secret Empire,70,The Mighty Captain Marvel,8,2016,2017,0
Secret Empire,71,Secret Empire,9,2017,2017,0
Secret Empire,72,Secret Empire,10,2017,2017,1
Secret Empire,73,Deadpool,35,2015,2017,0
Secret Empire,74,Secret Empire Omega,1,2017,2017,0
Secret Empire,75,Uncanny Avengers,26,2015,2017,0
Secret Empire,76,Deadpool,36,2015,2017,0
Secret Empire,77,Secret Warriors,6,2017,2017,0
Secret Invasion,1,New Avengers: Illuminati,1,2007,2007,0
Secret Invasion,2,New Avengers: Illuminati,2,2007,2007,0
Secret Invasion,3,New Avengers: Illuminati,3,2007,2007,0
Secret Invasion,4,New Avengers: Illuminati,4,2007,2007,0
Secret Invasion,5,Secret Invasion Prologue,1,2008,2008,0
Secret Invasion,6,New Avengers,32,2004,2007,0
Secret Invasion,7,New Avengers,33,2004,2007,0
Secret Invasion,8,The Mighty Avengers,7,2007,2008,0
Secret Invasion,9,New Avengers,34,2004,2007,0
Secret Invasion,10,The Mighty Avengers,8,2007,2008,0
Secret Invasion,11,New Avengers,35,2004,2007,0
Secret Invasion,12,New Avengers,36,2004,2008,0
Secret Invasion,13,New Avengers,37,2004,2008,0
Secret Invasion,14,New Avengers Annual,2,2006,2008,0
Secret Invasion,15,New Avengers: Illuminati,5,2007,2008,0
Secret Invasion,16,New Avengers,38,2004,2008,0
Secret Invasion,17,Avengers: The Initiative Annual,1,2008,2008,0
Secret Invasion,18,The Mighty Avengers,9,2007,2008,0
Secret Invasion,19,The Mighty Avengers,10,2007,2008,0
Secret Invasion,20,The Mighty Avengers,11,2007,2008,0
Secret Invasion,21,Captain Marvel,1,2007,2008,1
Secret Invasion,22,Captain Marvel,2,2007,2008,1
Secret Invasion,23,Captain Marvel,3,2007,2008,1
Secret Invasion,24,Captain Marvel,4,2007,2008,1
Secret Invasion,25,Captain Marvel,5,2007,2008,1
Secret Invasion,26,New Avengers,39,2004,2008,0
Secret Invasion,27,Ms. Marvel,25,2006,2008,0
Secret Invasion,28,Ms. Marvel,26,2006,2008,0
Secret Invasion,29,Ms. Marvel,27,2006,2008,0
Secret Invasion,30,Secret Invasion Saga,1,2008,2008,0
Secret Invasion,31,The Mighty Avengers,12,2007,2008,0
Secret Invasion,32,The Mighty Avengers,13,2007,2008,0
Secret Invasion,33,New Avengers,40,2004,2008,0
Secret Invasion,34,Avengers: The Initiative,14,2007,2008,0
Secret Invasion,35,X-Factor,33,2006,2008,0
Secret Invasion,36,She-Hulk,31,2005,2008,0
Secret Invasion,37,X-Factor,34,2006,2008,0
Secret Invasion,38,Guardians of the Galaxy,4,2008,2008,1
Secret Invasion,39,Guardians of the Galaxy,5,2008,2008,1
Secret Invasion,40,Guardians of the Galaxy,6,2008,2008,1
Secret Invasion,41,Incredible Hercules,117,2008,2008,0
Secret Invasion,42,Secret Invasion: Inhumans,1,2008,2008,0
Secret Invasion,43,Secret Invasion: Inhumans,2,2008,2008,0
Secret Invasion,44,Secret Invasion,1,2008,2008,0
Secret Invasion,45,Secret Invasion,2,2008,2008,0
Secret Invasion,46,New Avengers,41,2004,2008,0
Secret Invasion,47,New Avengers,42,2004,2008,0
Secret Invasion,48,New Avengers,43,2004,2008,0
Secret Invasion,49,Thunderbolts,122,2006,2008,0
Secret Invasion,50,Thunderbolts,123,2006,2008,0
Secret Invasion,51,Thunderbolts,124,2006,2008,0
Secret Invasion,52,Secret Invasion: Fantastic Four,1,2008,2008,0
Secret Invasion,53,Secret Invasion: Fantastic Four,2,2008,2008,0
Secret Invasion,54,Secret Invasion: Fantastic Four,3,2008,2008,0
Secret Invasion,55,Nova,16,2007,2008,0
Secret Invasion,56,Nova,17,2007,2008,0
Secret Invasion,57,Nova,18,2007,2008,0
Secret Invasion,58,The Mighty Avengers,14,2007,2008,0
Secret Invasion,59,The Mighty Avengers,15,2007,2008,0
Secret Invasion,60,The Mighty Avengers,16,2007,2008,0
Secret Invasion,61,The Mighty Avengers,17,2007,2008,0
Secret Invasion,62,New Warriors,14,2007,2008,0
Secret Invasion,63,New Warriors,15,2007,2008,0
Secret Invasion,64,Secret Invasion: Front Line,1,2008,2008,0
Secret Invasion,65,Secret Invasion: Front Line,2,2008,2008,0
Secret Invasion,66,Deadpool,1,2008,2008,1
Secret Invasion,67,Secret Invasion: The Amazing Spider-Man,1,2008,2008,0
Secret Invasion,68,Secret Invasion: The Amazing Spider-Man,2,2008,2008,0
Secret Invasion,69,Secret Invasion: The Amazing Spider-Man,3,2008,2008,0
Secret Invasion,70,Secret Invasion: Runaways/Young Avengers,1,2008,2008,0
Secret Invasion,71,Secret Invasion,3,2008,2008,0
Secret Invasion,72,Secret Invasion: Runaways/Young Avengers,2,2008,2008,0
Secret Invasion,73,Secret Invasion: Runaways/Young Avengers,3,2008,2008,0
Secret Invasion,74,Avengers: The Initiative,15,2007,2008,0
Secret Invasion,75,New Avengers,44,2004,2008,0
Secret Invasion,76,New Avengers,45,2004,2008,0
Secret Invasion,77,Incredible Hercules,118,2008,2008,0
Secret Invasion,78,Secret Invasion: Thor,1,2008,2008,0
Secret Invasion,79,Secret Invasion: Thor,2,2008,2008,0
Secret Invasion,80,Secret Invasion: Thor,3,2008,2008,0
Secret Invasion,81,Secret Invasion: Who Do You Trust?,1,2008,2008,0
Secret Invasion,82,New Avengers,46,2004,2008,0
Secret Invasion,83,The Mighty Avengers,18,2007,2008,0
Secret Invasion,84,Secret Invasion,4,2008,2008,0
Secret Invasion,85,Secret Invasion: Front Line,3,2008,2008,0
Secret Invasion,86,Ms. Marvel,28,2006,2008,0
Secret Invasion,87,Ms. Marvel,29,2006,2008,0
Secret Invasion,88,Ms. Marvel,30,2006,2008,0
Secret Invasion,89,Punisher War Journal,24,2007,2008,0
Secret Invasion,90,Punisher War Journal,25,2007,2009,0
Secret Invasion,91,Secret Invasion: X-Men,1,2008,2008,0
Secret Invasion,92,Secret Invasion: X-Men,2,2008,2008,0
Secret Invasion,93,Secret Invasion: X-Men,3,2008,2008,0
Secret Invasion,94,Secret Invasion: X-Men,4,2008,2009,0
Secret Invasion,95,Captain Britain and MI:13,1,2008,2008,0
Secret Invasion,96,Captain Britain and MI:13,2,2008,2008,0
Secret Invasion,97,Captain Britain and MI:13,3,2008,2008,0
Secret Invasion,98,Captain Britain and MI:13,4,2008,2008,0
Secret Invasion,99,Black Panther,39,2005,2008,0
Secret Invasion,100,Black Panther,40,2005,2008,0
Secret Invasion,101,Black Panther,41,2005,2008,0
Secret Invasion,102,Secret Invasion: Inhumans,3,2008,2008,0
Secret Invasion,103,Secret Invasion: Inhumans,4,2008,2009,0
Secret Invasion,104,She-Hulk,32,2005,2008,0
Secret Invasion,105,She-Hulk,33,2005,2008,0
Secret Invasion,106,Avengers: The Initiative,16,2007,2008,0
Secret Invasion,107,Iron Man,33,2004,2008,0
Secret Invasion,108,Iron Man,34,2004,2008,0
Secret Invasion,109,Iron Man,35,2004,2009,0
Secret Invasion,110,Secret Invasion,5,2008,2008,0
Secret Invasion,111,Avengers: The Initiative,17,2007,2008,0
Secret Invasion,112,Deadpool,2,2008,2008,1
Secret Invasion,113,Deadpool,3,2008,2008,1
Secret Invasion,114,Incredible Hercules,119,2008,2008,0
Secret Invasion,115,Incredible Hercules,120,2008,2008,0
Secret Invasion,116,Avengers: The Initiative,18,2007,2008,0
Secret Invasion,117,The Mighty Avengers,19,2007,2008,0
Secret Invasion,118,Secret Invasion,6,2008,2008,0
Secret Invasion,119,Secret Invasion: Front Line,4,2008,2008,0
Secret Invasion,120,Secret Invasion,7,2008,2008,0
Secret Invasion,121,Thunderbolts,125,2006,2008,0
Secret Invasion,122,Secret Invasion,8,2008,2009,0
Secret Invasion,123,New Avengers,47,2004,2009,0
Secret Invasion,124,Avengers: The Initiative,19,2007,2009,0
Secret Invasion,125,Secret Invasion: Front Line,5,2008,2009,0
Secret Invasion,126,The Mighty Avengers,20,2007,2009,0
Secret Wars,1,Black Widow,19,2014,2015,0
Secret Wars,2,Black Widow,20,2014,2015,0
Secret Wars,3,Free Comic Book Day 2015 (Secret Wars),0,2015,2015,0
Secret Wars,4,Secret Wars,1,2015,2015,0
Secret Wars,5,Loki: Agent of Asgard,14,2014,2015,0
Secret Wars,6,Loki: Agent of Asgard,15,2014,2015,0
Secret Wars,7,Captain America & the Mighty Avengers,9,2014,2015,0
Secret Wars,8,Ms. Marvel,16,2014,2015,0
Secret Wars,9,Ms. Marvel,17,2014,2015,0
Secret Wars,10,Ms. Marvel,18,2014,2015,0
Secret Wars,11,Ms. Marvel,19,2014,2015,0
Secret Wars,12,Magneto,18,2014,2015,0
Secret Wars,13,Magneto,19,2014,2015,0
Secret Wars,14,Magneto,20,2014,2015,0
Secret Wars,15,Magneto,21,2014,2015,0
Secret Wars,16,The Punisher,19,2014,2015,0
Secret Wars,17,The Punisher,20,2014,2015,0
Secret Wars,18,Ant-Man: Last Days,1,2015,2015,0
Secret Wars,19,Silk,7,2015,2015,0
Secret Wars,20,Silver Surfer,13,2014,2015,0
Secret Wars,21,Silver Surfer,14,2014,2015,0
Secret Wars,22,Loki: Agent of Asgard,16,2014,2015,0
Secret Wars,23,Loki: Agent of Asgard,17,2014,2015,0
Secret Wars,24,Secret Wars,2,2015,2015,0
Secret Wars,25,Secret Wars: Battleworld,1,2015,2015,0
Secret Wars,26,Secret Wars: Battleworld,2,2015,2015,0
Secret Wars,27,Secret Wars: Battleworld,3,2015,2015,0
Secret Wars,28,Secret Wars: Battleworld,4,2015,2015,0
Secret Wars,29,Secret Wars Journal,1,2015,2015,0
Secret Wars,30,Secret Wars Journal,2,2015,2015,0
Secret Wars,31,Secret Wars Journal,3,2015,2015,0
Secret Wars,32,Secret Wars Journal,4,2015,2015,0
Secret Wars,33,Secret Wars Journal,5,2015,2015,0
Secret Wars,34,Old Man Logan,1,2015,2015,0
Secret Wars,35,Secret Wars,3,2015,2015,0
Secret Wars,36,Master of Kung Fu,1,2015,2015,0
Secret Wars,37,Master of Kung Fu,2,2015,2015,0
Secret Wars,38,Master of Kung Fu,3,2015,2015,0
Secret Wars,39,Master of Kung Fu,4,2015,2015,0
Secret Wars,40,A-Force,1,2015,2015,0
Secret Wars,41,A-Force,2,2015,2015,0
Secret Wars,42,A-Force,3,2015,2015,0
Secret Wars,43,A-Force,4,2015,2015,0
Secret Wars,44,Planet Hulk,1,2015,2015,0
Secret Wars,45,Planet Hulk,2,2015,2015,0
Secret Wars,46,Planet Hulk,3,2015,2015,0
Secret Wars,47,Planet Hulk,4,2015,2015,0
Secret Wars,48,Planet Hulk,5,2015,2015,0
Secret Wars,49,Spider-Verse,1,2015,2015,0
Secret Wars,50,Spider-Verse,2,2015,2015,0
Secret Wars,51,Spider-Verse,3,2015,2015,0
Secret Wars,52,Spider-Verse,4,2015,2015,0
Secret Wars,53,Spider-Verse,5,2015,2015,0
Secret Wars,54,M.O.D.O.K. Assassin,1,2015,2015,0
Secret Wars,55,M.O.D.O.K. Assassin,2,2015,2015,0
Secret Wars,56,M.O.D.O.K. Assassin,3,2015,2015,0
Secret Wars,57,M.O.D.O.K. Assassin,4,2015,2015,0
Secret Wars,58,M.O.D.O.K. Assassin,5,2015,2015,0
Secret Wars,59,The Infinity Gauntlet,1,2015,2015,0
Secret Wars,60,The Infinity Gauntlet,2,2015,2015,0
Secret Wars,61,The Infinity Gauntlet,3,2015,2015,0
Secret Wars,62,The Infinity Gauntlet,4,2015,2015,0
Secret Wars,63,The Infinity Gauntlet,5,2015,2016,0
Secret Wars,64,Inferno,1,2015,2015,1
Secret Wars,65,Inferno,2,2015,2015,1
Secret Wars,66,Inferno,3,2015,2015,1
Secret Wars,67,Inferno,4,2015,2015,1
Secret Wars,68,Inferno,5,2015,2015,0
Secret Wars,69,Secret Wars 2099,1,2015,2015,0
Secret Wars,70,Secret Wars 2099,2,2015,2015,0
Secret Wars,71,Secret Wars 2099,3,2015,2015,0
Secret Wars,72,Secret Wars 2099,4,2015,2015,0
Secret Wars,73,Secret Wars 2099,5,2015,2015,0
Secret Wars,74,Where Monsters Dwell,1,2015,2015,0
Secret Wars,75,Where Monsters Dwell,2,2015,2015,0
Secret Wars,76,Where Monsters Dwell,3,2015,2015,0
Secret Wars,77,Where Monsters Dwell,4,2015,2015,0
Secret Wars,78,Where Monsters Dwell,5,2015,2015,0
Secret Wars,79,X-Men '92,1,2015,2015,0
Secret Wars,80,X-Men '92,2,2015,2015,0
Secret Wars,81,X-Men '92,3,2015,2015,0
Secret Wars,82,X-Men '92,4,2015,2015,0
Secret Wars,83,Years of Future Past,1,2015,2015,0
Secret Wars,84,Years of Future Past,2,2015,2015,0
Secret Wars,85,Years of Future Past,3,2015,2015,0
Secret Wars,86,Years of Future Past,4,2015,2015,0
Secret Wars,87,Years of Future Past,5,2015,2015,0
Secret Wars,88,X-Tinction Agenda,1,2015,2015,0
Secret Wars,89,X-Tinction Agenda,2,2015,2015,0
Secret Wars,90,X-Tinction Agenda,3,2015,2015,0
Secret Wars,91,X-Tinction Agenda,4,2015,2015,0
Secret Wars,92,Giant Size Little Marvel: AvX,1,2015,2015,0
Secret Wars,93,Giant Size Little Marvel: AvX,2,2015,2015,0
Secret Wars,94,Giant Size Little Marvel: AvX,3,2015,2015,0
Secret Wars,95,Giant Size Little Marvel: AvX,4,2015,2015,0
Secret Wars,96,Future Imperfect,1,2015,2015,0
Secret Wars,97,Future Imperfect,2,2015,2015,0
Secret Wars,98,Future Imperfect,3,2015,2015,0
Secret Wars,99,Future Imperfect,4,2015,2015,0
Secret Wars,100,Amazing Spider-Man: Renew Your Vows,1,2015,2015,0
Secret Wars,101,Amazing Spider-Man: Renew Your Vows,2,2015,2015,0
Secret Wars,102,Amazing Spider-Man: Renew Your Vows,3,2015,2015,0
Secret Wars,103,Amazing Spider-Man: Renew Your Vows,4,2015,2015,0
Secret Wars,104,Amazing Spider-Man: Renew Your Vows,5,2015,2015,0
Secret Wars,105,Armor Wars,1,2015,2015,0
Secret Wars,106,Armor Wars,2,2015,2015,0
Secret Wars,107,Armor Wars,3,2015,2015,0
Secret Wars,108,Armor Wars,4,2015,2015,0
Secret Wars,109,Armor Wars,5,2015,2015,0
Secret Wars,110,Marvel Zombies,1,2015,2015,0
Secret Wars,111,Marvel Zombies,2,2015,2015,0
Secret Wars,112,Marvel Zombies,3,2015,2015,0
Secret Wars,113,Marvel Zombies,4,2015,2015,0
Secret Wars,114,Weirdworld,1,2015,2015,0
Secret Wars,115,Weirdworld,2,2015,2015,0
Secret Wars,116,Weirdworld,3,2015,2015,0
Secret Wars,117,Weirdworld,4,2015,2015,0
Secret Wars,118,1602 Witch Hunter Angela,1,2015,2015,0
Secret Wars,119,1602 Witch Hunter Angela,2,2015,2015,0
Secret Wars,120,1602 Witch Hunter Angela,3,2015,2015,0
Secret Wars,121,1602 Witch Hunter Angela,4,2015,2015,0
Secret Wars,122,Captain Marvel & The Carol Corps,1,2015,2015,0
Secret Wars,123,Captain Marvel & The Carol Corps,2,2015,2015,0
Secret Wars,124,Captain Marvel & The Carol Corps,3,2015,2015,0
Secret Wars,125,Captain Marvel & The Carol Corps,4,2015,2015,0
Secret Wars,126,Mrs. Deadpool and the Howling Commandos,1,2015,2015,0
Secret Wars,127,Mrs. Deadpool and the Howling Commandos,2,2015,2015,0
Secret Wars,128,Mrs. Deadpool and the Howling Commandos,3,2015,2015,0
Secret Wars,129,Mrs. Deadpool and the Howling Commandos,4,2015,2015,0
Secret Wars,130,1872,1,2015,2015,0
Secret Wars,131,1872,2,2015,2015,0
Secret Wars,132,1872,3,2015,2015,0
Secret Wars,133,1872,4,2015,2015,0
Secret Wars,134,Runaways,1,2015,2015,0
Secret Wars,135,Runaways,2,2015,2015,1
Secret Wars,136,Runaways,3,2015,2015,1
Secret Wars,137,Runaways,4,2015,2015,1
Secret Wars,138,Old Man Logan,2,2015,2015,0
Secret Wars,139,Squadron Sinister,1,2015,2015,0
Secret Wars,140,Squadron Sinister,2,2015,2015,0
Secret Wars,141,Squadron Sinister,3,2015,2015,0
Secret Wars,142,Squadron Sinister,4,2015,2016,0
Secret Wars,143,Age of Ultron vs. Marvel Zombies,1,2015,2015,0
Secret Wars,144,Age of Ultron vs. Marvel Zombies,2,2015,2015,0
Secret Wars,145,Age of Ultron vs. Marvel Zombies,3,2015,2015,0
Secret Wars,146,Age of Ultron vs. Marvel Zombies,4,2015,2015,0
Secret Wars,147,E Is For Extinction,1,2015,2015,0
Secret Wars,148,E Is For Extinction,2,2015,2015,0
Secret Wars,149,E Is For Extinction,3,2015,2015,0
Secret Wars,150,E Is For Extinction,4,2015,2015,0
Secret Wars,151,Korvac Saga,1,2015,2015,0
Secret Wars,152,Korvac Saga,2,2015,2015,0
Secret Wars,153,Korvac Saga,3,2015,2015,0
Secret Wars,154,Korvac Saga,4,2015,2015,0
Secret Wars,155,Secret Wars,4,2015,2015,0
Secret Wars,156,Star-Lord & Kitty Pryde,1,2015,2015,0
Secret Wars,157,Star-Lord & Kitty Pryde,2,2015,2015,0
Secret Wars,158,Star-Lord & Kitty Pryde,3,2015,2015,0
Secret Wars,159,Inhumans: Attilan Rising,1,2015,2015,0
Secret Wars,160,Inhumans: Attilan Rising,2,2015,2015,0
Secret Wars,161,Inhumans: Attilan Rising,3,2015,2015,0
Secret Wars,162,Inhumans: Attilan Rising,4,2015,2015,0
Secret Wars,163,Inhumans: Attilan Rising,5,2015,2015,0
Secret Wars,164,Future Imperfect,5,2015,2015,0
Secret Wars,165,Secret Wars: Secret Love,1,2015,2015,0
Secret Wars,166,Ghost Racers,1,2015,2015,0
Secret Wars,167,Ghost Racers,2,2015,2015,0
Secret Wars,168,Ghost Racers,3,2015,2015,0
Secret Wars,169,Ghost Racers,4,2015,2015,0
Secret Wars,170,Thors,1,2015,2015,0
Secret Wars,171,Thors,2,2015,2015,0
Secret Wars,172,Thors,3,2015,2015,0
Secret Wars,173,Red Skull,1,2015,2015,0
Secret Wars,174,Red Skull,2,2015,2015,0
Secret Wars,175,Red Skull,3,2015,2015,0
Secret Wars,176,Spider-Island,1,2015,2015,0
Secret Wars,177,Spider-Island,2,2015,2015,0
Secret Wars,178,Spider-Island,3,2015,2015,0
Secret Wars,179,Spider-Island,4,2015,2015,0
Secret Wars,180,Spider-Island,5,2015,2015,0
Secret Wars,181,Captain Britain and the Mighty Defenders,1,2015,2015,0
Secret Wars,182,Captain Britain and the Mighty Defenders,2,2015,2015,0
Secret Wars,183,Civil War,1,2015,2015,0
Secret Wars,184,Civil War,2,2015,2015,0
Secret Wars,185,Civil War,3,2015,2015,0
Secret Wars,186,Civil War,4,2015,2015,0
Secret Wars,187,Civil War,5,2015,2015,0
Secret Wars,188,Age of Apocalypse,1,2015,2015,0
Secret Wars,189,Age of Apocalypse,2,2015,2015,0
Secret Wars,190,Age of Apocalypse,3,2015,2015,0
Secret Wars,191,Age of Apocalypse,4,2015,2015,0
Secret Wars,192,Age of Apocalypse,5,2015,2015,0
Secret Wars,193,Guardians of Knowhere,1,2015,2015,0
Secret Wars,194,Guardians of Knowhere,2,2015,2015,0
Secret Wars,195,Guardians of Knowhere,3,2015,2015,0
Secret Wars,196,Guardians of Knowhere,4,2015,2015,0
Secret Wars,197,Hail Hydra,1,2015,2015,0
Secret Wars,198,Hail Hydra,2,2015,2015,0
Secret Wars,199,Hail Hydra,3,2015,2015,0
Secret Wars,200,Hail Hydra,4,2015,2016,0
Secret Wars,201,Old Man Logan,3,2015,2015,0
Secret Wars,202,Ultimate End,1,2015,2015,0
Secret Wars,203,Ultimate End,2,2015,2015,0
Secret Wars,204,Ultimate End,3,2015,2015,0
Secret Wars,205,Ultimate End,4,2015,2015,0
Secret Wars,206,House of M,1,2015,2015,0
Secret Wars,207,House of M,2,2015,2015,0
Secret Wars,208,House of M,3,2015,2015,0
Secret Wars,209,House of M,4,2015,2015,0
Secret Wars,210,Howard the Human,1,2015,2015,0
Secret Wars,211,Secret Wars,5,2015,2015,0
Secret Wars,212,Siege,1,2015,2015,0
Secret Wars,213,Siege,2,2015,2015,0
Secret Wars,214,Siege,3,2015,2015,0
Secret Wars,215,Old Man Logan,4,2015,2015,0
Secret Wars,216,"Hank Johnson, Agent of Hydra",1,2015,2015,0
Secret Wars,217,Secret Wars,6,2015,2015,0
Secret Wars,218,Siege,4,2015,2015,0
Secret Wars,219,Secret Wars: Agents of Atlas,1,2015,2015,0
Secret Wars,220,Thors,4,2015,2016,0
Secret Wars,221,Secret Wars,7,2015,2016,0
Secret Wars,222,Secret Wars,8,2015,2016,0
Secret Wars,223,Secret Wars,9,2015,2016,0
Secret Wars,224,Ultimate End,5,2015,2016,0
Secret Wars,225,A-Force,5,2015,2015,0
Secret Wars,226,Old Man Logan,5,2015,2015,0
Secret Wars,227,Weirdworld,5,2015,2015,0
Secret Wars,228,Silver Surfer,15,2014,2016,0
Secret Wars,229,"Secret Wars, Too",1,2015,2016,0
Seven Soldiers,1,Seven Soldiers,0,2005,2005,0
Seven Soldiers,2,Seven Soldiers: Bulleteer,1,2005,2006,0
Seven Soldiers,3,Seven Soldiers: Bulleteer,2,2005,2006,0
Seven Soldiers,4,Seven Soldiers: Bulleteer,3,2005,2006,0
Seven Soldiers,5,Seven Soldiers: Bulleteer,4,2005,2006,0
Seven Soldiers,6,Seven Soldiers: Frankenstein,1,2005,2006,0
Seven Soldiers,7,Seven Soldiers: Frankenstein,2,2005,2006,0
Seven Soldiers,8,Seven Soldiers: Frankenstein,3,2005,2006,0
Seven Soldiers,9,Seven Soldiers: Frankenstein,4,2005,2006,0
Seven Soldiers,10,Seven Soldiers: Guardian,1,2005,2005,0
Seven Soldiers,11,Seven Soldiers: Guardian,2,2005,2005,0
Seven Soldiers,12,Seven Soldiers: Guardian,3,2005,2005,0
Seven Soldiers,13,Seven Soldiers: Guardian,4,2005,2005,0
Seven Soldiers,14,Seven Soldiers: Klarion the Witch Boy,1,2005,2005,0
Seven Soldiers,15,Seven Soldiers: Klarion the Witch Boy,2,2005,2005,0
Seven Soldiers,16,Seven Soldiers: Klarion the Witch Boy,3,2005,2005,0
Seven Soldiers,17,Seven Soldiers: Klarion the Witch Boy,4,2005,2005,0
Seven Soldiers,18,Seven Soldiers: Mister Miracle,1,2005,2005,0
Seven Soldiers,19,Seven Soldiers: Mister Miracle,2,2005,2006,0
Seven Soldiers,20,Seven Soldiers: Mister Miracle,3,2005,2006,0
Seven Soldiers,21,Seven Soldiers: Mister Miracle,4,2005,2006,0
Seven Soldiers,22,Seven Soldiers: Shining Knight,1,2005,2005,0
Seven Soldiers,23,Seven Soldiers: Shining Knight,2,2005,2005,0
Seven Soldiers,24,Seven Soldiers: Shining Knight,3,2005,2005,0
Seven Soldiers,25,Seven Soldiers: Shining Knight,4,2005,2005,0
Seven Soldiers,26,Seven Soldiers: Zatanna,1,2005,2005,0
Seven Soldiers,27,Seven Soldiers: Zatanna,2,2005,2005,0
Seven Soldiers,28,Seven Soldiers: Zatanna,3,2005,2005,0
Seven Soldiers,29,Seven Soldiers: Zatanna,4,2005,2005,0
Seven Soldiers,30,Seven Soldiers,1,2005,2006,0
Shadow War,1,Shadow War: Alpha,1,2022,2022,0
Shadow War,2,Batman,122,2016,2022,1
Shadow War,3,Deathstroke Inc.,8,2021,2022,0
Shadow War,4,Robin,13,2021,2022,0
Shadow War,5,Batman,123,2016,2022,1
Shadow War,6,Shadow War Zone,1,2022,2022,0
Shadow War,7,Deathstroke Inc.,9,2021,2022,0
Shadow War,8,Robin,14,2021,2022,0
Shadow War,9,Shadow War: Omega,1,2022,2022,0
Shadowland,1,Shadowland,1,2010,2010,0
Shadowland,2,Daredevil,508,1998,2010,0
Shadowland,3,Daredevil,509,1998,2010,0
Shadowland,4,Shadowland: Elektra,1,2010,2010,0
Shadowland,5,Shadowland: Bullseye,1,2010,2010,0
Shadowland,6,Shadowland: Moon Knight,1,2010,2010,0
Shadowland,7,Shadowland,2,2010,2010,0
Shadowland,8,Shadowland,3,2010,2010,0
Shadowland,9,Shadowland: Spider-Man,1,2010,2010,0
Shadowland,10,Shadowland: Ghost Rider,1,2010,2010,0
Shadowland,11,Shadowland: Moon Knight,2,2010,2010,0
Shadowland,12,Shadowland: Moon Knight,3,2010,2010,0
Shadowland,13,Shadowland: Power Man,1,2010,2010,0
Shadowland,14,Shadowland: Power Man,2,2010,2010,0
Shadowland,15,Shadowland: Blood On the Streets,1,2010,2010,0
Shadowland,16,Shadowland: Blood On the Streets,2,2010,2010,0
Shadowland,17,Shadowland: Blood On the Streets,3,2010,2010,0
Shadowland,18,Shadowland: Blood On the Streets,4,2010,2011,0
Shadowland,19,Shadowland: Daughters of the Shadow,1,2010,2010,0
Shadowland,20,Shadowland: Daughters of the Shadow,2,2010,2010,0
Shadowland,21,Shadowland: Daughters of the Shadow,3,2010,2011,0
Shadowland,22,Thunderbolts,148,2006,2010,0
Shadowland,23,Thunderbolts,149,2006,2010,0
Shadowland,24,Daredevil,510,1998,2010,0
Shadowland,25,Shadowland: Power Man,3,2010,2010,0
Shadowland,26,Shadowland: Power Man,4,2010,2011,0
Shadowland,27,Shadowland,4,2010,2010,0
Shadowland,28,Daredevil,511,1998,2010,0
Shadowland,29,Shadowland,5,2010,2011,0
Shadowland,30,Daredevil,512,1998,2011,0
Shadowland,31,Shadowland: After the Fall,1,2011,2011,0
Shattered Heroes,1,Fear Itself: The Fearless,1,2011,2011,0
Shattered Heroes,2,Avengers Academy,21,2010,2012,0
Shattered Heroes,3,Invincible Iron Man,510,2008,2012,0
Shattered Heroes,4,Invincible Iron Man,511,2008,2012,0
Shattered Heroes,5,Invincible Iron Man,512,2008,2012,0
Shattered Heroes,6,Invincible Iron Man,513,2008,2012,0
Shattered Heroes,7,Invincible Iron Man,514,2008,2012,0
Shattered Heroes,8,Invincible Iron Man,515,2008,2012,0
Shattered Heroes,9,Journey into Mystery,631,2011,2012,0
Shattered Heroes,10,Journey into Mystery,632,2011,2012,0
Shattered Heroes,11,Journey into Mystery,633,2011,2012,0
Shattered Heroes,12,Journey into Mystery,634,2011,2012,0
Shattered Heroes,13,Journey into Mystery,635,2011,2012,0
Shattered Heroes,14,Journey into Mystery,636,2011,2012,0
Shattered Heroes,15,The Mighty Thor,8,2011,2012,0
Shattered Heroes,16,The Mighty Thor,9,2011,2012,0
Shattered Heroes,17,The Mighty Thor,10,2011,2012,0
Shattered Heroes,18,The Mighty Thor,11,2011,2012,0
Shattered Heroes,19,The Mighty Thor,12,2011,2012,0
Shattered Heroes,20,Captain America,6,2011,2012,1
Shattered Heroes,21,Captain America,7,2011,2012,1
Shattered Heroes,22,Captain America,8,2011,2012,1
Shattered Heroes,23,Captain America,9,2011,2012,1
Shattered Heroes,24,Captain America,10,2011,2012,1
Shattered Heroes,25,Avengers Academy,22,2010,2012,0
Shattered Heroes,26,New Avengers,16.1,2010,2011,0
Shattered Heroes,27,Avengers,18,2010,2011,1
Shattered Heroes,28,New Avengers,17,2010,2011,0
Shattered Heroes,29,New Avengers,18,2010,2012,0
Shattered Heroes,30,New Avengers,19,2010,2012,0
Shattered Heroes,31,New Avengers,20,2010,2012,0
Shattered Heroes,32,Quake: S.H.I.E.L.D. 50th Anniversary,1,2015,2015,0
Shattered Heroes,33,Avengers,19,2010,2012,1
Shattered Heroes,34,Avengers,20,2010,2012,1
Shattered Heroes,35,Avengers,21,2010,2012,0
Shattered Heroes,36,Avengers,22,2010,2012,1
Shattered Heroes,37,Avengers,23,2010,2012,0
Shattered Heroes,38,New Avengers,21,2010,2012,0
Shattered Heroes,39,New Avengers,22,2010,2012,0
Shattered Heroes,40,New Avengers,23,2010,2012,0
Shattered Heroes,41,Avengers,24,2010,2012,0
Shattered Heroes,42,Avengers Academy,23,2010,2012,0
Shattered Heroes,43,Avengers Academy,24,2010,2012,0
Shattered Heroes,44,Avengers Academy,25,2010,2012,0
Shattered Heroes,45,Avengers Academy,26,2010,2012,0
Shattered Heroes,46,Fear Itself: The Fearless,2,2011,2012,0
Shattered Heroes,47,Fear Itself: The Fearless,3,2011,2012,0
Shattered Heroes,48,Battle Scars,1,2012,2012,0
Shattered Heroes,49,Battle Scars,2,2012,2012,0
Shattered Heroes,50,Battle Scars,3,2012,2012,0
Shattered Heroes,51,Battle Scars,4,2012,2012,0
Shattered Heroes,52,Battle Scars,5,2012,2012,0
Shattered Heroes,53,Battle Scars,6,2012,2012,0
Shattered Heroes,54,Fear Itself: The Fearless,4,2011,2012,0
Shattered Heroes,55,Fear Itself: The Fearless,5,2011,2012,0
Shattered Heroes,56,Fear Itself: The Fearless,6,2011,2012,0
Shattered Heroes,57,Fear Itself: The Fearless,7,2011,2012,0
Shattered Heroes,58,Fear Itself: The Fearless,8,2011,2012,0
Shattered Heroes,59,Fear Itself: The Fearless,9,2011,2012,0
Shattered Heroes,60,Fear Itself: The Fearless,10,2011,2012,0
Shattered Heroes,61,Fear Itself: The Fearless,11,2011,2012,0
Shattered Heroes,62,Fear Itself: The Fearless,12,2011,2012,0
Shattered Heroes,63,Point One,1,2012,2012,0
Shattered Heroes,64,Defenders,1,2012,2012,0
Shattered Heroes,65,Defenders,2,2012,2012,0
Shattered Heroes,66,Defenders,3,2012,2012,0
Shattered Heroes,67,Incredible Hulk,1,2011,2011,0
Shattered Heroes,68,Incredible Hulk,2,2011,2012,0
Shattered Heroes,69,Incredible Hulk,3,2011,2012,0
Shattered Heroes,70,Incredible Hulk,4,2011,2012,0
Shattered Heroes,71,Incredible Hulk,5,2011,2012,0
Shattered Heroes,72,Incredible Hulk,6,2011,2012,0
Shattered Heroes,73,Incredible Hulk,7,2011,2012,0
Shattered Heroes,74,Incredible Hulk,7.1,2011,2012,0
Siege,1,Siege: The Cabal,1,2010,2010,0
Siege,2,Avengers: The Initiative,31,2007,2010,0
Siege,3,New Avengers,61,2004,2010,0
Siege,4,New Avengers,62,2004,2010,0
Siege,5,Dark Avengers,13,2009,2010,0
Siege,6,Dark Avengers,14,2009,2010,0
Siege,7,Dark Avengers,15,2009,2010,0
Siege,8,Origins of Siege,1,2009,2010,0
Siege,9,Siege: Storming Asgard –– Heroes & Villains,1,2010,2010,0
Siege,10,Siege,1,2010,2010,0
Siege,11,Avengers: The Initiative,32,2007,2010,0
Siege,12,Dark Wolverine,82,2009,2010,1
Siege,13,Dark Wolverine,83,2009,2010,1
Siege,14,Dark Wolverine,84,2009,2010,1
Siege,15,Siege: Embedded,1,2010,2010,0
Siege,16,Siege: Embedded,2,2010,2010,0
Siege,17,Siege,2,2010,2010,0
Siege,18,Avengers: The Initiative,33,2007,2010,0
Siege,19,Thor,607,2007,2010,0
Siege,20,The Mighty Avengers,35,2007,2010,0
Siege,21,The Mighty Avengers,36,2007,2010,0
Siege,22,Thunderbolts,141,2006,2010,0
Siege,23,Siege,3,2010,2010,0
Siege,24,Siege: Embedded,3,2010,2010,0
Siege,25,Thor,608,2007,2010,0
Siege,26,Thunderbolts,142,2006,2010,0
Siege,27,Avengers: The Initiative,34,2007,2010,0
Siege,28,New Avengers,63,2004,2010,0
Siege,29,Siege: Captain America,1,2010,2010,0
Siege,30,Siege: Spider-Man,1,2010,2010,0
Siege,31,Siege: Loki,1,2010,2010,0
Siege,32,Siege: Young Avengers,1,2010,2010,0
Siege,33,Siege: Secret Warriors,1,2010,2010,0
Siege,34,New Mutants,11,2009,2010,1
Siege,35,Siege,4,2010,2010,0
Siege,36,Thor,609,2007,2010,0
Siege,37,Siege: Embedded,4,2010,2010,0
Siege,38,New Avengers,64,2004,2010,0
Siege,39,New Avengers Finale,1,2010,2010,0
Siege,40,Avengers: The Initiative,35,2007,2010,0
Siege,41,Dark Avengers,16,2009,2010,0
Siege,42,Thunderbolts,143,2006,2010,0
Siege,43,Thor,610,2007,2010,0
Siege,44,Sentry: Fallen Sun,1,2010,2010,0
Sinestro Corps War,1,Sinestro Corps Special,1,2007,2007,0
Sinestro Corps War,2,Green Lantern,21,2005,2007,1
Sinestro Corps War,3,Green Lantern Corps,14,2006,2007,1
Sinestro Corps War,4,Green Lantern,22,2005,2007,1
Sinestro Corps War,5,Tales of the Sinestro Corps: Parallax,1,2007,2007,0
Sinestro Corps War,6,Green Lantern Corps,15,2006,2007,1
Sinestro Corps War,7,Green Lantern,23,2005,2007,1
Sinestro Corps War,8,Green Lantern Corps,16,2006,2007,0
Sinestro Corps War,9,Tales of the Sinestro Corps: Cyborg-Superman,1,2007,2007,0
Sinestro Corps War,10,Green Lantern,24,2005,2007,1
Sinestro Corps War,11,Blue Beetle,20,2006,2007,0
Sinestro Corps War,12,Green Lantern Corps,17,2006,2007,0
Sinestro Corps War,13,Tales of the Sinestro Corps: Superman-Prime,1,2007,2007,0
Sinestro Corps War,14,Green Lantern Corps,18,2006,2008,0
Sinestro Corps War,15,Green Lantern,25,2005,2008,1
Sinestro Corps War,16,Tales of the Sinestro Corps: Ion,1,2008,2008,0
Sinestro Corps War,17,Green Lantern Corps,19,2006,2008,0
Sinestro Corps War,18,Green Lantern/Sinestro Corps: Secret Files,1,2008,2008,0
Sinister War,1,Non-Stop Spider-Man,1,2021,2021,1
Sinister War,2,Non-Stop Spider-Man,2,2021,2021,1
Sinister War,3,Non-Stop Spider-Man,3,2021,2021,1
Sinister War,4,Non-Stop Spider-Man,4,2021,2021,1
Sinister War,5,Non-Stop Spider-Man,5,2021,2021,1
Sinister War,6,Savage Spider-Man,1,2022,2022,1
Sinister War,7,Savage Spider-Man,2,2022,2022,1
Sinister War,8,Savage Spider-Man,3,2022,2022,1
Sinister War,9,Savage Spider-Man,4,2022,2022,1
Sinister War,10,Savage Spider-Man,5,2022,2022,1
Sinister War,11,Daredevil,28,2019,2021,0
Sinister War,12,Daredevil,29,2019,2021,0
Sinister War,13,The Amazing Spider-Man,61,2018,2021,1
Sinister War,14,The Amazing Spider-Man,62,2018,2021,1
Sinister War,15,The Amazing Spider-Man,63,2018,2021,1
Sinister War,16,The Amazing Spider-Man,64,2018,2021,1
Sinister War,17,The Amazing Spider-Man,65,2018,2021,1
Sinister War,18,Giant-Size Amazing Spider-Man: King's Ransom,1,2021,2021,1
Sinister War,19,The Amazing Spider-Man,66,2018,2021,1
Sinister War,20,The Amazing Spider-Man,67,2018,2021,1
Sinister War,21,The Amazing Spider-Man,68,2018,2021,1
Sinister War,22,The Amazing Spider-Man,69,2018,2021,1
Sinister War,23,Giant-Size Amazing Spider-Man: Chameleon Conspiracy,1,2021,2021,1
Sinister War,24,Silk,1,2021,2021,1
Sinister War,25,Silk,2,2021,2021,1
Sinister War,26,Silk,3,2021,2021,1
Sinister War,27,Silk,4,2021,2021,1
Sinister War,28,Silk,5,2021,2021,1
Sinister War,29,Daredevil,30,2019,2021,0
Sinister War,30,Daredevil,31,2019,2021,0
Sinister War,31,Daredevil,32,2019,2021,0
Sinister War,32,Daredevil,33,2019,2021,0
Sinister War,33,Daredevil,34,2019,2021,0
Sinister War,34,Daredevil,35,2019,2021,0
Sinister War,35,Iron Man,7,2020,2021,1
Sinister War,36,Iron Man,8,2020,2021,1
Sinister War,37,Iron Man,9,2020,2021,1
Sinister War,38,Iron Man,10,2020,2021,1
Sinister War,39,Iron Man,11,2020,2021,1
Sinister War,40,Iron Man,12,2020,2021,1
Sinister War,41,Iron Man,13,2020,2021,1
Sinister War,42,Iron Man,14,2020,2022,1
Sinister War,43,Iron Man,15,2020,2022,1
Sinister War,44,The Amazing Spider-Man,70,2018,2021,1
Sinister War,45,Sinister War,1,2021,2021,1
Sinister War,46,The Amazing Spider-Man,71,2018,2021,1
Sinister War,47,Sinister War,2,2021,2021,1
Sinister War,48,Sinister War,3,2021,2021,1
Sinister War,49,The Amazing Spider-Man,72,2018,2021,1
Sinister War,50,Sinister War,4,2021,2021,1
Sinister War,51,The Amazing Spider-Man,73,2018,2021,1
Sinister War,52,The Amazing Spider-Man,74,2018,2021,1
Sinister War,53,Iron Man,16,2020,2022,1
Sinister War,54,Iron Man,17,2020,2022,1
Sinister War,55,Iron Man,18,2020,2022,1
Sinister War,56,Iron Man,19,2020,2022,1
Sinister War,57,Iron Man,20,2020,2022,1
Sinister War,58,Iron Man,21,2020,2022,1
Sinister War,59,Iron Man,22,2020,2022,1
Sinister War,60,Iron Man,23,2020,2022,1
Sinister War,61,Iron Man,24,2020,2022,1
Sinister War,62,Iron Man,25,2020,2023,1
Sinister War,63,Miles Morales: Spider-Man,24,2019,2021,1
Sinister War,64,Miles Morales: Spider-Man,25,2019,2021,1
Sinister War,65,Miles Morales: Spider-Man,26,2019,2021,1
Sinister War,66,Miles Morales: Spider-Man,27,2019,2021,1
Sinister War,67,Miles Morales: Spider-Man,28,2019,2021,1
Sinister War,68,Miles Morales: Spider-Man,29,2019,2021,1
Sinister War,69,Free Comic Book Day 2021: Spider-Man/Venom,1,2021,2021,0
Sinister War,70,The Amazing Spider-Man,75,2018,2021,1
Sinister War,71,The Amazing Spider-Man,76,2018,2021,1
Sinister War,72,The Amazing Spider-Man,77,2018,2021,1
Sinister War,73,The Amazing Spider-Man,78,2018,2022,0
Sinister War,74,The Amazing Spider-Man,78.BEY,2018,2022,1
Sinister War,75,The Amazing Spider-Man,79,2018,2022,1
Sinister War,76,The Amazing Spider-Man,80,2018,2022,1
Sinister War,77,Miles Morales: Spider-Man,30,2019,2021,1
Sinister War,78,Miles Morales: Spider-Man,31,2019,2021,1
Sinister War,79,Miles Morales: Spider-Man,32,2019,2022,1
Sinister War,80,The Amazing Spider-Man,81,2018,2022,1
Sinister War,81,Miles Morales: Spider-Man,33,2019,2022,1
Sinister War,82,Miles Morales: Spider-Man,34,2019,2022,1
Sinister War,83,Miles Morales: Spider-Man,35,2019,2022,1
Sinister War,84,Miles Morales: Spider-Man,36,2019,2022,1
Sinister War,85,Miles Morales: Spider-Man,37,2019,2022,1
Sinister War,86,Miles Morales: Spider-Man,38,2019,2022,1
Sinister War,87,Miles Morales: Spider-Man,39,2019,2022,1
Sinister War,88,Miles Morales: Spider-Man,40,2019,2022,1
Sinister War,89,Miles Morales: Spider-Man,41,2019,2022,1
Sins of Sinister,1,Immortal X-Men,9,2022,2023,1
Sins of Sinister,2,Immortal X-Men,10,2022,2023,1
Sins of Sinister,3,Sins of Sinister,1,2023,2023,1
Sins of Sinister,4,Storm & The Brotherhood of Mutants,1,2023,2023,1
Sins of Sinister,5,Nightcrawlers,1,2023,2023,1
Sins of Sinister,6,Immoral X-Men,1,2023,2023,1
Sins of Sinister,7,Nightcrawlers,2,2023,2023,1
Sins of Sinister,8,Immoral X-Men,2,2023,2023,1
Sins of Sinister,9,Storm & The Brotherhood of Mutants,2,2023,2023,1
Sins of Sinister,10,Immoral X-Men,3,2023,2023,1
Sins of Sinister,11,Storm & The Brotherhood of Mutants,3,2023,2023,1
Sins of Sinister,12,Nightcrawlers,3,2023,2023,1
Sins of Sinister,13,Sins of Sinister: Dominion,1,2023,2023,1
Sins Rising and Last Remains,1,The Amazing Spider-Man,41,2018,2020,1
Sins Rising and Last Remains,2,The Amazing Spider-Man,42,2018,2020,1
Sins Rising and Last Remains,3,The Amazing Spider-Man,43,2018,2020,1
Sins Rising and Last Remains,4,The Amazing Spider-Man,44,2018,2020,1
Sins Rising and Last Remains,5,Amazing Spider-Man: Sins Rising Prelude,1,2020,2020,0
Sins Rising and Last Remains,6,The Amazing Spider-Man,45,2018,2020,1
Sins Rising and Last Remains,7,The Amazing Spider-Man,46,2018,2020,1
Sins Rising and Last Remains,8,The Amazing Spider-Man,47,2018,2020,1
Sins Rising and Last Remains,9,The Amazing Spider-Man,48,2018,2020,1
Sins Rising and Last Remains,10,Amazing Spider-Man: The Sins of Norman Osborn,1,2020,2020,0
Sins Rising and Last Remains,11,The Amazing Spider-Man,49,2018,2020,1
Sins Rising and Last Remains,12,The Amazing Spider-Man,50,2018,2020,1
Sins Rising and Last Remains,13,The Amazing Spider-Man,50.LR,2018,2020,0
Sins Rising and Last Remains,14,The Amazing Spider-Man,51,2018,2020,1
Sins Rising and Last Remains,15,The Amazing Spider-Man,51.LR,2018,2021,0
Sins Rising and Last Remains,16,The Amazing Spider-Man,52,2018,2021,1
Sins Rising and Last Remains,17,The Amazing Spider-Man,52.LR,2018,2021,0
Sins Rising and Last Remains,18,The Amazing Spider-Man,53,2018,2021,1
Sins Rising and Last Remains,19,The Amazing Spider-Man,53.LR,2018,2021,0
Sins Rising and Last Remains,20,The Amazing Spider-Man,54,2018,2021,1
Sins Rising and Last Remains,21,The Amazing Spider-Man,54.LR,2018,2021,0
Sins Rising and Last Remains,22,The Amazing Spider-Man,55,2018,2021,1
Sins Rising and Last Remains,23,The Amazing Spider-Man,56,2018,2021,1
Sins Rising and Last Remains,24,The Amazing Spider-Man,57,2018,2021,1
Sins Rising and Last Remains,25,The Amazing Spider-Man,58,2018,2021,1
Sins Rising and Last Remains,26,The Amazing Spider-Man,59,2018,2021,1
Sins Rising and Last Remains,27,The Amazing Spider-Man,60,2018,2021,1
Sins Rising and Last Remains,28,Friendly Neighborhood Spider-Man,12,2019,2019,0
Sins Rising and Last Remains,29,Friendly Neighborhood Spider-Man,13,2019,2019,0
Sins Rising and Last Remains,30,Friendly Neighborhood Spider-Man,14,2019,2020,0
Spider-Geddon,1,Edge of Spider-Geddon,1,2018,2018,0
Spider-Geddon,2,Edge of Spider-Geddon,2,2018,2018,0
Spider-Geddon,3,Edge of Spider-Geddon,3,2018,2018,0
Spider-Geddon,4,Edge of Spider-Geddon,4,2018,2018,0
Spider-Geddon,5,Spider-Geddon,0,2018,2018,0
Spider-Geddon,6,Superior Octopus,1,2018,2018,0
Spider-Geddon,7,Spider-Geddon,1,2018,2018,0
Spider-Geddon,8,Peter Parker: The Spectacular Spider-Man,311,2017,2018,0
Spider-Geddon,9,Peter Parker: The Spectacular Spider-Man,312,2017,2019,0
Spider-Geddon,10,Spider-Geddon,2,2018,2018,0
Spider-Geddon,11,Spider-Girls,1,2018,2018,0
Spider-Geddon,12,Spider-Gwen: Ghost-Spider,1,2018,2018,0
Spider-Geddon,13,Spider-Force,1,2018,2018,0
Spider-Geddon,14,Vault of Spiders,1,2018,2018,0
Spider-Geddon,15,Spider-Geddon,3,2018,2019,0
Spider-Geddon,16,Vault of Spiders,2,2018,2019,0
Spider-Geddon,17,Spider-Force,2,2018,2019,0
Spider-Geddon,18,Spider-Force,3,2018,2019,0
Spider-Geddon,19,Spider-Geddon,4,2018,2019,0
Spider-Geddon,20,Spider-Gwen: Ghost-Spider,2,2018,2019,0
Spider-Geddon,21,Spider-Girls,2,2018,2019,0
Spider-Geddon,22,Spider-Geddon Handbook,1,2018,2019,0
Spider-Geddon,23,Spider-Girls,3,2018,2019,0
Spider-Geddon,24,Spider-Gwen: Ghost-Spider,3,2018,2019,0
Spider-Geddon,25,Peter Parker: The Spectacular Spider-Man,313,2017,2019,0
Spider-Geddon,26,Spider-Geddon,5,2018,2019,0
Spider-Geddon,27,Spider-Gwen: Ghost-Spider,4,2018,2019,0
Spider-Island,1,Free Comic Book Day 2011 (Spider-Man),1,2011,2011,0
Spider-Island,2,The Amazing Spider-Man,659,1963,2011,0
Spider-Island,3,The Amazing Spider-Man,660,1963,2011,0
Spider-Island,4,The Amazing Spider-Man,662,1963,2011,0
Spider-Island,5,The Amazing Spider-Man,663,1963,2011,0
Spider-Island,6,The Amazing Spider-Man,664,1963,2011,0
Spider-Island,7,The Amazing Spider-Man,665,1963,2011,0
Spider-Island,8,The Amazing Spider-Man,666,1963,2011,0
Spider-Island,9,The Amazing Spider-Man,667,1963,2011,0
Spider-Island,10,Spider-Island: Cloak & Dagger,1,2011,2011,0
Spider-Island,11,The Amazing Spider-Man,668,2011,2011,0
Spider-Island,12,Spider-Island: Deadly Hands of Kung Fu,1,2011,2011,0
Spider-Island,13,Spider-Island: Deadly Hands of Kung Fu,2,2011,2011,0
Spider-Island,14,Spider-Island: Deadly Hands of Kung Fu,3,2011,2011,0
Spider-Island,15,Spider-Island: Deadly Foes,1,2011,2011,0
Spider-Island,16,Black Panther: The Most Dangerous Man Alive,524,2011,2011,0
Spider-Island,17,Spider-Island: The Amazing Spider-Girl,1,2011,2011,0
Spider-Island,18,Spider-Island: The Amazing Spider-Girl,2,2011,2011,0
Spider-Island,19,Herc,7,2011,2011,0
Spider-Island,20,Herc,8,2011,2011,0
Spider-Island,21,Spider-Island: I Love New York City,1,2011,2011,0
Spider-Island,22,Spider-Island: The Avengers,1,2011,2011,0
Spider-Island,23,The Amazing Spider-Man,669,2011,2011,0
Spider-Island,24,Venom,6,2011,2011,1
Spider-Island,25,Spider-Island: Heroes For Hire,1,2011,2011,0
Spider-Island,26,Spider-Island: Spider-Woman,1,2011,2011,0
Spider-Island,27,The Amazing Spider-Man,670,1999,2011,0
Spider-Island,28,Venom,7,2011,2011,1
Spider-Island,29,Spider-Island: Cloak & Dagger,2,2011,2011,0
Spider-Island,30,Spider-Island: Cloak & Dagger,3,2011,2011,0
Spider-Island,31,The Amazing Spider-Man,671,1999,2011,0
Spider-Island,32,Venom,8,2011,2011,1
Spider-Island,33,Spider-Island: The Amazing Spider-Girl,3,2011,2011,0
Spider-Island,34,The Amazing Spider-Man,672,2011,2011,0
Spider-Island,35,The Amazing Spider-Man,673,2012,2012,0
Spider-Man Beyond,1,The Amazing Spider-Man,80.BEY,2018,2022,1
Spider-Man Beyond,2,The Amazing Spider-Man,82,2018,2022,1
Spider-Man Beyond,3,The Amazing Spider-Man,83,2018,2022,1
Spider-Man Beyond,4,The Amazing Spider-Man,84,2018,2022,1
Spider-Man Beyond,5,The Amazing Spider-Man,85,2018,2022,1
Spider-Man Beyond,6,The Amazing Spider-Man,86,2018,2022,0
Spider-Man Beyond,7,The Amazing Spider-Man,88.BEY,2018,2022,1
Spider-Man Beyond,8,Mary Jane & Black Cat: Beyond,1,2022,2022,1
Spider-Man Beyond,9,The Amazing Spider-Man,87,2018,2022,0
Spider-Man Beyond,10,The Amazing Spider-Man,88,2018,2022,0
Spider-Man Beyond,11,The Amazing Spider-Man,89,2018,2022,0
Spider-Man Beyond,12,The Amazing Spider-Man,90,2018,2022,1
Spider-Man Beyond,13,The Amazing Spider-Man,91,2018,2022,1
Spider-Man Beyond,14,The Amazing Spider-Man,92,2018,2022,1
Spider-Man Beyond,15,The Amazing Spider-Man,92.BEY,2018,2022,1
Spider-Man Beyond,16,The Amazing Spider-Man,93,2018,2022,1
Spider-Man: Identity Crisis,1,The Amazing Spider-Man,434,1963,1998,0
Spider-Man: Identity Crisis,2,The Amazing Spider-Man,435,1963,1998,0
Spider-Man: Identity Crisis,3,The Sensational Spider-Man,27,1996,1998,0
Spider-Man: Identity Crisis,4,The Sensational Spider-Man,28,1996,1998,0
Spider-Man: Identity Crisis,5,Spider-Man,91,1990,1998,0
Spider-Man: Identity Crisis,6,Spider-Man,92,1990,1998,0
Spider-Man: Identity Crisis,7,The Spectacular Spider-Man,257,1976,1998,0
Spider-Man: Identity Crisis,8,The Spectacular Spider-Man,258,1976,1998,0
Spider-Man The Other,1,Friendly Neighborhood Spider-Man,1,2005,2005,0
Spider-Man The Other,2,Marvel Knights Spider-Man,19,2004,2005,0
Spider-Man The Other,3,The Amazing Spider-Man,525,1963,2005,0
Spider-Man The Other,4,Friendly Neighborhood Spider-Man,2,2005,2006,0
Spider-Man The Other,5,Marvel Knights Spider-Man,20,2004,2006,0
Spider-Man The Other,6,The Amazing Spider-Man,526,1963,2006,0
Spider-Man The Other,7,Friendly Neighborhood Spider-Man,3,2005,2006,0
Spider-Man The Other,8,Marvel Knights Spider-Man,21,2004,2006,0
Spider-Man The Other,9,The Amazing Spider-Man,527,1963,2006,0
Spider-Man The Other,10,Friendly Neighborhood Spider-Man,4,2005,2006,0
Spider-Man The Other,11,Marvel Knights Spider-Man,22,2004,2006,0
Spider-Man The Other,12,The Amazing Spider-Man,528,1963,2006,0
Spider-Man/Venom: Death Spiral,1,Amazing Spider-Man/Venom: Death Spiral,1,2026,2026,0
Spider-Man/Venom: Death Spiral,2,The Amazing Spider-Man,23,2025,2026,1
Spider-Man/Venom: Death Spiral,3,Venom,255,2024,2026,1
Spider-Man/Venom: Death Spiral,4,The Amazing Spider-Man,24,2025,2026,1
Spider-Man/Venom: Death Spiral,5,The Amazing Spider-Man,25,2025,2026,1
Spider-Man/Venom: Death Spiral,6,Venom,256,2024,2026,0
Spider-Man/Venom: Death Spiral,7,The Amazing Spider-Man,26,2025,2026,1
Spider-Man/Venom: Death Spiral,8,Venom,257,2024,2026,1
Spider-Man/Venom: Death Spiral,9,The Amazing Spider-Man,27,2025,2026,1
Spider-Man/Venom: Death Spiral,10,Amazing Spider-Man/Venom: Death Spiral - Body Count,1,2026,2026,1
Spider-Verse vs Venomverse,1,Web of Spider-Verse: New Blood,1,2025,2025,0
Spider-Verse vs Venomverse,2,Web of Venomverse: Fresh Brains,1,2025,2025,0
Spider-Verse vs Venomverse,3,Spider-Verse vs. Venomverse,1,2025,2025,0
Spider-Verse vs Venomverse,4,Spider-Verse vs. Venomverse,2,2025,2025,0
Spider-Verse vs Venomverse,5,Spider-Verse vs. Venomverse,3,2025,2025,0
Spider-Verse vs Venomverse,6,Spider-Verse vs. Venomverse,4,2025,2025,1
Spider-Verse vs Venomverse,7,Spider-Verse vs. Venomverse,5,2025,2025,1
Spider-Verse,1,Guardians of the Galaxy: Free Comic Book Day,1,2014,2014,0
Spider-Verse,2,Superior Spider-Man,32,2013,2014,0
Spider-Verse,3,Superior Spider-Man,33,2013,2014,0
Spider-Verse,4,The Amazing Spider-Man,7,2014,2014,1
Spider-Verse,5,The Amazing Spider-Man,8,2014,2014,1
Spider-Verse,6,Edge of Spider-Verse,1,2014,2014,1
Spider-Verse,7,Edge of Spider-Verse,2,2014,2014,1
Spider-Verse,8,Edge of Spider-Verse,3,2014,2014,1
Spider-Verse,9,Edge of Spider-Verse,4,2014,2014,1
Spider-Verse,10,Edge of Spider-Verse,5,2014,2014,1
Spider-Verse,11,Spider-Man 2099,5,2014,2014,0
Spider-Verse,12,Spider-Verse Team-Up,1,2014,2015,0
Spider-Verse,13,Spider-Verse,1,2014,2015,0
Spider-Verse,14,Spider-Verse,2,2014,2015,0
Spider-Verse,15,The Amazing Spider-Man,9,2014,2015,1
Spider-Verse,16,The Amazing Spider-Man,10,2014,2015,1
Spider-Verse,17,Spider-Man 2099,6,2014,2015,0
Spider-Verse,18,Scarlet Spiders,1,2014,2015,0
Spider-Verse,19,Scarlet Spiders,2,2014,2015,0
Spider-Verse,20,The Amazing Spider-Man,11,2014,2015,1
Spider-Verse,21,Spider-Verse Team-Up,2,2014,2015,0
Spider-Verse,22,Spider-Woman,1,2014,2015,1
Spider-Verse,23,Spider-Woman,2,2014,2015,1
Spider-Verse,24,The Amazing Spider-Man,12,2014,2015,1
Spider-Verse,25,Spider-Man 2099,7,2014,2015,0
Spider-Verse,26,Scarlet Spiders,3,2014,2015,0
Spider-Verse,27,Spider-Woman,3,2014,2015,1
Spider-Verse,28,The Amazing Spider-Man,13,2014,2015,1
Spider-Verse,29,Spider-Verse Team-Up,3,2014,2015,0
Spider-Verse,30,Spider-Woman,4,2014,2015,1
Spider-Verse,31,Spider-Man 2099,8,2014,2015,0
Spider-Verse,32,The Amazing Spider-Man,14,2014,2015,1
Spider-Verse,33,The Amazing Spider-Man,15,2014,2015,1
Spider-Women,1,Spider-Women Alpha,1,2016,2016,0
Spider-Women,2,Spider-Gwen,7,2015,2016,0
Spider-Women,3,Silk,7,2015,2016,0
Spider-Women,4,Spider-Woman,6,2014,2015,0
Spider-Women,5,Spider-Gwen,8,2015,2016,0
Spider-Women,6,Silk,8,2015,2016,0
Spider-Women,7,Spider-Woman,7,2014,2015,0
Spider-Women,8,Spider-Women Omega,1,2016,2016,0
Star Wars The Screaming Citadel,1,Star Wars: Screaming Citadel,1,2017,2017,0
Star Wars The Screaming Citadel,2,Star Wars,31,2015,2017,0
Star Wars The Screaming Citadel,3,Star Wars: Doctor Aphra,7,2016,2017,1
Star Wars The Screaming Citadel,4,Star Wars,32,2015,2017,0
Star Wars The Screaming Citadel,5,Star Wars: Doctor Aphra,8,2016,2017,1
Star Wars Vader Down,1,Star Wars: Vader Down,1,2015,2016,0
Star Wars Vader Down,2,Darth Vader,13,2015,2016,0
Star Wars Vader Down,3,Star Wars,13,2015,2016,0
Star Wars Vader Down,4,Darth Vader,14,2015,2016,0
Star Wars Vader Down,5,Star Wars,14,2015,2016,0
Star Wars Vader Down,6,Darth Vader,15,2015,2016,0
Superior Spider-Man,1,Avenging Spider-Man,15.1,2011,2013,0
Superior Spider-Man,2,Superior Spider-Man,1,2013,2013,0
Superior Spider-Man,3,Daredevil,21,2011,2013,0
Superior Spider-Man,4,Daredevil,22,2011,2013,0
Superior Spider-Man,5,Superior Spider-Man,2,2013,2013,0
Superior Spider-Man,6,Avenging Spider-Man,16,2011,2013,0
Superior Spider-Man,7,Superior Spider-Man,3,2013,2013,0
Superior Spider-Man,8,Superior Spider-Man,4,2013,2013,0
Superior Spider-Man,9,Superior Spider-Man,5,2013,2013,0
Superior Spider-Man,10,Avengers,6,2012,2013,1
Superior Spider-Man,11,Avengers,7,2012,2013,1
Superior Spider-Man,12,Avengers,8,2012,2013,1
Superior Spider-Man,13,Avengers,9,2012,2013,0
Superior Spider-Man,14,Avenging Spider-Man,17,2011,2013,0
Superior Spider-Man,15,Avengers,12,2012,2013,1
Superior Spider-Man,16,Avengers,13,2012,2013,1
Superior Spider-Man,17,Avenging Spider-Man,18,2011,2013,0
Superior Spider-Man,18,Superior Spider-Man,6,2013,2013,0
Superior Spider-Man,19,Avenging Spider-Man,19,2011,2013,0
Superior Spider-Man,20,Superior Spider-Man,7,2013,2013,0
Superior Spider-Man,21,Superior Spider-Man,8,2013,2013,0
Superior Spider-Man,22,Superior Spider-Man,9,2013,2013,0
Superior Spider-Man,23,Morbius: The Living Vampire,6,2013,2013,0
Superior Spider-Man,24,Morbius: The Living Vampire,7,2013,2013,0
Superior Spider-Man,25,Superior Spider-Man,10,2013,2013,0
Superior Spider-Man,26,Avenging Spider-Man,20,2011,2013,0
Superior Spider-Man,27,Avenging Spider-Man,21,2011,2013,0
Superior Spider-Man,28,Superior Spider-Man,11,2013,2013,0
Superior Spider-Man,29,Alpha: Big Time,1,2013,2013,0
Superior Spider-Man,30,Alpha: Big Time,2,2013,2013,0
Superior Spider-Man,31,Alpha: Big Time,3,2013,2013,0
Superior Spider-Man,32,Alpha: Big Time,4,2013,2013,0
Superior Spider-Man,33,Alpha: Big Time,5,2013,2013,0
Superior Spider-Man,34,Superior Spider-Man,12,2013,2013,0
Superior Spider-Man,35,Superior Spider-Man,13,2013,2013,0
Superior Spider-Man,36,Avenging Spider-Man,22,2011,2013,0
Superior Spider-Man,37,Superior Spider-Man,14,2013,2013,0
Superior Spider-Man,38,Superior Spider-Man Team-Up,1,2013,2013,0
Superior Spider-Man,39,Superior Spider-Man,15,2013,2013,0
Superior Spider-Man,40,Superior Spider-Man,16,2013,2013,0
Superior Spider-Man,41,Superior Spider-Man Team-Up,2,2013,2013,0
Superior Spider-Man,42,Scarlet Spider,20,2012,2013,0
Superior Spider-Man,43,Superior Spider-Man,17,2013,2013,0
Superior Spider-Man,44,Superior Spider-Man,18,2013,2013,0
Superior Spider-Man,45,Superior Spider-Man,19,2013,2013,0
Superior Spider-Man,46,All-New X-Men Special,1,2013,2013,0
Superior Spider-Man,47,Indestructible Hulk Special,1,2013,2013,0
Superior Spider-Man,48,Superior Spider-Man Team-Up Special,1,2013,2013,0
Superior Spider-Man,49,Avengers,14,2012,2013,1
Superior Spider-Man,50,Avengers,15,2012,2013,1
Superior Spider-Man,51,Avengers,16,2012,2013,1
Superior Spider-Man,52,Avengers,17,2012,2013,0
Superior Spider-Man,53,Mighty Avengers,1,2013,2013,0
Superior Spider-Man,54,Mighty Avengers,2,2013,2013,0
Superior Spider-Man,55,Mighty Avengers,3,2013,2014,0
Superior Spider-Man,56,Superior Spider-Man Team-Up,3,2013,2013,0
Superior Spider-Man,57,Superior Spider-Man Team-Up,4,2013,2013,0
Superior Spider-Man,58,Superior Spider-Man Team-Up,5,2013,2013,0
Superior Spider-Man,59,Superior Spider-Man Team-Up,6,2013,2014,0
Superior Spider-Man,60,Superior Spider-Man Team-Up,7,2013,2014,0
Superior Spider-Man,61,Superior Spider-Man,20,2013,2013,0
Superior Spider-Man,62,Superior Spider-Man,21,2013,2014,0
Superior Spider-Man,63,Superior Spider-Man Annual,1,2013,2014,0
Superior Spider-Man,64,Superior Spider-Man Team-Up,8,2013,2014,0
Superior Spider-Man,65,Superior Spider-Man,22,2013,2014,0
Superior Spider-Man,66,Superior Spider-Man,23,2013,2014,0
Superior Spider-Man,67,Superior Spider-Man,24,2013,2014,0
Superior Spider-Man,68,Superior Spider-Man,25,2013,2014,0
Superior Spider-Man,69,Superior Carnage,1,2013,2013,0
Superior Spider-Man,70,Superior Carnage,2,2013,2013,0
Superior Spider-Man,71,Superior Carnage,3,2013,2013,0
Superior Spider-Man,72,Superior Carnage,4,2013,2013,0
Superior Spider-Man,73,Superior Carnage,5,2013,2014,0
Superior Spider-Man,74,Superior Carnage Annual,1,2014,2014,0
Superior Spider-Man,75,Superior Spider-Man,26,2013,2014,0
Superior Spider-Man,76,Superior Spider-Man Team-Up,9,2013,2014,0
Superior Spider-Man,77,Superior Spider-Man Team-Up,10,2013,2014,0
Superior Spider-Man,78,Superior Spider-Man,27,2013,2014,0
Superior Spider-Man,79,Superior Spider-Man,28,2013,2014,0
Superior Spider-Man,80,Superior Spider-Man,29,2013,2014,0
Superior Spider-Man,81,Superior Spider-Man Annual,2,2013,2014,0
Superior Spider-Man,82,Superior Spider-Man Team-Up,11,2013,2014,0
Superior Spider-Man,83,Superior Spider-Man Team-Up,12,2013,2014,0
Superior Spider-Man,84,Superior Spider-Man,30,2013,2014,0
Superior Spider-Man,85,Superior Spider-Man,31,2013,2014,0
Superman Doomed,1,Action Comics,30,2011,2014,0
Superman Doomed,2,Superman/Wonder Woman,7,2013,2014,0
Superman Doomed,3,Superman,30,2011,2014,1
Superman Doomed,4,Superman: Doomed,1,2014,2014,0
Superman Doomed,5,Action Comics,31,2011,2014,0
Superman Doomed,6,Superman/Wonder Woman,8,2013,2014,0
Superman Doomed,7,Batman/Superman,11,2013,2014,1
Superman Doomed,8,Superman,31,2011,2014,1
Superman Doomed,9,Action Comics,32,2011,2014,1
Superman Doomed,10,Superman/Wonder Woman,9,2013,2014,0
Superman Doomed,11,Action Comics,33,2011,2014,1
Superman Doomed,12,Superman/Wonder Woman,10,2013,2014,0
Superman Doomed,13,Superman/Wonder Woman Annual,1,2014,2014,0
Superman Doomed,14,Action Comics Annual,3,2012,2014,0
Superman Doomed,15,Action Comics,34,2011,2014,1
Superman Doomed,16,Superman/Wonder Woman,11,2013,2014,0
Superman Doomed,17,Supergirl,34,2011,2014,1
Superman Doomed,18,Superman: Doomed,2,2014,2014,0
Superman Doomed,19,Action Comics,35,2011,2014,1
Superman Doomed,20,Superman/Wonder Woman,12,2013,2014,0
Superman Doomed,21,Supergirl,35,2011,2014,1
Superman: Emperor Joker,1,Superman,160,1987,2000,0
Superman: Emperor Joker,2,Adventures of Superman,582,1987,2000,0
Superman: Emperor Joker,3,Superman: The Man of Steel,104,1991,2000,0
Superman: Emperor Joker,4,Action Comics,769,1938,2000,0
Superman: Emperor Joker,5,Superman: Emperor Joker,1,2000,2000,0
Superman: Emperor Joker,6,Superman,161,1987,2000,0
Superman: Emperor Joker,7,Adventures of Superman,583,1987,2000,0
Superman: Emperor Joker,8,Superman: The Man of Steel,105,1991,2000,0
Superman: Emperor Joker,9,Action Comics,770,1938,2000,0
Superman: H'El on Earth,1,Superman,13,2011,2012,1
Superman: H'El on Earth,2,Superboy,14,2011,2013,1
Superman: H'El on Earth,3,Supergirl,14,2011,2013,1
Superman: H'El on Earth,4,Superman,14,2011,2013,1
Superman: H'El on Earth,5,Superboy,15,2011,2013,1
Superman: H'El on Earth,6,Supergirl,15,2011,2013,1
Superman: H'El on Earth,7,Superman,15,2011,2013,1
Superman: H'El on Earth,8,Superboy,16,2011,2013,0
Superman: H'El on Earth,9,Supergirl,16,2011,2013,0
Superman: H'El on Earth,10,Superboy Annual,1,2013,2013,0
Superman: H'El on Earth,11,Superman,16,2011,2013,1
Superman: H'El on Earth,12,Superboy,17,2011,2013,0
Superman: H'El on Earth,13,Supergirl,17,2011,2013,0
Superman: H'El on Earth,14,Superman,17,2011,2013,1
Superman: New Krypton,1,Supergirl,34,2005,2008,1
Superman: New Krypton,2,"Superman's Pal, Jimmy Olsen Special",1,2008,2008,0
Superman: New Krypton,3,Superman: New Krypton Special,1,2008,2008,0
Superman: New Krypton,4,Superman,681,1939,2008,0
Superman: New Krypton,5,Adventure Comics Special Featuring: The Guardian,1,2009,2009,0
Superman: New Krypton,6,Action Comics,871,1938,2009,0
Superman: New Krypton,7,Supergirl,35,2005,2009,1
Superman: New Krypton,8,Superman,682,1939,2009,0
Superman: New Krypton,9,Action Comics,872,1938,2009,0
Superman: New Krypton,10,Supergirl,36,2005,2009,1
Superman: New Krypton,11,Superman,683,1939,2009,0
Superman: New Krypton,12,Action Comics,873,1938,2009,0
Superman: New Krypton,13,Supergirl,37,2005,2009,1
Superman: New Krypton,14,Superman,684,1939,2009,0
Superman: New Krypton,15,Action Comics,874,1938,2009,0
Superman: New Krypton,16,Supergirl,38,2005,2009,1
Superman: New Krypton,17,Superman,685,1939,2009,0
Superman: New Krypton,18,Superman: World of New Krypton,1,2009,2009,0
Superman: New Krypton,19,Action Comics,875,1938,2009,0
Superman: New Krypton,20,Supergirl,39,2005,2009,1
Superman: New Krypton,21,Superman,686,1939,2009,0
Superman: New Krypton,22,Superman: World of New Krypton,2,2009,2009,0
Superman: New Krypton,23,Action Comics,876,1938,2009,0
Superman: New Krypton,24,Supergirl,40,2005,2009,1
Superman: New Krypton,25,Superman,687,1939,2009,0
Superman: New Krypton,26,Superman: World of New Krypton,3,2009,2009,0
Superman: New Krypton,27,Action Comics,877,1938,2009,0
Superman: New Krypton,28,Supergirl,41,2005,2009,1
Superman: New Krypton,29,Superman,688,1939,2009,0
Superman: New Krypton,30,Superman: World of New Krypton,4,2009,2009,0
Superman: New Krypton,31,Action Comics,878,1938,2009,0
Superman: New Krypton,32,Supergirl,42,2005,2009,1
Superman: New Krypton,33,Superman,689,1939,2009,0
Superman: New Krypton,34,Superman: World of New Krypton,5,2009,2009,0
Superman: New Krypton,35,Action Comics,879,1938,2009,0
Superman: New Krypton,36,Supergirl,43,2005,2009,0
Superman: New Krypton,37,Superman,690,1939,2009,0
Superman: New Krypton,38,Superman: Secret Files 2009,1,2009,2009,0
Superman: New Krypton,39,Superman: World of New Krypton,6,2009,2009,0
Superman: New Krypton,40,Action Comics,880,1938,2009,0
Superman: New Krypton,41,Supergirl,44,2005,2009,0
Superman: New Krypton,42,Superman,691,1939,2009,0
Superman: New Krypton,43,"Superman's Pal, Jimmy Olsen Special",2,2008,2009,0
Superman: New Krypton,44,Superman: World of New Krypton,7,2009,2009,0
Superman: New Krypton,45,Action Comics,881,1938,2009,0
Superman: New Krypton,46,Supergirl,45,2005,2009,0
Superman: New Krypton,47,Superman,692,1939,2009,0
Superman: New Krypton,48,Superman: World of New Krypton,8,2009,2009,0
Superman: New Krypton,49,Action Comics,882,1938,2009,0
Superman: New Krypton,50,Supergirl,46,2005,2009,0
Superman: New Krypton,51,Superman,693,1939,2009,0
Superman: New Krypton,52,Superman: World of New Krypton,9,2009,2010,0
Superman: New Krypton,53,Action Comics,883,1938,2010,0
Superman: New Krypton,54,Supergirl,47,2005,2010,0
Superman: New Krypton,55,Superman,694,1939,2010,0
Superman: New Krypton,56,Superman: World of New Krypton,10,2009,2010,0
Superman: New Krypton,57,Action Comics,884,1938,2010,0
Superman: New Krypton,58,Supergirl,48,2005,2010,0
Superman: New Krypton,59,Superman,695,1939,2010,0
Superman: New Krypton,60,Superman: World of New Krypton,11,2009,2010,0
Superman: New Krypton,61,Action Comics,885,1938,2010,0
Superman: New Krypton,62,Supergirl,49,2005,2010,0
Superman: New Krypton,63,Superman,696,1939,2010,0
Superman: New Krypton,64,Superman: World of New Krypton,12,2009,2010,0
Superman: New Krypton,65,Action Comics,886,1938,2010,0
Superman: New Krypton,66,Supergirl,50,2005,2010,0
Superman: New Krypton,67,Superman,697,1939,2010,0
Superman: New Krypton,68,Adventure Comics,8,2009,2010,0
Superman: New Krypton,69,Superman: Last Stand of New Krypton,1,2010,2010,0
Superman: New Krypton,70,Action Comics,887,1938,2010,0
Superman: New Krypton,71,Supergirl,51,2005,2010,0
Superman: New Krypton,72,Superman,698,1939,2010,0
Superman: New Krypton,73,Adventure Comics,9,2009,2010,0
Superman: New Krypton,74,Superman: Last Stand of New Krypton,2,2010,2010,0
Superman: New Krypton,75,Action Comics,888,1938,2010,0
Superman: New Krypton,76,Adventure Comics,10,2009,2010,0
Superman: New Krypton,77,Supergirl,52,2005,2010,0
Superman: New Krypton,78,Superman,699,1939,2010,0
Superman: New Krypton,79,Superman: Last Stand of New Krypton,3,2010,2010,0
Superman: New Krypton,80,Action Comics,889,1938,2010,0
Superman: New Krypton,81,Adventure Comics,11,2009,2010,0
Superman Reborn,1,Action Comics,973,2016,2017,1
Superman Reborn,2,Action Comics,974,2016,2017,1
Superman Reborn,3,Superman,18,2016,2017,1
Superman Reborn,4,Action Comics,975,2016,2017,1
Superman Reborn,5,Superwoman,8,2016,2017,0
Superman Reborn,6,Superman,19,2016,2017,1
Superman Reborn,7,Action Comics,976,2016,2017,1
Superman Reborn,8,Supergirl,8,2016,2017,1
Superman Reborn,9,New Super-Man,10,2016,2017,0
Superman Reborn,10,Superwoman,9,2016,2017,0
Superman Reborn,11,Trinity,8,2016,2017,0
Superman Reborn,12,Action Comics,977,2016,2017,1
Superman Reborn,13,Action Comics,978,2016,2017,1
Superman Savage Dawn,1,Superman Annual,3,2012,2016,0
Superman Savage Dawn,2,Action Comics,48,2011,2016,0
Superman Savage Dawn,3,Superman/Wonder Woman,25,2013,2016,0
Superman Savage Dawn,4,Superman,48,2011,2016,0
Superman Savage Dawn,5,Action Comics,49,2011,2016,0
Superman Savage Dawn,6,Superman/Wonder Woman,26,2013,2016,0
Superman Savage Dawn,7,Superman,49,2011,2016,0
Superman Savage Dawn,8,Action Comics,50,2011,2016,0
Superman Savage Dawn,9,Superman/Wonder Woman,27,2013,2016,0
Superman Savage Dawn,10,Superman,50,2011,2016,0
"Superman: Up, Up, and Away!",1,Superman,650,1939,2006,0
"Superman: Up, Up, and Away!",2,Action Comics,837,1938,2006,0
"Superman: Up, Up, and Away!",3,Superman,651,1939,2006,0
"Superman: Up, Up, and Away!",4,Action Comics,838,1938,2006,0
"Superman: Up, Up, and Away!",5,Superman,652,1939,2006,0
"Superman: Up, Up, and Away!",6,Action Comics,839,1938,2006,0
"Superman: Up, Up, and Away!",7,Superman,653,1939,2006,0
"Superman: Up, Up, and Away!",8,Action Comics,840,1938,2006,0
Symbiosis Necrosis,1,Venom,31,2021,2024,1
Symbiosis Necrosis,2,Carnage,5,2023,2024,1
Symbiosis Necrosis,3,Venom,32,2021,2024,1
Symbiosis Necrosis,4,Carnage,6,2023,2024,1
The 8 Deaths of Spider-Man,1,The Amazing Spider-Man,61,2022,2024,1
The 8 Deaths of Spider-Man,2,The Amazing Spider-Man,62,2022,2024,1
The 8 Deaths of Spider-Man,3,The Amazing Spider-Man,63,2022,2024,1
The 8 Deaths of Spider-Man,4,The Amazing Spider-Man,64,2022,2024,1
The 8 Deaths of Spider-Man,5,The Amazing Spider-Man,65,2022,2025,1
The 8 Deaths of Spider-Man,6,The Amazing Spider-Man,66,2022,2025,1
The 8 Deaths of Spider-Man,7,The Amazing Spider-Man,67,2022,2025,1
The 8 Deaths of Spider-Man,8,The Amazing Spider-Man,68,2022,2025,1
The 8 Deaths of Spider-Man,9,The Amazing Spider-Man,69,2022,2025,1
The 8 Deaths of Spider-Man,10,The Amazing Spider-Man,70,2022,2025,1
The Black Diamond Probability,1,Demon Knights,13,2011,2012,1
The Black Diamond Probability,2,Demon Knights,14,2011,2013,1
The Black Diamond Probability,3,Demon Knights,15,2011,2013,1
The Black Diamond Probability,4,All Star Western,13,2011,2012,1
The Black Diamond Probability,5,All Star Western,14,2011,2013,1
The Black Diamond Probability,6,All Star Western,15,2011,2013,1
The Black Diamond Probability,7,All Star Western,16,2011,2013,0
The Black Diamond Probability,8,Team 7,1,2012,2012,0
The Black Diamond Probability,9,Team 7,2,2012,2013,0
The Black Diamond Probability,10,Team 7,3,2012,2013,0
The Black Diamond Probability,11,Team 7,4,2012,2013,0
The Black Diamond Probability,12,Catwoman,15,2011,2013,1
The Black Diamond Probability,13,Catwoman,16,2011,2013,1
The Black Diamond Probability,14,Sword of Sorcery,6,2012,2013,0
The Black Diamond Probability,15,Sword of Sorcery,7,2012,2013,0
The Black Diamond Probability,16,Sword of Sorcery,8,2012,2013,0
The Black Vortex,1,Guardians of the Galaxy & X-Men: The Black Vortex Alpha,1,2015,2015,0
The Black Vortex,2,Guardians of the Galaxy,24,2013,2015,0
The Black Vortex,3,Legendary Star-Lord,9,2014,2015,0
The Black Vortex,4,All-New X-Men,38,2012,2015,1
The Black Vortex,5,All-New X-Men,39,2012,2015,1
The Black Vortex,6,Guardians Team-Up,3,2015,2015,0
The Black Vortex,7,Guardians of the Galaxy,25,2013,2015,0
The Black Vortex,8,Nova,28,2013,2015,0
The Black Vortex,9,Legendary Star-Lord,10,2014,2015,0
The Black Vortex,10,Cyclops,12,2014,2015,0
The Black Vortex,11,Captain Marvel,14,2014,2015,1
The Black Vortex,12,Legendary Star-Lord,11,2014,2015,0
The Black Vortex,13,Guardians of the Galaxy & X-Men: The Black Vortex Omega,1,2015,2015,0
The Clone Saga,1,Spider-Man: The Lost Years,0,1995,1996,0
The Clone Saga,2,Spider-Man: The Lost Years,1,1995,1995,0
The Clone Saga,3,Spider-Man: The Lost Years,2,1995,1995,0
The Clone Saga,4,Spider-Man: The Lost Years,3,1995,1995,0
The Clone Saga,5,Web of Spider-Man,117,1985,1994,0
The Clone Saga,6,The Amazing Spider-Man,394,1963,1994,0
The Clone Saga,7,Spider-Man,51,1990,1994,0
The Clone Saga,8,The Spectacular Spider-Man,217,1976,1994,0
The Clone Saga,9,Web of Spider-Man,118,1985,1994,0
The Clone Saga,10,Spider-Man Unlimited,7,1993,1994,0
The Clone Saga,11,Spider-Man,52,1990,1994,0
The Clone Saga,12,Web of Spider-Man,119,1985,1994,0
The Clone Saga,13,Spider-Man,53,1990,1994,0
The Clone Saga,14,The Amazing Spider-Man,395,1963,1994,0
The Clone Saga,15,The Spectacular Spider-Man,218,1976,1994,0
The Clone Saga,16,The Amazing Spider-Man,396,1963,1994,0
The Clone Saga,17,The Spectacular Spider-Man,219,1976,1994,0
The Clone Saga,18,Web of Spider-Man,120,1985,1995,0
The Clone Saga,19,Spider-Man,54,1990,1995,0
The Clone Saga,20,Web of Spider-Man,121,1985,1995,0
The Clone Saga,21,Spider-Man,55,1990,1995,0
The Clone Saga,22,The Amazing Spider-Man,397,1963,1995,0
The Clone Saga,23,The Spectacular Spider-Man,220,1976,1995,0
The Clone Saga,24,The Amazing Spider-Man,398,1963,1995,0
The Clone Saga,25,The Spectacular Spider-Man,221,1976,1995,0
The Clone Saga,26,Spider-Man: Funeral for an Octopus,1,1995,1995,0
The Clone Saga,27,Spider-Man: Funeral for an Octopus,2,1995,1995,0
The Clone Saga,28,Spider-Man: Funeral for an Octopus,3,1995,1995,0
The Clone Saga,29,Spider-Man Unlimited,8,1993,1995,0
The Clone Saga,30,Web of Spider-Man,122,1985,1995,0
The Clone Saga,31,The Amazing Spider-Man,399,1963,1995,0
The Clone Saga,32,Spider-Man,56,1990,1995,0
The Clone Saga,33,Spider-Man: The Clone Journal,1,1995,1995,0
The Clone Saga,34,The Spectacular Spider-Man,222,1976,1995,0
The Clone Saga,35,Web of Spider-Man,123,1985,1995,0
The Clone Saga,36,Amazing Spider-Man Super Special,1,1995,1995,0
The Clone Saga,37,Spider-Man Super Special,1,1995,1995,0
The Clone Saga,38,Venom Super Special,1,1995,1995,0
The Clone Saga,39,Spectacular Spider-Man Super Special,1,1995,1995,0
The Clone Saga,40,Web of Spider-Man Super Special,1,1995,1995,0
The Clone Saga,41,The Amazing Spider-Man,400,1963,1995,0
The Clone Saga,42,Spider-Man,57,1990,1995,0
The Clone Saga,43,The Spectacular Spider-Man,223,1976,1995,0
The Clone Saga,44,Web of Spider-Man,124,1985,1995,0
The Clone Saga,45,The Amazing Spider-Man,401,1963,1995,0
The Clone Saga,46,Spider-Man,58,1990,1995,0
The Clone Saga,47,The Spectacular Spider-Man,224,1976,1995,0
The Clone Saga,48,Spider-Man Unlimited,9,1993,1995,0
The Clone Saga,49,Web of Spider-Man,125,1985,1995,0
The Clone Saga,50,The Amazing Spider-Man,402,1963,1995,0
The Clone Saga,51,Spider-Man,59,1990,1995,0
The Clone Saga,52,The Spectacular Spider-Man,225,1976,1995,0
The Clone Saga,53,Web of Spider-Man,126,1985,1995,0
The Clone Saga,54,The Amazing Spider-Man,403,1963,1995,0
The Clone Saga,55,Spider-Man,60,1990,1995,0
The Clone Saga,56,Spider-Man 2099 Meets Spider-Man,1,1995,1995,0
The Clone Saga,57,The Spectacular Spider-Man,226,1976,1995,0
The Clone Saga,58,Spider-Man: The Jackal Files,1,1995,1995,0
The Clone Saga,59,The New Warriors,61,1990,1995,0
The Clone Saga,60,Spider-Man: Maximum Clonage Alpha,1,1995,1995,0
The Clone Saga,61,Web of Spider-Man,127,1985,1995,0
The Clone Saga,62,The Amazing Spider-Man,404,1963,1995,0
The Clone Saga,63,Spider-Man,61,1990,1995,0
The Clone Saga,64,The Spectacular Spider-Man,227,1976,1995,0
The Clone Saga,65,Spider-Man: Maximum Clonage Omega,1,1995,1995,0
The Clone Saga,66,The New Warriors,62,1990,1995,0
The Clone Saga,67,Web of Spider-Man,128,1985,1995,0
The Clone Saga,68,The Amazing Spider-Man,405,1963,1995,0
The Clone Saga,69,Spider-Man,62,1990,1995,0
The Clone Saga,70,Spider-Man Unlimited,10,1993,1995,0
The Clone Saga,71,The Spectacular Spider-Man,228,1976,1995,0
The Clone Saga,72,Web of Spider-Man,129,1985,1995,0
The Clone Saga,73,The New Warriors,63,1990,1995,0
The Clone Saga,74,The New Warriors,64,1990,1995,0
The Clone Saga,75,The Amazing Spider-Man,406,1963,1995,0
The Clone Saga,76,Spider-Man,63,1990,1995,0
The Clone Saga,77,Spider-Man Team-Up,1,1995,1995,0
The Clone Saga,78,The Spectacular Spider-Man,229,1976,1995,0
The Clone Saga,79,The New Warriors,65,1990,1995,0
The Clone Saga,80,Scarlet Spider Unlimited,1,1995,1995,0
The Clone Saga,81,Web of Scarlet Spider,1,1995,1995,0
The Clone Saga,82,The Amazing Scarlet Spider,1,1995,1995,0
The Clone Saga,83,Scarlet Spider,1,1995,1995,0
The Clone Saga,84,The Spectacular Scarlet Spider,1,1995,1995,0
The Clone Saga,85,Web of Scarlet Spider,2,1995,1995,0
The Clone Saga,86,The Amazing Scarlet Spider,2,1995,1995,0
The Clone Saga,87,Green Goblin,3,1995,1995,0
The Clone Saga,88,The New Warriors,66,1990,1995,0
The Clone Saga,89,Scarlet Spider,2,1995,1995,0
The Clone Saga,90,The Spectacular Scarlet Spider,2,1995,1995,0
The Clone Saga,91,Sensational Spider-Man Wizard Mini Comic,3,1995,1995,0
The Clone Saga,92,The Sensational Spider-Man,0,1996,1996,0
The Clone Saga,93,The Amazing Spider-Man,407,1963,1996,0
The Clone Saga,94,Spider-Man,64,1990,1996,0
The Clone Saga,95,Web of Scarlet Spider,3,1995,1996,0
The Clone Saga,96,The New Warriors,67,1990,1996,0
The Clone Saga,97,Web of Scarlet Spider,4,1995,1996,0
The Clone Saga,98,The Spectacular Spider-Man,230,1976,1996,0
The Clone Saga,99,Spider-Man/Punisher: Family Plot,1,1996,1996,0
The Clone Saga,100,Spider-Man/Punisher: Family Plot,2,1996,1996,0
The Clone Saga,101,Venom: Along Came A Spider,1,1996,1996,0
The Clone Saga,102,Venom: Along Came A Spider,2,1996,1996,0
The Clone Saga,103,Venom: Along Came A Spider,3,1996,1996,0
The Clone Saga,104,Venom: Along Came A Spider,4,1996,1996,0
The Clone Saga,105,The Sensational Spider-Man,1,1996,1996,0
The Clone Saga,106,The Amazing Spider-Man,408,1963,1996,0
The Clone Saga,107,Spider-Man,65,1990,1996,0
The Clone Saga,108,Spider-Man Holiday Special,1,1995,1995,0
The Clone Saga,109,Spider-Man: The Final Adventure,1,1996,1995,0
The Clone Saga,110,Spider-Man: The Final Adventure,2,1996,1996,0
The Clone Saga,111,Spider-Man: The Final Adventure,3,1996,1996,0
The Clone Saga,112,Spider-Man: The Final Adventure,4,1996,1996,0
The Clone Saga,113,Spider-Man Unlimited,11,1993,1996,0
The Clone Saga,114,Spider-Man Team-Up,2,1995,1996,0
The Clone Saga,115,The Spectacular Spider-Man,231,1976,1996,0
The Clone Saga,116,The Sensational Spider-Man,2,1996,1996,0
The Clone Saga,117,The Amazing Spider-Man,409,1963,1996,0
The Clone Saga,118,Spider-Man,66,1990,1996,0
The Clone Saga,119,The Spectacular Spider-Man,232,1976,1996,0
The Clone Saga,120,The Sensational Spider-Man,3,1996,1996,0
The Clone Saga,121,The Amazing Spider-Man,410,1963,1996,0
The Clone Saga,122,Spider-Man,67,1990,1996,0
The Clone Saga,123,The Spectacular Spider-Man,233,1976,1996,0
The Clone Saga,124,The Sensational Spider-Man,4,1996,1996,0
The Clone Saga,125,The Amazing Spider-Man,411,1963,1996,0
The Clone Saga,126,Spider-Man,68,1990,1996,0
The Clone Saga,127,The Spectacular Spider-Man,234,1976,1996,0
The Clone Saga,128,The Sensational Spider-Man,5,1996,1996,0
The Clone Saga,129,The Amazing Spider-Man,412,1963,1996,0
The Clone Saga,130,Spider-Man Unlimited,12,1993,1996,0
The Clone Saga,131,Spider-Man,69,1990,1996,0
The Clone Saga,132,Spider-Man Team-Up,3,1995,1996,0
The Clone Saga,133,The Sensational Spider-Man,6,1996,1996,0
The Clone Saga,134,Spider-Man: Redemption,1,1996,1996,0
The Clone Saga,135,Spider-Man: Redemption,2,1996,1996,0
The Clone Saga,136,Spider-Man: Redemption,3,1996,1996,0
The Clone Saga,137,Spider-Man: Redemption,4,1996,1996,0
The Clone Saga,138,The Amazing Spider-Man,413,1963,1996,0
The Clone Saga,139,Daredevil,354,1964,1996,0
The Clone Saga,140,Spider-Man,70,1990,1996,0
The Clone Saga,141,The Spectacular Spider-Man,235,1976,1996,0
The Clone Saga,142,The Spectacular Spider-Man,236,1976,1996,0
The Clone Saga,143,The Sensational Spider-Man,7,1996,1996,0
The Clone Saga,144,The Amazing Spider-Man,414,1963,1996,0
The Clone Saga,145,Spider-Man,71,1990,1996,0
The Clone Saga,146,The Spectacular Spider-Man,237,1976,1996,0
The Clone Saga,147,Spider-Man Unlimited,13,1993,1996,0
The Clone Saga,148,Spider-Man Team-Up,4,1995,1996,0
The Clone Saga,149,The Sensational Spider-Man,8,1996,1996,0
The Clone Saga,150,The Sensational Spider-Man,9,1996,1996,0
The Clone Saga,151,The Sensational Spider-Man,10,1996,1996,0
The Clone Saga,152,The Amazing Spider-Man,416,1963,1996,0
The Clone Saga,153,The Spectacular Spider-Man,238,1976,1996,0
The Clone Saga,154,The Spectacular Spider-Man,239,1976,1996,0
The Clone Saga,155,The Amazing Spider-Man '96,1,1996,1996,0
The Clone Saga,156,Spider-Man,73,1990,1996,0
The Clone Saga,157,Spider-Man,74,1990,1996,0
The Clone Saga,158,The Amazing Spider-Man,417,1963,1996,0
The Clone Saga,159,Spider-Man Unlimited,14,1993,1996,0
The Clone Saga,160,Spider-Man Team-Up,5,1995,1996,0
The Clone Saga,161,The Spectacular Spider-Man,240,1976,1996,0
The Clone Saga,162,The Sensational Spider-Man,11,1996,1996,0
The Clone Saga,163,The Amazing Spider-Man,418,1963,1996,0
The Clone Saga,164,Spider-Man,75,1990,1996,0
The Clone Saga,165,The Spectacular Spider-Man,241,1976,1996,0
The Clone Saga,166,Osborn Journals,1,1996,1997,0
The Clone Saga,167,Spider-Man: Dead Man's Hand,1,1997,1997,0
The Culling,1,Superboy,8,2011,2012,1
The Culling,2,Legion Lost,8,2011,2012,1
The Culling,3,Teen Titans,8,2011,2012,1
The Culling,4,Teen Titans Annual,1,2012,2012,1
The Culling,5,Superboy,9,2011,2012,1
The Culling,6,Legion Lost,9,2011,2012,1
The Culling,7,Teen Titans,9,2011,2012,1
The Culling,8,The Ravagers,1,2012,2012,1
The Eighth Day,1,Iron Man,21,1998,1999,1
The Eighth Day,2,Thor,17,1998,1999,1
The Eighth Day,3,Iron Man,22,1998,1999,1
The Eighth Day,4,Peter Parker: Spider-Man,11,1999,1999,0
The Eighth Day,5,Juggernaut: The Eighth Day,1,1999,1999,0
The Enemy Within,1,Captain Marvel,12,2012,2013,1
The Enemy Within,2,Avengers: The Enemy Within,1,2013,2013,0
The Enemy Within,3,Avengers Assemble,16,2012,2013,0
The Enemy Within,4,Captain Marvel,13,2012,2013,1
The Enemy Within,5,Avengers Assemble,17,2012,2013,0
The Enemy Within,6,Captain Marvel,14,2012,2013,1
The Enemy Within,7,Captain Marvel,17,2012,2014,1
The Infected,1,Batman/Superman,1,2019,2019,1
The Infected,2,Batman/Superman,2,2019,2019,1
The Infected,3,The Infected: King Shazam,1,2019,2020,1
The Infected,4,Black Adam: Year of the Villain,1,2019,2019,1
The Infected,5,Batman/Superman,3,2019,2019,1
The Infected,6,The Infected: Scarab,1,2019,2020,1
The Infected,7,Hawkman,18,2018,2020,1
The Infected,8,Batman/Superman,4,2019,2020,1
The Infected,9,Supergirl,36,2016,2020,1
The Infected,10,The Infected: Deathbringer,1,2019,2020,1
The Infected,11,Hawkman,19,2018,2020,1
The Infected,12,Supergirl,37,2016,2020,1
The Infected,13,Supergirl Annual,2,2016,2020,1
The Infected,14,Batman/Superman,5,2019,2020,1
The Infected,15,The Infected: The Commissioner,1,2019,2020,1
The Infected,16,Supergirl,38,2016,2020,1
The Infected,17,Hawkman,20,2018,2020,1
The Infected,18,Batman/Superman,6,2019,2020,1
The Infected,19,Supergirl,39,2016,2020,1
The Infected,20,Supergirl,40,2016,2020,1
The Infected,21,Hawkman,21,2018,2020,1
The Infected,22,Hawkman,22,2018,2020,1
The Infected,23,Hawkman,23,2018,2020,1
The Initiative,1,Civil War: The Initiative,1,2007,2007,0
The Initiative,2,Ms. Marvel,13,2006,2007,0
The Initiative,3,Ms. Marvel,14,2006,2007,0
The Initiative,4,Ms. Marvel,15,2006,2007,0
The Initiative,5,Ms. Marvel,16,2006,2007,0
The Initiative,6,Ms. Marvel,17,2006,2007,0
The Initiative,7,Thunderbolts,112,2006,2007,0
The Initiative,8,Thunderbolts,113,2006,2007,0
The Initiative,9,Thunderbolts,114,2006,2007,0
The Initiative,10,Thunderbolts,115,2006,2007,0
The Initiative,11,Omega Flight,1,2007,2007,0
The Initiative,12,Omega Flight,2,2007,2007,0
The Initiative,13,Omega Flight,3,2007,2007,0
The Initiative,14,Omega Flight,4,2007,2007,0
The Initiative,15,Omega Flight,5,2007,2007,0
The Initiative,16,Moon Knight,13,2006,2007,1
The Initiative,17,Captain America,26,2004,2007,0
The Initiative,18,Captain America,27,2004,2007,0
The Initiative,19,Captain America,28,2004,2007,0
The Initiative,20,Captain America,29,2004,2007,0
The Initiative,21,Captain America,30,2004,2007,0
The Initiative,22,New Avengers,27,2004,2007,0
The Initiative,23,New Avengers,28,2004,2007,0
The Initiative,24,New Avengers,29,2004,2007,0
The Initiative,25,New Avengers,30,2004,2007,0
The Initiative,26,New Avengers,31,2004,2007,0
The Initiative,27,New Warriors,1,2007,2007,0
The Initiative,28,New Warriors,2,2007,2007,0
The Initiative,29,New Warriors,3,2007,2007,0
The Initiative,30,New Warriors,4,2007,2007,0
The Initiative,31,New Warriors,5,2007,2007,0
The Initiative,32,New Warriors,6,2007,2008,0
The Initiative,33,New Warriors,7,2007,2008,0
The Initiative,34,New Warriors,8,2007,2008,0
The Initiative,35,Black Panther,26,2005,2007,0
The Initiative,36,Fantastic Four,544,1998,2007,0
The Initiative,37,Fantastic Four,545,1998,2007,0
The Initiative,38,Fantastic Four,546,1998,2007,0
The Initiative,39,Black Panther,27,2005,2007,0
The Initiative,40,Black Panther,28,2005,2007,0
The Initiative,41,Black Panther,29,2005,2007,0
The Initiative,42,Black Panther,30,2005,2007,0
The Initiative,43,Iron Man,15,2004,2007,1
The Initiative,44,Iron Man,16,2004,2007,1
The Initiative,45,Iron Man,17,2004,2007,1
The Initiative,46,Iron Man,18,2004,2007,1
The Initiative,47,Avengers: The Initiative,1,2007,2007,0
The Initiative,48,Avengers: The Initiative,2,2007,2007,0
The Initiative,49,Avengers: The Initiative,3,2007,2007,0
The Initiative,50,Fantastic Four,547,1998,2007,0
The Initiative,51,Fantastic Four,548,1998,2007,0
The Initiative,52,Fantastic Four,549,1998,2007,0
The Initiative,53,Fantastic Four,550,1998,2007,0
The Initiative,54,Punisher War Journal,6,2007,2007,0
The Initiative,55,Punisher War Journal,7,2007,2007,0
The Initiative,56,Punisher War Journal,8,2007,2007,0
The Initiative,57,Punisher War Journal,9,2007,2007,0
The Initiative,58,Punisher War Journal,10,2007,2007,0
The Initiative,59,Punisher War Journal,11,2007,2007,0
The Initiative,60,The Mighty Avengers,1,2007,2007,0
The Initiative,61,The Mighty Avengers,2,2007,2007,0
The Initiative,62,The Mighty Avengers,3,2007,2007,0
The Initiative,63,The Mighty Avengers,4,2007,2007,0
The Initiative,64,The Mighty Avengers,5,2007,2007,0
The Initiative,65,The Mighty Avengers,6,2007,2008,0
The Initiative,66,Sub-Mariner,1,2007,2007,0
The Initiative,67,Sub-Mariner,2,2007,2007,0
The Initiative,68,Sub-Mariner,3,2007,2007,0
The Initiative,69,Sub-Mariner,4,2007,2007,0
The Initiative,70,Sub-Mariner,5,2007,2007,0
The Initiative,71,Sub-Mariner,6,2007,2008,0
The Initiative,72,The Order,1,2007,2007,0
The Initiative,73,The Order,2,2007,2007,0
The Initiative,74,The Order,3,2007,2007,0
The Initiative,75,The Order,4,2007,2007,0
The Initiative,76,Penance: Relentless,1,2007,2007,0
The Initiative,77,Penance: Relentless,2,2007,2007,0
The Initiative,78,Penance: Relentless,3,2007,2008,0
The Initiative,79,Penance: Relentless,4,2007,2008,0
The Initiative,80,Penance: Relentless,5,2007,2008,0
The Justice Society Returns!,1,All Star Comics,1,1999,1999,0
The Justice Society Returns!,2,Adventure Comics,1,1999,1999,0
The Justice Society Returns!,3,All-American Comics,1,1999,1999,0
The Justice Society Returns!,4,National Comics,1,1999,1999,0
The Justice Society Returns!,5,Sensation Comics,1,1999,1999,0
The Justice Society Returns!,6,Smash Comics,1,1999,1999,0
The Justice Society Returns!,7,Star Spangled Comics,1,1999,1999,0
The Justice Society Returns!,8,Thrilling Comics,1,1999,1999,0
The Justice Society Returns!,9,All Star Comics,2,1999,1999,0
The Last Annihilation,1,Guardians of the Galaxy,16,2020,2021,1
The Last Annihilation,2,S.W.O.R.D.,7,2020,2021,1
The Last Annihilation,3,Guardians of the Galaxy,17,2020,2021,1
The Last Annihilation,4,Cable: Reloaded,1,2021,2021,1
The Last Annihilation,5,The Last Annihilation: Wiccan & Hulkling,1,2021,2021,1
The Last Annihilation,6,The Last Annihilation: Wakanda,1,2021,2021,1
The Last Annihilation,7,Guardians of the Galaxy,18,2020,2021,1
The Lazarus Contract,1,Titans,11,2016,2017,0
The Lazarus Contract,2,Teen Titans,8,2016,2017,1
The Lazarus Contract,3,Deathstroke,19,2016,2017,0
The Lazarus Contract,4,Teen Titans: The Lazarus Contract Special,1,2017,2017,0
The Lazarus Contract,5,Deathstroke,20,2016,2017,0
The Omega Effect,1,Avenging Spider-Man,6,2011,2012,0
The Omega Effect,2,The Punisher,10,2011,2012,0
The Omega Effect,3,Daredevil,11,2011,2012,0
The Resurrection of Ra's al Ghul,1,Batman Annual,26,1961,2007,0
The Resurrection of Ra's al Ghul,2,Robin Annual,7,1992,2007,0
The Resurrection of Ra's al Ghul,3,Batman,670,1940,2007,0
The Resurrection of Ra's al Ghul,4,Robin,168,1993,2008,0
The Resurrection of Ra's al Ghul,5,Nightwing,138,1996,2008,1
The Resurrection of Ra's al Ghul,6,Detective Comics,838,1937,2008,0
The Resurrection of Ra's al Ghul,7,Batman,671,1940,2008,0
The Resurrection of Ra's al Ghul,8,Robin,169,1993,2008,0
The Resurrection of Ra's al Ghul,9,Nightwing,139,1996,2008,1
The Resurrection of Ra's al Ghul,10,Detective Comics,839,1937,2008,0
The Resurrection of Ra's al Ghul,11,Detective Comics,840,1937,2008,0
The Starbreaker Supremacy,1,Green Lantern,25,2023,2025,1
The Starbreaker Supremacy,2,Green Lantern Corps,7,2025,2025,1
The Starbreaker Supremacy,3,Green Lantern,26,2023,2025,1
The Starbreaker Supremacy,4,Green Lantern Corps,8,2025,2025,1
The Starbreaker Supremacy,5,Green Lantern,27,2023,2025,1
The Starbreaker Supremacy,6,Green Lantern Corps,9,2025,2025,1
The Thanos Imperative,1,Guardians of the Galaxy,25,2008,2010,0
The Thanos Imperative,2,Nova,36,2007,2010,0
The Thanos Imperative,3,The Thanos Imperative: Ignition,1,2010,2010,0
The Thanos Imperative,4,The Thanos Imperative,1,2010,2010,0
The Thanos Imperative,5,The Thanos Imperative,2,2010,2010,0
The Thanos Imperative,6,The Thanos Imperative,3,2010,2010,0
The Thanos Imperative,7,The Thanos Imperative,4,2010,2010,0
The Thanos Imperative,8,The Thanos Imperative,5,2010,2010,0
The Thanos Imperative,9,The Thanos Imperative,6,2010,2011,0
The Thanos Imperative,10,The Thanos Imperative: Devastation,1,2011,2011,0
The Trial of Jean Grey,1,All-New X-Men,22,2012,2014,0
The Trial of Jean Grey,2,Guardians of the Galaxy,11,2013,2014,1
The Trial of Jean Grey,3,All-New X-Men,23,2012,2014,1
The Trial of Jean Grey,4,Guardians of the Galaxy,12,2013,2014,1
The Trial of Jean Grey,5,All-New X-Men,24,2012,2014,0
The Trial of Jean Grey,6,Guardians of the Galaxy,13,2013,2014,1
The Witching Hour,1,Wonder Woman and Justice League Dark: The Witching Hour,1,2019,2019,0
The Witching Hour,2,Wonder Woman,56,2016,2018,1
The Witching Hour,3,Justice League Dark,4,2018,2018,0
The Witching Hour,4,Wonder Woman,57,2016,2018,1
The Witching Hour,5,Justice League Dark and Wonder Woman: The Witching Hour,1,2018,2018,0
Throne of Atlantis,1,Aquaman,14,2011,2013,1
Throne of Atlantis,2,Justice League,15,2011,2013,1
Throne of Atlantis,3,Aquaman,15,2011,2013,1
Throne of Atlantis,4,Justice League,16,2011,2013,1
Throne of Atlantis,5,Aquaman,16,2011,2013,1
Throne of Atlantis,6,Justice League,17,2011,2013,1
Throne of Atlantis,7,Aquaman,17,2011,2013,1
Titans: Beast World,1,Tales of the Titans,4,2023,2023,0
Titans: Beast World,2,Titans,5,2023,2024,0
Titans: Beast World,3,Titans: Beast World Evolution,1,2024,2024,0
Titans: Beast World,4,Nightwing,109,2016,2024,0
Titans: Beast World,5,Titans: Beast World,1,2024,2024,0
Titans: Beast World,6,Titans: Beast World: Waller Rising,1,2024,2024,0
Titans: Beast World,7,Titans: Beast World Tour: Metropolis,1,2024,2024,0
Titans: Beast World,8,Titans: Beast World,2,2024,2024,0
Titans: Beast World,9,Titans: Beast World Tour: Gotham,1,2024,2024,0
Titans: Beast World,10,Action Comics,1060,2016,2024,0
Titans: Beast World,11,Titans: Beast World Tour: Central City,1,2024,2024,0
Titans: Beast World,12,Titans: Beast World,3,2024,2024,0
Titans: Beast World,13,Titans,6,2023,2024,0
Titans: Beast World,14,Titans: Beast World Tour: Atlantis,1,2024,2024,0
Titans: Beast World,15,Titans: Beast World,4,2024,2024,0
Titans: Beast World,16,Titans,7,2023,2024,0
Titans: Beast World,17,Nightwing,110,2016,2024,1
Titans: Beast World,18,Titans: Beast World,5,2024,2024,0
Titans: Beast World,19,Titans: Beast World Tour: Star City,1,2024,2024,0
Titans: Beast World,20,Titans: Beast World,6,2024,2024,0
Titans: Beast World,21,Titans,8,2023,2024,0
Titans: Beast World,22,Green Arrow,9,2023,2024,1
Trial of the Amazons,1,Trial of the Amazons,1,2022,2022,0
Trial of the Amazons,2,Nubia & the Amazons,6,2021,2022,0
Trial of the Amazons,3,Wonder Woman,785,2016,2022,1
Trial of the Amazons,4,Trial of the Amazons: Wonder Girl,1,2022,2022,0
Trial of the Amazons,5,Wonder Woman,786,2016,2022,1
Trial of the Amazons,6,Trial of the Amazons: Wonder Girl,2,2022,2022,0
Trial of the Amazons,7,Trial of the Amazons,2,2022,2022,0
Trial of the Amazons,8,Nubia: Coronation Special,1,2022,2022,0
Trinity War,1,Justice League,19,2011,2013,1
Trinity War,2,Justice League,20,2011,2013,1
Trinity War,3,Justice League of America,1,2013,2013,0
Trinity War,4,Justice League of America,2,2013,2013,0
Trinity War,5,Justice League of America,3,2013,2013,0
Trinity War,6,Justice League of America,4,2013,2013,0
Trinity War,7,Justice League of America,5,2013,2013,0
Trinity War,8,DC Comics - The New 52 FCBD Special Edition,1,2012,2012,0
Trinity War,9,Trinity of Sin: Pandora,1,2013,2013,0
Trinity War,10,Justice League,22,2011,2013,1
Trinity War,11,Justice League of America,6,2013,2013,0
Trinity War,12,Justice League Dark,22,2011,2013,1
Trinity War,13,Constantine,5,2013,2013,0
Trinity War,14,Trinity of Sin: Pandora,2,2013,2013,0
Trinity War,15,The Phantom Stranger,11,2012,2013,0
Trinity War,16,Justice League of America,7,2013,2013,0
Trinity War,17,Trinity of Sin: Pandora,3,2013,2013,0
Trinity War,18,Justice League Dark,23,2011,2013,1
Trinity War,19,Justice League,23,2011,2013,1
Ultimate Endgame,1,Ultimate Universe: Two Years In,1,2025,2025,1
Ultimate Endgame,2,Ultimate Endgame,1,2025,2025,1
Ultimate Endgame,3,The Ultimates,19,2024,2025,0
Ultimate Endgame,4,The Ultimates,20,2024,2026,0
Ultimate Endgame,5,Ultimate Endgame,2,2025,2026,1
Ultimate Endgame,6,The Ultimates,21,2024,2026,0
Ultimate Endgame,7,The Ultimates,22,2024,2026,0
Ultimate Endgame,8,Ultimate Endgame,3,2025,2026,1
Ultimate Endgame,9,The Ultimates,23,2024,2026,0
Ultimate Endgame,10,Ultimate Endgame,4,2025,2026,1
Ultimate Endgame,11,The Ultimates,24,2024,2026,0
Ultimate Endgame,12,Ultimate Endgame,5,2025,2026,1
Ultimate Endgame,13,Ultimate Universe: Finale,1,2026,2026,0
Utopia,1,Dark X-Men: The Confession,1,2009,2009,0
Utopia,2,Dark Avengers/Uncanny X-Men: Utopia,1,2009,2009,0
Utopia,3,X-Men: Legacy,226,2008,2009,0
Utopia,4,X-Men: Legacy,227,2008,2009,0
Utopia,5,The Uncanny X-Men,513,1981,2009,0
Utopia,6,Dark X-Men: The Beginning,1,2009,2009,0
Utopia,7,Dark Avengers,7,2009,2009,0
Utopia,8,Dark X-Men: The Beginning,2,2009,2009,0
Utopia,9,The Uncanny X-Men,514,1981,2009,0
Utopia,10,Dark Avengers,8,2009,2009,0
Utopia,11,Dark X-Men: The Beginning,3,2009,2009,0
Utopia,12,Dark Avengers/Uncanny X-Men: Exodus,1,2009,2009,0
Utopia,13,Dark Reign: The List - X-Men,1,2009,2009,0
Venom Inc.,1,Amazing Spider-Man: Venom Inc. Alpha,1,2017,2018,0
Venom Inc.,2,The Amazing Spider-Man,792,2015,2018,0
Venom Inc.,3,Venom,159,2016,2018,1
Venom Inc.,4,The Amazing Spider-Man,793,2015,2018,0
Venom Inc.,5,Venom,160,2016,2018,1
Venom Inc.,6,Amazing Spider-Man: Venom Inc. Omega,1,2018,2018,0
Venom War,1,Carnage,8,2023,2024,1
Venom War,2,Venom,35,2021,2024,1
Venom War,3,Black Widow: Venomous,1,2024,2024,0
Venom War,4,Venom War: Carnage,1,2024,2024,0
Venom War,5,Venom War: Carnage,2,2024,2024,0
Venom War,6,Venom War: Carnage,3,2024,2024,0
Venom War,7,Venom War: Venomous,1,2024,2024,0
Venom War,8,Venom War: Spider-Man,1,2024,2024,0
Venom War,9,Venom War: Spider-Man,2,2024,2024,0
Venom War,10,Venom War,1,2024,2024,1
Venom War,11,Venom War: Wolverine,1,2024,2024,0
Venom War,12,Venom War: Wolverine,2,2024,2024,0
Venom War,13,Venom War: Wolverine,3,2024,2024,0
Venom War,14,Venom,36,2021,2024,1
Venom War,15,Venom War: Zombiotes,1,2024,2024,0
Venom War,16,Venom War: Zombiotes,2,2024,2024,0
Venom War,17,Venom War: Zombiotes,3,2024,2024,0
Venom War,18,Venom War: Daredevil,1,2024,2024,0
Venom War,19,Venom War,2,2024,2024,1
Venom War,20,Venom,37,2021,2024,1
Venom War,21,Venom War: Venomous,2,2024,2024,0
Venom War,22,Venom War: Lethal Protectors,1,2024,2024,0
Venom War,23,Venom War: Lethal Protectors,2,2024,2024,0
Venom War,24,Venom War: Lethal Protectors,3,2024,2024,0
Venom War,25,Venom War,3,2024,2024,1
Venom War,26,Venom War: Fantastic Four,1,2024,2024,0
Venom War,27,Venom War: Spider-Man,3,2024,2024,0
Venom War,28,Venom,38,2021,2024,1
Venom War,29,Venom War: Venomous,3,2024,2024,0
Venom War,30,Venom War,4,2024,2024,0
Venom War,31,Venom,39,2021,2024,1
Venom War,32,Venom War: Spider-Man,4,2024,2024,0
Venom War,33,Venom War: Deadpool,1,2024,2024,0
Venom War,34,Venom War: Deadpool,2,2024,2024,0
Venom War,35,Venom War: Deadpool,3,2024,2024,0
Venom War,36,Venom War,5,2024,2024,1
Venomverse,1,Venomverse: War Stories,1,2017,2017,0
Venomverse,2,Edge of Venomverse,1,2017,2017,0
Venomverse,3,Edge of Venomverse,2,2017,2017,0
Venomverse,4,Edge of Venomverse,3,2017,2017,0
Venomverse,5,Edge of Venomverse,4,2017,2017,0
Venomverse,6,Edge of Venomverse,5,2017,2017,0
Venomverse,7,Venomverse,1,2017,2017,0
Venomverse,8,Venomverse,2,2017,2017,0
Venomverse,9,Venomverse,3,2017,2017,0
Venomverse,10,Venomverse,4,2017,2017,0
Venomverse,11,Venomverse,5,2017,2017,0
Venomverse,12,X-Men Blue Annual,1,2018,2018,0
Venomverse,13,X-Men: Blue,21,2017,2018,0
Venomverse,14,Venom,162,2016,2018,0
Venomverse,15,X-Men: Blue,22,2017,2018,0
Venomverse,16,Venom,163,2016,2018,0
Venomverse,17,Venomized,1,2018,2018,0
Venomverse,18,Venomized,2,2018,2018,0
Venomverse,19,Venomized,3,2018,2018,0
Venomverse,20,Venomized,4,2018,2018,0
Venomverse,21,Venomized,5,2018,2018,0
War of Kings,1,Guardians of the Galaxy,7,2008,2009,1
War of Kings,2,Guardians of the Galaxy,8,2008,2009,1
War of Kings,3,Guardians of the Galaxy,9,2008,2009,1
War of Kings,4,Guardians of the Galaxy,10,2008,2009,1
War of Kings,5,Guardians of the Galaxy,11,2008,2009,1
War of Kings,6,Guardians of the Galaxy,12,2008,2009,1
War of Kings,7,Secret Invasion: Inhumans,1,2008,2008,0
War of Kings,8,Secret Invasion: Inhumans,2,2008,2008,0
War of Kings,9,Secret Invasion: Inhumans,3,2008,2008,0
War of Kings,10,Secret Invasion: Inhumans,4,2008,2009,0
War of Kings,11,The Uncanny X-Men,475,1981,2006,0
War of Kings,12,The Uncanny X-Men,476,1981,2006,0
War of Kings,13,The Uncanny X-Men,477,1981,2006,0
War of Kings,14,The Uncanny X-Men,478,1981,2006,0
War of Kings,15,The Uncanny X-Men,479,1981,2006,0
War of Kings,16,The Uncanny X-Men,480,1981,2007,0
War of Kings,17,The Uncanny X-Men,481,1981,2007,0
War of Kings,18,The Uncanny X-Men,482,1981,2007,0
War of Kings,19,The Uncanny X-Men,483,1981,2007,0
War of Kings,20,The Uncanny X-Men,484,1981,2007,0
War of Kings,21,The Uncanny X-Men,485,1981,2007,0
War of Kings,22,The Uncanny X-Men,486,1981,2007,0
War of Kings,23,X-Men: Emperor Vulcan,1,2007,2007,0
War of Kings,24,X-Men: Emperor Vulcan,2,2007,2007,0
War of Kings,25,X-Men: Emperor Vulcan,3,2007,2008,0
War of Kings,26,X-Men: Emperor Vulcan,4,2007,2008,0
War of Kings,27,X-Men: Emperor Vulcan,5,2007,2008,0
War of Kings,28,War of Kings Saga,1,2009,2009,0
War of Kings,29,Secret Invasion: War Of Kings,1,2009,2009,0
War of Kings,30,X-Men: Kingbreaker,1,2009,2009,0
War of Kings,31,X-Men: Kingbreaker,2,2009,2009,0
War of Kings,32,X-Men: Kingbreaker,3,2009,2009,0
War of Kings,33,X-Men: Kingbreaker,4,2009,2009,0
War of Kings,34,War of Kings: Warriors,1,2009,2009,0
War of Kings,35,War of Kings: Warriors,2,2009,2009,0
War of Kings,36,War of Kings: Darkhawk,1,2009,2009,0
War of Kings,37,War of Kings: Darkhawk,2,2009,2009,0
War of Kings,38,Nova,22,2007,2009,1
War of Kings,39,Nova,23,2007,2009,0
War of Kings,40,War of Kings,1,2009,2009,0
War of Kings,41,Nova,24,2007,2009,0
War of Kings,42,War of Kings,2,2009,2009,0
War of Kings,43,Guardians of the Galaxy,13,2008,2009,1
War of Kings,44,Guardians of the Galaxy,14,2008,2009,1
War of Kings,45,War of Kings,3,2009,2009,0
War of Kings,46,Guardians of the Galaxy,15,2008,2009,1
War of Kings,47,War of Kings: Ascension,1,2009,2009,0
War of Kings,48,War of Kings: Ascension,2,2009,2009,0
War of Kings,49,Nova,25,2007,2009,0
War of Kings,50,Nova,26,2007,2009,0
War of Kings,51,War of Kings,4,2009,2009,0
War of Kings,52,War of Kings: Ascension,3,2009,2009,0
War of Kings,53,War of Kings,5,2009,2009,0
War of Kings,54,War of Kings: Ascension,4,2009,2009,0
War of Kings,55,Guardians of the Galaxy,16,2008,2009,1
War of Kings,56,War of Kings,6,2009,2009,0
War of Kings,57,Guardians of the Galaxy,17,2008,2009,1
War of Kings,58,Nova,27,2007,2009,0
War of Kings,59,Nova,28,2007,2009,0
War of Kings,60,War of Kings: Who Will Rule?,1,2009,2009,0
War of Kings,61,Guardians of the Galaxy,18,2008,2009,1
War of Kings,62,Guardians of the Galaxy,19,2008,2009,0
War of Kings,63,Nova,29,2007,2009,0
War of Kings,64,Nova,30,2007,2009,0
War of Kings,65,Nova,31,2007,2010,0
War of the Green Lanterns,1,Green Lantern: Emerald Warriors,7,2010,2011,0
War of the Green Lanterns,2,Green Lantern,63,2005,2011,0
War of the Green Lanterns,3,Green Lantern,64,2005,2011,0
War of the Green Lanterns,4,Green Lantern Corps,58,2006,2011,0
War of the Green Lanterns,5,Green Lantern: Emerald Warriors,8,2010,2011,0
War of the Green Lanterns,6,Green Lantern,65,2005,2011,0
War of the Green Lanterns,7,Green Lantern Corps,59,2006,2011,0
War of the Green Lanterns,8,Green Lantern: Emerald Warriors,9,2010,2011,0
War of the Green Lanterns,9,Green Lantern,66,2005,2011,0
War of the Green Lanterns,10,Green Lantern Corps,60,2006,2011,0
War of the Green Lanterns,11,Green Lantern: Emerald Warriors,10,2010,2011,0
War of the Green Lanterns,12,Green Lantern,67,2005,2011,0
War of the Green Lanterns,13,War of the Green Lanterns: Aftermath,1,2011,2011,0
War of the Green Lanterns,14,War of the Green Lanterns: Aftermath,2,2011,2011,0
War of the Realms,1,Tony Stark: Iron Man,12,2018,2019,0
War of the Realms,2,Tony Stark: Iron Man,13,2018,2019,0
War of the Realms,3,War of the Realms,1,2019,2019,0
War of the Realms,4,War of the Realms: Punisher,1,2019,2019,0
War of the Realms,5,War of the Realms: Punisher,2,2019,2019,0
War of the Realms,6,War of the Realms: Punisher,3,2019,2019,0
War of the Realms,7,War of the Realms: Journey Into Mystery,1,2019,2019,0
War of the Realms,8,The Unbeatable Squirrel Girl,43,2015,2019,0
War of the Realms,9,Asgardians of the Galaxy,8,2018,2019,1
War of the Realms,10,Fantastic Four,10,2018,2019,1
War of the Realms,11,Venom,13,2018,2019,1
War of the Realms,12,Venom,14,2018,2019,1
War of the Realms,13,Venom,15,2018,2019,1
War of the Realms,14,Thor,12,2018,2019,1
War of the Realms,15,War of the Realms,2,2019,2019,0
War of the Realms,16,Asgardians of the Galaxy,9,2018,2019,1
War of the Realms,17,Avengers,18,2018,2019,1
War of the Realms,18,Avengers,19,2018,2019,1
War of the Realms,19,War of the Realms: Uncanny X-Men,1,2019,2019,0
War of the Realms,20,Giant-Man,1,2019,2019,0
War of the Realms,21,Giant-Man,2,2019,2019,0
War of the Realms,22,Giant-Man,3,2019,2019,0
War of the Realms,23,War of the Realms,3,2019,2019,0
War of the Realms,24,War of the Realms Strikeforce: The Dark Elf Realm,1,2019,2019,0
War of the Realms,25,War of the Realms Strikeforce: The War Avengers,1,2019,2019,0
War of the Realms,26,War of the Realms Strikeforce: The Land of Giants,1,2019,2019,0
War of the Realms,27,Superior Spider-Man,7,2018,2019,0
War of the Realms,28,Superior Spider-Man,8,2018,2019,0
War of the Realms,29,Moon Girl and Devil Dinosaur,43,2015,2019,0
War of the Realms,30,War of the Realms: Journey Into Mystery,2,2019,2019,0
War of the Realms,31,War of the Realms: Journey Into Mystery,3,2019,2019,0
War of the Realms,32,War of the Realms: Journey Into Mystery,4,2019,2019,0
War of the Realms,33,War of the Realms: New Agents of Atlas,1,2019,2019,0
War of the Realms,34,War of the Realms: New Agents of Atlas,2,2019,2019,0
War of the Realms,35,Champions,5,2019,2019,1
War of the Realms,36,The Unbeatable Squirrel Girl,44,2015,2019,0
War of the Realms,37,The Unbeatable Squirrel Girl,45,2015,2019,0
War of the Realms,38,The Unbeatable Squirrel Girl,46,2015,2019,0
War of the Realms,39,War of the Realms,4,2019,2019,0
War of the Realms,40,Thor,13,2018,2019,1
War of the Realms,41,War of the Realms: Uncanny X-Men,2,2019,2019,0
War of the Realms,42,War of the Realms: Uncanny X-Men,3,2019,2019,0
War of the Realms,43,War of the Realms,5,2019,2019,0
War of the Realms,44,War of the Realms: War Scrolls,1,2019,2019,0
War of the Realms,45,War of the Realms: War Scrolls,2,2019,2019,0
War of the Realms,46,War of the Realms: War Scrolls,3,2019,2019,0
War of the Realms,47,War of the Realms: Journey Into Mystery,5,2019,2019,0
War of the Realms,48,Champions,6,2019,2019,1
War of the Realms,49,Deadpool,13,2018,2019,1
War of the Realms,50,Deadpool,14,2018,2019,1
War of the Realms,51,War of the Realms: New Agents of Atlas,3,2019,2019,0
War of the Realms,52,War of the Realms: New Agents of Atlas,4,2019,2019,0
War of the Realms,53,War of the Realms: Spider-Man & the League of Realms,1,2019,2019,0
War of the Realms,54,War of the Realms: Spider-Man & the League of Realms,2,2019,2019,0
War of the Realms,55,War of the Realms: Spider-Man & the League of Realms,3,2019,2019,0
War of the Realms,56,Captain Marvel,6,2019,2019,1
War of the Realms,57,Captain Marvel,7,2019,2019,1
War of the Realms,58,Avengers,20,2018,2019,1
War of the Realms,59,Asgardians of the Galaxy,10,2018,2019,1
War of the Realms,60,War of the Realms,6,2019,2019,0
War of the Realms,61,Thor,14,2018,2019,1
War of the Realms,62,Thor,15,2018,2019,1
War of the Realms,63,Loki,1,2019,2019,0
War of the Realms,64,Valkyrie: Jane Foster,1,2019,2019,0
War of the Realms,65,Punisher Kill Krew,1,2019,2019,0
War of the Realms,66,War of the Realms Omega,1,2019,2019,0
We Are Yesterday,1,Batman/Superman: World's Finest,38,2022,2025,1
We Are Yesterday,2,Justice League Unlimited,6,2024,2025,1
We Are Yesterday,3,Batman/Superman: World's Finest 2025 Annual,1,2025,2025,1
We Are Yesterday,4,Batman/Superman: World's Finest,39,2022,2025,1
We Are Yesterday,5,Justice League Unlimited,7,2024,2025,1
We Are Yesterday,6,Justice League Unlimited,8,2024,2025,1
Wolverine Goes to Hell,1,Daken: Dark Wolverine,1,2010,2010,0
Wolverine Goes to Hell,2,Daken: Dark Wolverine,2,2010,2010,0
Wolverine Goes to Hell,3,Daken: Dark Wolverine,3,2010,2011,0
Wolverine Goes to Hell,4,Wolverine,1,2010,2010,1
Wolverine Goes to Hell,5,Wolverine,2,2010,2010,1
Wolverine Goes to Hell,6,X-23,1,2010,2010,0
Wolverine Goes to Hell,7,X-23,2,2010,2010,0
Wolverine Goes to Hell,8,X-23,3,2010,2011,0
Wolverine Goes to Hell,9,Wolverine,3,2010,2011,1
Wolverine Goes to Hell,10,Wolverine,4,2010,2011,1
Wolverine Goes to Hell,11,Wolverine,5,2010,2011,1
Wolverine Goes to Hell,12,Wolverine,6,2010,2011,1
Wolverine Goes to Hell,13,Wolverine,7,2010,2011,1
Wolverine Goes to Hell,14,Wolverine,8,2010,2011,1
World War Hulk,1,Incredible Hulk,106,2000,2007,0
World War Hulk,2,World War Hulk Prologue: World Breaker,1,2007,2007,0
World War Hulk,3,World War Hulk,1,2007,2007,0
World War Hulk,4,Iron Man,19,2004,2007,1
World War Hulk,5,Heroes for Hire,11,2006,2007,0
World War Hulk,6,Heroes for Hire,12,2006,2007,0
World War Hulk,7,Heroes for Hire,13,2006,2007,0
World War Hulk,8,The Irredeemable Ant-Man,10,2006,2007,0
World War Hulk,9,Ghost Rider,12,2006,2007,1
World War Hulk,10,Ghost Rider,13,2006,2007,1
World War Hulk,11,World War Hulk: Front Line,1,2007,2007,0
World War Hulk,12,World War Hulk: Gamma Corps,1,2007,2007,0
World War Hulk,13,World War Hulk: Gamma Corps,2,2007,2007,0
World War Hulk,14,World War Hulk: Gamma Corps,3,2007,2007,0
World War Hulk,15,World War Hulk: Gamma Corps,4,2007,2008,0
World War Hulk,16,Iron Man,20,2004,2007,1
World War Hulk,17,World War Hulk: X-Men,1,2007,2007,0
World War Hulk,18,World War Hulk: X-Men,2,2007,2007,0
World War Hulk,19,World War Hulk: X-Men,3,2007,2007,0
World War Hulk,20,World War Hulk,2,2007,2007,0
World War Hulk,21,Incredible Hulk,107,2000,2007,0
World War Hulk,22,Incredible Hulk,108,2000,2007,0
World War Hulk,23,World War Hulk: Front Line,2,2007,2007,0
World War Hulk,24,Punisher War Journal,12,2007,2007,0
World War Hulk,25,Avengers: The Initiative,4,2007,2007,0
World War Hulk,26,Avengers: The Initiative,5,2007,2007,0
World War Hulk,27,World War Hulk: Front Line,3,2007,2007,0
World War Hulk,28,World War Hulk,3,2007,2007,0
World War Hulk,29,Incredible Hulk,109,2000,2007,0
World War Hulk,30,Incredible Hulk,110,2000,2007,0
World War Hulk,31,Heroes for Hire,14,2006,2007,0
World War Hulk,32,Heroes for Hire,15,2006,2007,0
World War Hulk,33,World War Hulk,4,2007,2007,0
World War Hulk,34,World War Hulk: Front Line,4,2007,2007,0
World War Hulk,35,World War Hulk: Front Line,5,2007,2007,0
World War Hulk,36,World War Hulk,5,2007,2008,0
World War Hulk,37,Incredible Hulk,111,2000,2007,0
World War Hulk,38,World War Hulk: Front Line,6,2007,2007,0
World War Hulk,39,What If? Planet Hulk,1,2007,2007,0
World War Hulk,40,World War Hulk: Aftersmash,1,2008,2008,0
World War Hulk,41,Incredible Hulk,112,2000,2008,0
World War Hulk,42,Incredible Hercules,113,2008,2008,0
World War Hulk,43,Incredible Hercules,114,2008,2008,0
World War Hulk,44,Incredible Hercules,115,2008,2008,0
World War Hulk,45,World War Hulk Aftersmash: Damage Control,1,2008,2008,0
World War Hulk,46,World War Hulk Aftersmash: Damage Control,2,2008,2008,0
World War Hulk,47,World War Hulk Aftersmash: Damage Control,3,2008,2008,0
World War Hulk,48,World War Hulk Aftersmash: Warbound,1,2008,2008,0
World War Hulk,49,World War Hulk Aftersmash: Warbound,2,2008,2008,0
World War Hulk,50,World War Hulk Aftersmash: Warbound,3,2008,2008,0
World War Hulk,51,World War Hulk Aftersmash: Warbound,4,2008,2008,0
World War Hulk,52,World War Hulk Aftersmash: Warbound,5,2008,2008,0
World War Hulks,1,World War Hulks,1,2010,2010,0
World War Hulks,2,Hulked-Out Heroes,1,2010,2010,0
World War Hulks,3,Hulked-Out Heroes,2,2010,2010,0
World War Hulks,4,World War Hulks: Spider-Man vs. Thor,1,2010,2010,0
World War Hulks,5,World War Hulks: Spider-Man vs. Thor,2,2010,2010,0
World War Hulks,6,World War Hulks: Captain America vs. Wolverine,1,2010,2010,0
World War Hulks,7,World War Hulks: Captain America vs. Wolverine,2,2010,2010,0
World War Hulks,8,Hulk,22,2008,2010,0
World War Hulks,9,Incredible Hulk,609,2009,2010,0
World War Hulks,10,Incredible Hulk,610,2009,2010,0
World War Hulks,11,Hulk,23,2008,2010,0
World War Hulks,12,Incredible Hulk,611,2009,2010,0
World War Hulks,13,Hulk,24,2008,2010,0
World War III,1,52/WW III,1,2007,2007,0
World War III,2,52/WW III,2,2007,2007,0
World War III,3,52/WW III,3,2007,2007,0
World War III,4,52/WW III,4,2007,2007,0
World Without Young Justice,1,Young Justice,44,1998,2002,0
World Without Young Justice,2,Impulse,85,1995,2002,0
World Without Young Justice,3,Robin,101,1993,2002,0
World Without Young Justice,4,Superboy,99,1994,2002,0
World Without Young Justice,5,Young Justice,45,1998,2002,0
Worldwide,1,The Amazing Spider-Man,1,2015,2015,1
Worldwide,2,Uncanny Avengers,1,2015,2015,1
Worldwide,3,The Amazing Spider-Man,2,2015,2015,1
Worldwide,4,The Amazing Spider-Man,3,2015,2016,1
Worldwide,5,Spider-Woman,1,2015,2016,1
Worldwide,6,Spider-Man,1,2016,2016,1
Worldwide,7,Spider-Man,2,2016,2016,1
Worldwide,8,The Amazing Spider-Man,1.1,2015,2016,0
Worldwide,9,The Amazing Spider-Man,1.2,2015,2016,0
Worldwide,10,The Amazing Spider-Man,1.3,2015,2016,0
Worldwide,11,The Amazing Spider-Man,1.4,2015,2016,0
Worldwide,12,The Amazing Spider-Man,1.5,2015,2016,0
Worldwide,13,The Amazing Spider-Man,1.6,2015,2016,0
Worldwide,14,Spider-Man 2099,1,2015,2015,0
Worldwide,15,Spider-Man 2099,2,2015,2015,0
Worldwide,16,Spider-Man 2099,3,2015,2016,0
Worldwide,17,Silk,1,2015,2016,1
Worldwide,18,Silk,2,2015,2016,1
Worldwide,19,Amazing Spider-Man & Silk: Spider(Fly) Effect Infinite Comic,1,2016,2016,0
Worldwide,20,Amazing Spider-Man & Silk: Spider(Fly) Effect Infinite Comic,2,2016,2016,0
Worldwide,21,Amazing Spider-Man & Silk: Spider(Fly) Effect Infinite Comic,3,2016,2016,0
Worldwide,22,Amazing Spider-Man & Silk: Spider(Fly) Effect Infinite Comic,4,2016,2016,0
Worldwide,23,Amazing Spider-Man & Silk: Spider(Fly) Effect Infinite Comic,5,2016,2016,0
Worldwide,24,Amazing Spider-Man & Silk: Spider(Fly) Effect Infinite Comic,6,2016,2016,0
Worldwide,25,Amazing Spider-Man & Silk: Spider(Fly) Effect Infinite Comic,7,2016,2016,0
Worldwide,26,Amazing Spider-Man & Silk: Spider(Fly) Effect Infinite Comic,8,2016,2016,0
Worldwide,27,Silk,3,2015,2016,1
Worldwide,28,Silk,4,2015,2016,1
Worldwide,29,Silk,5,2015,2016,1
Worldwide,30,Silk,6,2015,2016,0
Worldwide,31,The Amazing Spider-Man,4,2015,2016,1
Worldwide,32,The Amazing Spider-Man,5,2015,2016,1
Worldwide,33,Spider-Man/Deadpool,1,2016,2016,0
Worldwide,34,Spider-Man/Deadpool,2,2016,2016,0
Worldwide,35,Spider-Man/Deadpool,3,2016,2016,0
Worldwide,36,Spider-Man/Deadpool,4,2016,2016,0
Worldwide,37,Spider-Man/Deadpool,5,2016,2016,0
Worldwide,38,Spider-Man 2099,6,2015,2016,0
Worldwide,39,Spider-Man 2099,7,2015,2016,0
Worldwide,40,Spider-Man 2099,8,2015,2016,0
Worldwide,41,The Amazing Spider-Man,6,2015,2016,1
Worldwide,42,The Amazing Spider-Man,7,2015,2016,1
Worldwide,43,The Amazing Spider-Man,8,2015,2016,1
Worldwide,44,All-New Inhumans,5,2015,2016,0
Worldwide,45,All-New Inhumans,6,2015,2016,0
Worldwide,46,Agents of S.H.I.E.L.D.,5,2016,2016,0
Worldwide,47,Invincible Iron Man,7,2015,2016,0
Worldwide,48,Invincible Iron Man,8,2015,2016,0
Worldwide,49,Invincible Iron Man,9,2015,2016,0
Worldwide,50,Invincible Iron Man,10,2015,2016,1
Worldwide,51,Invincible Iron Man,11,2015,2016,0
Worldwide,52,The Amazing Spider-Man,9,2015,2016,1
Worldwide,53,The Amazing Spider-Man,10,2015,2016,1
Worldwide,54,The Amazing Spider-Man,11,2015,2016,1
Worldwide,55,Spider-Man/Deadpool,6,2016,2016,1
Worldwide,56,Spider-Man/Deadpool,7,2016,2016,1
Worldwide,57,Spider-Man/Deadpool,8,2016,2016,1
Worldwide,58,Spider-Man/Deadpool,9,2016,2016,1
Worldwide,59,The Amazing Spider-Man,12,2015,2016,1
Worldwide,60,The Amazing Spider-Man,13,2015,2016,1
Worldwide,61,The Amazing Spider-Man,14,2015,2016,1
Worldwide,62,The Amazing Spider-Man,15,2015,2016,1
Worldwide,63,Spider-Man/Deadpool,10,2016,2016,1
Worldwide,64,Spider-Man/Deadpool,11,2016,2017,1
Worldwide,65,Spider-Man/Deadpool,12,2016,2017,1
Worldwide,66,Spider-Man/Deadpool,13,2016,2017,1
Worldwide,67,Spider-Man/Deadpool,14,2016,2017,1
Worldwide,68,Avengers,1,2018,2018,1
Worldwide,69,Avengers,2,2018,2018,1
Worldwide,70,Avengers,3,2018,2018,1
Worldwide,71,Avengers,4,2018,2018,1
Worldwide,72,Avengers,5,2018,2018,1
Worldwide,73,Avengers,6,2018,2018,1
Worldwide,74,Deadpool,28,2015,2017,0
Worldwide,75,Spider-Man/Deadpool,15,2016,2017,1
Worldwide,76,Deadpool & The Mercs For Money,9,2016,2017,0
Worldwide,77,Spider-Man/Deadpool,16,2016,2017,1
Worldwide,78,Deadpool & The Mercs For Money,10,2016,2017,0
Worldwide,79,Deadpool,29,2015,2017,0
Worldwide,80,Spider-Man/Deadpool,17,2016,2017,1
Worldwide,81,Spider-Man/Deadpool,18,2016,2017,1
Worldwide,82,Spider-Man/Deadpool,19,2016,2017,1
Worldwide,83,The Amazing Spider-Man,25,2015,2017,1
Worldwide,84,The Amazing Spider-Man,26,2015,2017,1
Worldwide,85,The Amazing Spider-Man,27,2015,2017,1
Worldwide,86,The Amazing Spider-Man,28,2015,2017,1
Worldwide,87,Peter Parker: The Spectacular Spider-Man,1,2017,2017,0
Worldwide,88,Peter Parker: The Spectacular Spider-Man,2,2017,2017,0
Worldwide,89,Peter Parker: The Spectacular Spider-Man,3,2017,2017,0
Worldwide,90,Peter Parker: The Spectacular Spider-Man,4,2017,2017,0
Worldwide,91,Peter Parker: The Spectacular Spider-Man,5,2017,2017,0
Worldwide,92,Spider-Man/Deadpool,20,2016,2017,1
Worldwide,93,Spider-Man/Deadpool,21,2016,2017,0
Worldwide,94,Spider-Man/Deadpool,22,2016,2017,0
Wrath of the First Lantern,1,Green Lantern,17,2011,2013,0
Wrath of the First Lantern,2,Green Lantern Corps,17,2011,2013,0
Wrath of the First Lantern,3,Green Lantern: New Guardians,17,2011,2013,0
Wrath of the First Lantern,4,Red Lanterns,17,2011,2013,0
Wrath of the First Lantern,5,Green Lantern,18,2011,2013,0
Wrath of the First Lantern,6,Green Lantern Corps,18,2011,2013,0
Wrath of the First Lantern,7,Green Lantern: New Guardians,18,2011,2013,0
Wrath of the First Lantern,8,Red Lanterns,18,2011,2013,0
Wrath of the First Lantern,9,Green Lantern,19,2011,2013,1
Wrath of the First Lantern,10,Green Lantern Corps,19,2011,2013,0
Wrath of the First Lantern,11,Green Lantern: New Guardians,19,2011,2013,0
Wrath of the First Lantern,12,Red Lanterns,19,2011,2013,0
Wrath of the First Lantern,13,Green Lantern,20,2011,2013,1
Wrath of the First Lantern,14,Green Lantern Corps,20,2011,2013,0
Wrath of the First Lantern,15,Green Lantern: New Guardians,20,2011,2013,0
Wrath of the First Lantern,16,Red Lanterns,20,2011,2013,0
X-Manhunt,1,Uncanny X-Men,11,2024,2025,1
X-Manhunt,2,NYX,9,2024,2025,0
X-Manhunt,3,Storm,6,2024,2025,0
X-Manhunt,4,X-Men,13,2024,2025,1
X-Manhunt,5,X-Factor,8,2024,2025,1
X-Manhunt,6,X-Force,9,2024,2025,1
X-Manhunt,7,Exceptional X-Men,7,2024,2025,0
X-Manhunt,8,X-Manhunt Omega,1,2025,2025,0
X-Men Divided We Stand,1,The Uncanny X-Men,495,1981,2008,0
X-Men Divided We Stand,2,The Uncanny X-Men,496,1981,2008,0
X-Men Divided We Stand,3,The Uncanny X-Men,497,1981,2008,0
X-Men Divided We Stand,4,The Uncanny X-Men,498,1981,2008,0
X-Men Divided We Stand,5,The Uncanny X-Men,499,1981,2008,0
X-Men Divided We Stand,6,X-Men: Legacy,208,2008,2008,1
X-Men Divided We Stand,7,X-Men: Legacy,209,2008,2008,0
X-Men Divided We Stand,8,X-Men: Legacy,210,2008,2008,0
X-Men Divided We Stand,9,X-Men: Legacy,211,2008,2008,0
X-Men Divided We Stand,10,X-Men: Legacy,212,2008,2008,0
X-Men Divided We Stand,11,X-Men: Legacy,213,2008,2008,0
X-Men Divided We Stand,12,X-Men: Legacy,214,2008,2008,0
X-Men Divided We Stand,13,X-Factor,28,2006,2008,0
X-Men Divided We Stand,14,X-Factor,29,2006,2008,0
X-Men Divided We Stand,15,X-Factor,30,2006,2008,0
X-Men Divided We Stand,16,X-Factor,31,2006,2008,0
X-Men Divided We Stand,17,X-Factor,32,2006,2008,0
X-Men Divided We Stand,18,X-Force,1,2008,2008,1
X-Men Divided We Stand,19,X-Force,2,2008,2008,1
X-Men Divided We Stand,20,X-Force,3,2008,2008,1
X-Men Divided We Stand,21,X-Force,4,2008,2008,1
X-Men Divided We Stand,22,X-Force,5,2008,2008,1
X-Men Divided We Stand,23,X-Force,6,2008,2008,1
X-Men Divided We Stand,24,Wolverine,62,2003,2008,1
X-Men Divided We Stand,25,Wolverine,63,2003,2008,1
X-Men Divided We Stand,26,Wolverine,64,2003,2008,1
X-Men Divided We Stand,27,Wolverine,65,2003,2008,0
X-Men Divided We Stand,28,Cable,1,2008,2008,1
X-Men Divided We Stand,29,Cable,2,2008,2008,1
X-Men Divided We Stand,30,Cable,3,2008,2008,0
X-Men Divided We Stand,31,Cable,4,2008,2008,0
X-Men Divided We Stand,32,Cable,5,2008,2008,0
X-Men Divided We Stand,33,King-Size Cable Spectacular,1,2008,2008,0
X-Men Divided We Stand,34,X-Men: Divided We Stand,1,2008,2008,0
X-Men Divided We Stand,35,X-Men: Divided We Stand,2,2008,2008,0
X-Men Divided We Stand,36,Young X-Men,1,2008,2008,0
X-Men Divided We Stand,37,Young X-Men,2,2008,2008,0
X-Men Divided We Stand,38,Young X-Men,3,2008,2008,0
X-Men Divided We Stand,39,Young X-Men,4,2008,2008,0
X-Men Divided We Stand,40,Young X-Men,5,2008,2008,0
X-Men Endangered Species,1,X-Men: Endangered Species,1,2008,2008,0
X-Men Endangered Species,2,X-Men,200,2004,2007,0
X-Men Endangered Species,3,The Uncanny X-Men,488,1981,2007,0
X-Men Endangered Species,4,X-Factor,21,2006,2007,0
X-Men Endangered Species,5,New X-Men,40,2004,2007,0
X-Men Endangered Species,6,X-Men,201,2004,2007,1
X-Men Endangered Species,7,The Uncanny X-Men,489,1981,2007,0
X-Men Endangered Species,8,X-Factor,22,2006,2007,0
X-Men Endangered Species,9,New X-Men,41,2004,2007,0
X-Men Endangered Species,10,X-Men,202,2004,2007,0
X-Men Endangered Species,11,The Uncanny X-Men,490,1981,2007,0
X-Men Endangered Species,12,X-Factor,23,2006,2007,0
X-Men Endangered Species,13,New X-Men,42,2004,2007,0
X-Men Endangered Species,14,X-Men,203,2004,2007,0
X-Men Endangered Species,15,The Uncanny X-Men,491,1981,2007,0
X-Men Endangered Species,16,X-Factor,24,2006,2007,0
X-Men Endangered Species,17,X-Men,204,2004,2007,1
X-Men Manifest Destiny,1,Astonishing X-Men,25,2004,2008,1
X-Men Manifest Destiny,2,Astonishing X-Men,26,2004,2008,1
X-Men Manifest Destiny,3,Astonishing X-Men,27,2004,2008,0
X-Men Manifest Destiny,4,Astonishing X-Men,28,2004,2009,1
X-Men Manifest Destiny,5,Astonishing X-Men,29,2004,2009,1
X-Men Manifest Destiny,6,Astonishing X-Men,30,2004,2009,0
X-Men Manifest Destiny,7,The Uncanny X-Men,500,1981,2008,0
X-Men Manifest Destiny,8,The Uncanny X-Men,501,1981,2008,0
X-Men Manifest Destiny,9,The Uncanny X-Men,502,1981,2008,0
X-Men Manifest Destiny,10,The Uncanny X-Men,503,1981,2008,0
X-Men Manifest Destiny,11,Cable,6,2008,2008,0
X-Men Manifest Destiny,12,X-Men: Legacy,215,2008,2008,0
X-Men Manifest Destiny,13,X-Men: Legacy,216,2008,2008,0
X-Men Manifest Destiny,14,X-Men: Manifest Destiny,1,2008,2008,0
X-Men Manifest Destiny,15,Young X-Men,6,2008,2008,0
X-Men Manifest Destiny,16,Young X-Men,7,2008,2008,0
X-Men Manifest Destiny,17,Young X-Men,8,2008,2009,0
X-Men Manifest Destiny,18,Young X-Men,9,2008,2009,0
X-Men Manifest Destiny,19,X-Men: Manifest Destiny,2,2008,2008,0
X-Men Manifest Destiny,20,Wolverine: Manifest Destiny,1,2008,2008,0
X-Men Manifest Destiny,21,Wolverine: Manifest Destiny,2,2008,2009,0
X-Men Manifest Destiny,22,Wolverine: Manifest Destiny,3,2008,2009,0
X-Men Manifest Destiny,23,Wolverine: Manifest Destiny,4,2008,2009,0
X-Men Manifest Destiny,24,X-Men: Manifest Destiny,3,2008,2009,0
X-Men Manifest Destiny,25,X-Men: Manifest Destiny,4,2008,2009,0
X-Men Manifest Destiny,26,X-Men: Manifest Destiny,5,2008,2009,0
X-Men Manifest Destiny,27,Eternals,7,2008,2009,0
X-Men Manifest Destiny,28,Eternals,8,2008,2009,0
X-Men Manifest Destiny,29,Eternals,9,2008,2009,0
X-Men Manifest Destiny,30,X-Men: Manifest Destiny: Nightcrawler,1,2009,2009,0
X-Men Manifest Destiny,31,Runaways,10,2008,2009,0
X-Men Manifest Destiny,32,The Uncanny X-Men,504,1981,2009,0
X-Men Manifest Destiny,33,The Uncanny X-Men,505,1981,2009,0
X-Men Manifest Destiny,34,The Uncanny X-Men,506,1981,2009,0
X-Men Manifest Destiny,35,The Uncanny X-Men,507,1981,2009,0
X-Men Messiah Complex,1,X-Men: Messiah Complex,1,2007,2007,0
X-Men Messiah Complex,2,The Uncanny X-Men,492,1981,2008,0
X-Men Messiah Complex,3,X-Factor,25,2006,2008,0
X-Men Messiah Complex,4,New X-Men,44,2004,2008,0
X-Men Messiah Complex,5,X-Men,205,2004,2008,1
X-Men Messiah Complex,6,The Uncanny X-Men,493,1981,2008,0
X-Men Messiah Complex,7,X-Factor,26,2006,2008,0
X-Men Messiah Complex,8,New X-Men,45,2004,2008,0
X-Men Messiah Complex,9,X-Men,206,2004,2008,1
X-Men Messiah Complex,10,The Uncanny X-Men,494,1981,2008,0
X-Men Messiah Complex,11,X-Factor,27,2006,2008,0
X-Men Messiah Complex,12,New X-Men,46,2004,2008,0
X-Men Messiah Complex,13,X-Men,207,2004,2008,0
X-Men: Nation X,1,Deadpool,15,2008,2009,0
X-Men: Nation X,2,Deadpool,16,2008,2009,0
X-Men: Nation X,3,Deadpool,17,2008,2010,0
X-Men: Nation X,4,Deadpool,18,2008,2010,0
X-Men: Nation X,5,X-Men: Legacy Annual,1,2009,2009,0
X-Men: Nation X,6,X-Men: Legacy,228,2008,2009,0
X-Men: Nation X,7,X-Men: Legacy,229,2008,2010,0
X-Men: Nation X,8,X-Men: Legacy,230,2008,2010,1
X-Men: Nation X,9,The Uncanny X-Men,515,1981,2009,0
X-Men: Nation X,10,The Uncanny X-Men,516,1981,2009,0
X-Men: Nation X,11,The Uncanny X-Men,517,1981,2010,0
X-Men: Nation X,12,The Uncanny X-Men,518,1981,2010,0
X-Men: Nation X,13,The Uncanny X-Men,519,1981,2010,0
X-Men: Nation X,14,The Uncanny X-Men,520,1981,2010,0
X-Men: Nation X,15,The Uncanny X-Men,521,1981,2010,0
X-Men: Nation X,16,The Uncanny X-Men,522,1981,2010,0
X-Men: Nation X,17,Nation X: X-Factor,1,2010,2010,0
X-Men: Nation X,18,Nation X,1,2010,2010,0
X-Men: Nation X,19,Nation X,2,2010,2010,0
X-Men: Nation X,20,Nation X,3,2010,2010,0
X-Men: Nation X,21,Nation X,4,2010,2010,0
X-Men: Original Sin,1,Wolverine: Origins,28,2006,2008,0
X-Men: Original Sin,2,X-Men: Original Sin,1,2008,2008,0
X-Men: Original Sin,3,X-Men: Legacy,217,2008,2008,0
X-Men: Original Sin,4,Wolverine: Origins,29,2006,2008,1
X-Men: Original Sin,5,X-Men: Legacy,218,2008,2009,0
X-Men: Original Sin,6,Wolverine: Origins,30,2006,2009,1
X-Men: Regenesis,1,X-Men: Regenesis,1,2011,2011,0
X-Men: Regenesis,2,Generation Hope,12,2011,2011,0
X-Men: Regenesis,3,Wolverine,17,2010,2011,1
X-Men: Regenesis,4,Wolverine,18,2010,2012,1
X-Men: Regenesis,5,Wolverine,19,2010,2012,1
X-Men: Regenesis,6,X-Men: Legacy,259,2008,2012,0
X-Men: Regenesis,7,X-Men: Legacy,260,2008,2012,0
X-Men: Regenesis,8,The Uncanny X-Men,544,1981,2011,0
X-Men: Regenesis,9,Avengers Academy,22,2010,2012,0
X-Men: Regenesis,10,Magneto: Not A Hero,1,2012,2012,0
X-Men: Regenesis,11,Magneto: Not A Hero,2,2012,2012,0
X-Men: Regenesis,12,Magneto: Not A Hero,3,2012,2012,0
X-Men: Regenesis,13,Magneto: Not A Hero,4,2012,2012,0
X-Men: Regenesis,14,X-23,17,2010,2012,0
X-Men: Regenesis,15,X-23,18,2010,2012,0
X-Men: Regenesis,16,X-23,19,2010,2012,0
X-Men: Regenesis,17,Wolverine & the X-Men,1,2011,2011,1
X-Men: Regenesis,18,Wolverine & the X-Men,2,2011,2012,1
X-Men: Regenesis,19,Wolverine & the X-Men,3,2011,2012,1
X-Men: Regenesis,20,New Mutants,33,2009,2012,1
X-Men: Regenesis,21,New Mutants,34,2009,2012,0
X-Men: Regenesis,22,New Mutants,35,2009,2012,0
X-Men: Regenesis,23,New Mutants,36,2009,2012,0
X-Men: Regenesis,24,X-Men,20,2010,2012,1
X-Men: Regenesis,25,X-Men,21,2010,2012,1
X-Men: Regenesis,26,X-Men,22,2010,2012,1
X-Men: Regenesis,27,X-Men,23,2010,2012,1
X-Men: Regenesis,28,Generation Hope,13,2011,2012,0
X-Men: Regenesis,29,Generation Hope,14,2011,2012,0
X-Men: Regenesis,30,Generation Hope,15,2011,2012,0
X-Men: Regenesis,31,X-Club,1,2011,2012,0
X-Men: Regenesis,32,X-Club,2,2011,2012,0
X-Men: Regenesis,33,X-Club,3,2011,2012,0
X-Men: Regenesis,34,X-Club,4,2011,2012,0
X-Men: Regenesis,35,X-Club,5,2011,2012,0
X-Men: Regenesis,36,Uncanny X-Men,1,2011,2011,1
X-Men: Regenesis,37,Uncanny X-Men,2,2011,2012,1
X-Men: Regenesis,38,Uncanny X-Men,3,2011,2012,1
X-Men: Regenesis,39,Uncanny X-Men,4,2011,2012,1
X-Men: Regenesis,40,X-Men: Legacy,260.1,2008,2012,1
X-Men: Regenesis,41,Uncanny X-Force,19,2010,2012,0
X-Men: Regenesis,42,Wolverine & the X-Men,4,2011,2012,1
X-Men: Regenesis,43,Astonishing X-Men,44,2004,2012,1
X-Men: Regenesis,44,Astonishing X-Men,45,2004,2012,1
X-Men: Regenesis,45,Astonishing X-Men,46,2004,2012,1
X-Men: Regenesis,46,Astonishing X-Men,47,2004,2012,1
X-Men: Schism,1,X-Men: Prelude to Schism,1,2011,2011,0
X-Men: Schism,2,X-Men: Prelude to Schism,2,2011,2011,0
X-Men: Schism,3,X-Men: Prelude to Schism,3,2011,2011,0
X-Men: Schism,4,X-Men: Prelude to Schism,4,2011,2011,0
X-Men: Schism,5,X-Men: Schism,1,2011,2011,0
X-Men: Schism,6,X-Men: Schism,2,2011,2011,0
X-Men: Schism,7,X-Men: Schism,3,2011,2011,0
X-Men: Schism,8,Generation Hope,10,2011,2011,0
X-Men: Schism,9,Generation Hope,11,2011,2011,0
X-Men: Schism,10,X-Men: Schism,4,2011,2011,0
X-Men: Schism,11,X-Men: Schism,5,2011,2011,0
X-Men: Second Coming,1,X-Men: Second Coming,1,2010,2010,0
X-Men: Second Coming,2,The Uncanny X-Men,523,1981,2010,0
X-Men: Second Coming,3,New Mutants,12,2009,2010,0
X-Men: Second Coming,4,X-Men: Legacy,235,2008,2010,1
X-Men: Second Coming,5,X-Factor,204,2006,2010,0
X-Men: Second Coming,6,X-Force,26,2008,2010,1
X-Men: Second Coming,7,The Uncanny X-Men,524,1981,2010,0
X-Men: Second Coming,8,X-Men: Hellbound,1,2010,2010,0
X-Men: Second Coming,9,New Mutants,13,2009,2010,0
X-Men: Second Coming,10,X-Men: Blind Science,1,2010,2010,0
X-Men: Second Coming,11,X-Men: Legacy,236,2008,2010,1
X-Men: Second Coming,12,X-Factor,205,2006,2010,0
X-Men: Second Coming,13,X-Force,27,2008,2010,1
X-Men: Second Coming,14,The Uncanny X-Men,525,1981,2010,0
X-Men: Second Coming,15,X-Men: Hellbound,2,2010,2010,0
X-Men: Second Coming,16,New Mutants,14,2009,2010,0
X-Men: Second Coming,17,X-Men: Legacy,237,2008,2010,0
X-Men: Second Coming,18,X-Factor,206,2006,2010,0
X-Men: Second Coming,19,X-Force,28,2008,2010,1
X-Men: Second Coming,20,X-Men: Hellbound,3,2010,2010,0
X-Men: Second Coming,21,X-Men: Second Coming,2,2010,2010,0
X of Swords,1,X-Force,11,2020,2020,1
X of Swords,2,Cable,4,2020,2020,0
X of Swords,3,X-Force,12,2020,2020,0
X of Swords,4,Excalibur,12,2019,2020,0
X of Swords,5,X-Men,12,2019,2020,1
X of Swords,6,X of Swords: Creation,1,2020,2020,0
X of Swords,7,X-Factor,4,2020,2020,0
X of Swords,8,Wolverine,6,2020,2020,1
X of Swords,9,X-Force,13,2020,2020,0
X of Swords,10,Marauders,13,2019,2020,0
X of Swords,11,Hellions,5,2020,2020,0
X of Swords,12,New Mutants,13,2020,2020,0
X of Swords,13,Cable,5,2020,2020,0
X of Swords,14,Excalibur,13,2019,2020,0
X of Swords,15,X-Men,13,2019,2020,1
X of Swords,16,X of Swords: Stasis,1,2020,2020,0
X of Swords,17,X-Men,14,2019,2021,1
X of Swords,18,Marauders,14,2019,2021,0
X of Swords,19,Marauders,15,2019,2021,0
X of Swords,20,Excalibur,14,2019,2021,0
X of Swords,21,Wolverine,7,2020,2021,1
X of Swords,22,X-Force,14,2020,2021,0
X of Swords,23,Hellions,6,2020,2021,0
X of Swords,24,Cable,6,2020,2021,0
X of Swords,25,X-Men,15,2019,2021,1
X of Swords,26,Excalibur,15,2019,2021,0
X of Swords,27,X of Swords: Destruction,1,2020,2021,0
X of Swords,28,X-Factor,5,2020,2021,0
X of Swords,29,Hellions,7,2020,2021,0
X of Swords,30,Cable,7,2020,2021,1
X of Swords,31,Marauders,16,2019,2021,0
X of Swords,32,New Mutants,14,2020,2021,0
X of Swords,33,X-Force,15,2020,2021,0
X of Swords,34,Excalibur,16,2019,2021,0
X of Swords,35,X-Men,16,2019,2021,1
X-Termination,1,Age of Apocalypse,13,2012,2013,0
X-Termination,2,X-Treme X-Men,12,2012,2013,0
X-Termination,3,X-Termination,1,2013,2013,0
X-Termination,4,Astonishing X-Men,60,2004,2013,1
X-Termination,5,Age of Apocalypse,14,2012,2013,0
X-Termination,6,X-Treme X-Men,13,2012,2013,0
X-Termination,7,Astonishing X-Men,61,2004,2013,1
X-Termination,8,X-Termination,2,2013,2013,0
Year of the Villain: Hell Arisen,1,Year of the Villain: Hell Arisen,1,2019,2020,1
Year of the Villain: Hell Arisen,2,Year of the Villain: Hell Arisen,2,2019,2020,1
Year of the Villain: Hell Arisen,3,Year of the Villain: Hell Arisen,3,2019,2020,1
Year of the Villain: Hell Arisen,4,Year of the Villain: Hell Arisen,4,2019,2020,1
Year of the Villain,1,DC's Year of the Villain Special,1,2019,2019,1
Year of the Villain,2,Sinestro: Year of the Villain,1,2019,2019,1
Year of the Villain,3,Black Mask: Year of the Villain,1,2019,2019,1
Year of the Villain,4,Riddler: Year of the Villain,1,2019,2019,0
Year of the Villain,5,Lex Luthor: Year of the Villain,1,2019,2019,1
Year of the Villain,6,The Joker: Year of the Villain,1,2019,2019,1
Year of the Villain,7,Ocean Master: Year of the Villain,1,2019,2020,1
Year of the Villain,8,Black Adam: Year of the Villain,1,2019,2019,1
Year of the Villain,9,Year of the Villain: Hell Arisen,1,2019,2020,1
Year of the Villain,10,Year of the Villain: Hell Arisen,2,2019,2020,1
Year of the Villain,11,Year of the Villain: Hell Arisen,3,2019,2020,1
Year of the Villain,12,Year of the Villain: Hell Arisen,4,2019,2020,1
